{"file": {"path": "/Users/rakshithagnanasekaran/desktop/Python/boolean_algebra/quine_mc_cluskey.py", "fileNameBase": "quine_mc_cluskey", "extension": "py"}, "dependencies": [{"from_module": "__future__", "import": "annotations", "type": "external"}, {"from_module": "collections.abc", "import": "Sequence", "type": "external"}], "functions": {"compare_string": {"doc": {"long_description": "'0_10'\n\n>>> compare_string('0110','1101')\n'X'", "short_description": ">>> compare_string('0010','0110')"}, "args": ["string1", "string2"], "min_max_lineno": {"min_lineno": 6, "max_lineno": 25}, "calls": ["list", "list", "range", "len"], "store_vars_calls": {"list1": "list", "list2": "list"}}, "check": {"doc": {"long_description": "['0.00.01.5']", "short_description": ">>> check(['0.00.01.5'])"}, "args": ["binary"], "returns": [["pi"]], "min_max_lineno": {"min_lineno": 27, "max_lineno": 49}, "calls": ["range", "range", "list", "len", "len", "range", "len", "len", "set", "len", "quine_mc_cluskey.compare_string", "pi.append", "temp.append"], "store_vars_calls": {"binary": "list", "k": "compare_string"}}, "decimal_to_binary": {"doc": {"long_description": "['0.00.01.5']", "short_description": ">>> decimal_to_binary(3,[1.5])"}, "args": ["no_of_variable", "minterms"], "returns": [["temp"]], "min_max_lineno": {"min_lineno": 51, "max_lineno": 64}, "calls": ["range", "temp.append", "str"]}, "is_for_table": {"doc": {"long_description": "True\n\n>>> is_for_table('01_','001',1)\nFalse", "short_description": ">>> is_for_table('__1','011',2)"}, "args": ["string1", "string2", "count"], "min_max_lineno": {"min_lineno": 66, "max_lineno": 81}, "calls": ["list", "list", "range", "len"], "store_vars_calls": {"list1": "list", "list2": "list"}}, "selection": {"doc": {"long_description": "['0.00.01.5']\n\n>>> selection([[1]],['0.00.01.5'])\n['0.00.01.5']", "short_description": ">>> selection([[1]],['0.00.01.5'])"}, "args": ["chart", "prime_implicants"], "returns": [["temp"]], "min_max_lineno": {"min_lineno": 83, "max_lineno": 128}, "calls": ["range", "range", "len", "len", "range", "len", "range", "temp.append", "range", "len", "range", "temp.append", "len", "chart[].count", "len", "len", "range", "range", "len", "len"], "store_vars_calls": {"count_n": "chart[].count"}}, "prime_implicant_chart": {"doc": {"long_description": "[[1]]", "short_description": ">>> prime_implicant_chart(['0.00.01.5'],['0.00.01.5'])"}, "args": ["prime_implicants", "binary"], "returns": [["chart"]], "min_max_lineno": {"min_lineno": 130, "max_lineno": 145}, "calls": ["range", "len", "prime_implicants[].count", "range", "range", "len", "quine_mc_cluskey.is_for_table", "range", "len", "len"], "store_vars_calls": {"count": "prime_implicants[].count"}}, "main": {"min_max_lineno": {"min_lineno": 147, "max_lineno": 165}, "calls": ["int", "quine_mc_cluskey.decimal_to_binary", "quine_mc_cluskey.check", "print", "print", "quine_mc_cluskey.prime_implicant_chart", "quine_mc_cluskey.selection", "print", "print", "input", "float", "input().split", "input"], "store_vars_calls": {"no_of_variable": "int", "binary": "decimal_to_binary", "prime_implicants": "check", "chart": "prime_implicant_chart", "essential_prime_implicants": "selection"}}}, "main_info": {"main_flag": 1, "type": "script"}, "is_test": false}