{"file": {"path": "/Users/rakshithagnanasekaran/desktop/Python/dynamic_programming/abbreviation.py", "fileNameBase": "abbreviation", "extension": "py", "doc": {"long_description": "You can perform the following operation on some string, :\n\n1. Capitalize zero or more of 's lowercase letters at some index i\n   (i.e., make them uppercase).\n2. Delete all of the remaining lowercase letters in .\n\nExample:\na=daBcd and b=\"ABC\"\ndaBcd -> capitalize a and c(dABCd) -> remove d (ABC)", "short_description": "https://www.hackerrank.com/challenges/abbr/problem", "full": "https://www.hackerrank.com/challenges/abbr/problem\nYou can perform the following operation on some string, :\n\n1. Capitalize zero or more of 's lowercase letters at some index i\n   (i.e., make them uppercase).\n2. Delete all of the remaining lowercase letters in .\n\nExample:\na=daBcd and b=\"ABC\"\ndaBcd -> capitalize a and c(dABCd) -> remove d (ABC)"}}, "functions": {"abbr": {"doc": {"long_description": "True\n>>> abbr(\"dBcd\", \"ABC\")\nFalse", "short_description": ">>> abbr(\"daBcd\", \"ABC\")"}, "args": ["a", "b"], "min_max_lineno": {"min_lineno": 15, "max_lineno": 34}, "calls": ["len", "len", "range", "range", "range", "range", "a[].islower", "a[].upper"], "store_vars_calls": {"n": "len", "m": "len"}}}, "main_info": {"main_flag": 1, "type": "script"}, "is_test": false}