{"file": {"path": "/Users/rakshithagnanasekaran/desktop/Python/dynamic_programming/all_construct.py", "fileNameBase": "all_construct", "extension": "py", "doc": {"long_description": "constructed from the given list of substrings", "short_description": "Program to list all the ways a target string can be", "full": "Program to list all the ways a target string can be\nconstructed from the given list of substrings"}}, "dependencies": [{"from_module": "__future__", "import": "annotations", "type": "external"}], "functions": {"all_construct": {"doc": {"long_description": "combinations a string(target) can be constructed from\n    the given list of substrings(word_bank)\n>>> all_construct(\"hello\", [\"he\", \"l\", \"o\"])\n[['he', 'l', 'l', 'o']]\n>>> all_construct(\"purple\",[\"purp\",\"p\",\"ur\",\"le\",\"purpl\"])\n[['purp', 'le'], ['p', 'ur', 'p', 'le']]", "short_description": "returns the list containing all the possible"}, "args": ["target", "word_bank"], "min_max_lineno": {"min_lineno": 8, "max_lineno": 48}, "calls": ["range", "range", "len", "table.append", "combination.reverse", "len", "len", "len", "len"]}}, "main_info": {"main_flag": 1, "main_function": "all_construct.print", "type": "script"}, "is_test": false}