{"file": {"path": "/Users/rakshithagnanasekaran/desktop/Python/dynamic_programming/bitmask.py", "fileNameBase": "bitmask", "extension": "py", "doc": {"long_description": "Here Bitmasking and DP are used for solving this.\n\nQuestion :-\nWe have N tasks and M people. Each person in M can do only certain of these tasks. Also\na person can do only one task and a task is performed only by one person.\nFind the total no of ways in which the tasks can be distributed.", "short_description": "This is a Python implementation for questions involving task assignments between people.", "full": "This is a Python implementation for questions involving task assignments between people.\nHere Bitmasking and DP are used for solving this.\n\nQuestion :-\nWe have N tasks and M people. Each person in M can do only certain of these tasks. Also\na person can do only one task and a task is performed only by one person.\nFind the total no of ways in which the tasks can be distributed."}}, "dependencies": [{"from_module": "collections", "import": "defaultdict", "type": "external"}], "classes": {"AssignmentUsingBitmask": {"min_max_lineno": {"min_lineno": 14, "max_lineno": 75}, "methods": {"__init__": {"args": ["self", "task_performed", "total"], "min_max_lineno": {"min_lineno": 15, "max_lineno": 30}, "calls": ["collections.defaultdict", "range", "len", "range", "len"], "store_vars_calls": {"self.task": "defaultdict"}}, "CountWaysUtil": {"args": ["self", "mask", "task_no"], "min_max_lineno": {"min_lineno": 31, "max_lineno": 65}, "calls": ["bitmask.AssignmentUsingBitmask.CountWaysUtil", "bitmask.AssignmentUsingBitmask.CountWaysUtil"], "store_vars_calls": {"total_ways_util": "self.CountWaysUtil"}}, "countNoOfWays": {"args": ["self", "task_performed"], "min_max_lineno": {"min_lineno": 66, "max_lineno": 75}, "calls": ["range", "bitmask.AssignmentUsingBitmask.CountWaysUtil", "len", "bitmask.AssignmentUsingBitmask.task[].append"]}}}}, "main_info": {"main_flag": 1, "main_function": "bitmask.print", "type": "script"}, "is_test": false}