{"file": {"path": "/Users/rakshithagnanasekaran/desktop/Python/dynamic_programming/catalan_numbers.py", "fileNameBase": "catalan_numbers", "extension": "py", "doc": {"long_description": "* The Catalan numbers are a sequence of positive integers that\n* appear in many counting problems in combinatorics [1]. Such\n* problems include counting [2]:\n* - The number of Dyck words of length 2n\n* - The number well-formed expressions with n pairs of parentheses\n*   (e.g., `()()` is valid but `())(` is not)\n* - The number of different ways n + 1 factors can be completely\n*   parenthesized (e.g., for n = 2, C(n) = 2 and (ab)c and a(bc)\n*   are the two valid ways to parenthesize.\n* - The number of full binary trees with n + 1 leaves\n\n* A Catalan number satisfies the following recurrence relation\n* which we will use in this algorithm [1].\n* C(0) = C(1) = 1\n* C(n) = sum(C(i).C(n-i-1)), from i = 0 to n-1\n\n* In addition, the n-th Catalan number can be calculated using\n* the closed form formula below [1]:\n* C(n) = (1 / (n + 1)) * (2n choose n)\n\n* Sources:\n*  [1] https://brilliant.org/wiki/catalan-numbers/\n*  [2] https://en.wikipedia.org/wiki/Catalan_number", "short_description": "Print all the Catalan numbers from 0 to n, n being the user input.", "full": "Print all the Catalan numbers from 0 to n, n being the user input.\n\n * The Catalan numbers are a sequence of positive integers that\n * appear in many counting problems in combinatorics [1]. Such\n * problems include counting [2]:\n * - The number of Dyck words of length 2n\n * - The number well-formed expressions with n pairs of parentheses\n *   (e.g., `()()` is valid but `())(` is not)\n * - The number of different ways n + 1 factors can be completely\n *   parenthesized (e.g., for n = 2, C(n) = 2 and (ab)c and a(bc)\n *   are the two valid ways to parenthesize.\n * - The number of full binary trees with n + 1 leaves\n\n * A Catalan number satisfies the following recurrence relation\n * which we will use in this algorithm [1].\n * C(0) = C(1) = 1\n * C(n) = sum(C(i).C(n-i-1)), from i = 0 to n-1\n\n * In addition, the n-th Catalan number can be calculated using\n * the closed form formula below [1]:\n * C(n) = (1 / (n + 1)) * (2n choose n)\n\n * Sources:\n *  [1] https://brilliant.org/wiki/catalan-numbers/\n *  [2] https://en.wikipedia.org/wiki/Catalan_number"}}, "functions": {"catalan_numbers": {"doc": {"long_description": ">>> catalan_numbers(5)\n[1, 1, 2, 5, 14, 42]\n>>> catalan_numbers(2)\n[1, 1, 2]\n>>> catalan_numbers(-1)\nTraceback (most recent call last):\nValueError: Limit for the Catalan sequence must be \u2265 0", "short_description": "Return a list of the Catalan number sequence from 0 through `upper_limit`."}, "args": ["upper_limit"], "returns": [["catalan_list"]], "min_max_lineno": {"min_lineno": 30, "max_lineno": 58}, "calls": ["range", "ValueError", "range"]}}, "main_info": {"main_flag": 1, "type": "script"}, "is_test": false}