{"file": {"path": "/Users/rakshithagnanasekaran/desktop/Python/dynamic_programming/climbing_stairs.py", "fileNameBase": "climbing_stairs", "extension": "py"}, "functions": {"climb_stairs": {"doc": {"long_description": "Distinct ways to climb a n step staircase where\neach time you can either climb 1 or 2 steps.", "short_description": "LeetCdoe No.70: Climbing Stairs", "args": {"n": {"description": "number of steps of staircase"}}, "returns": {"description": "Distinct ways to climb a n step staircase", "is_generator": false}, "raises": {"0": {"description": "n not positive integer\n>>> climb_stairs(3)\n3\n>>> climb_stairs(1)\n1\n>>> climb_stairs(-7)  # doctest: +ELLIPSIS\nTraceback (most recent call last):", "type_name": "AssertionError"}, "1": {"description": "n needs to be positive integer, your input -7", "type_name": "...\nAssertionError"}}}, "args": ["n"], "min_max_lineno": {"min_lineno": 4, "max_lineno": 38}, "calls": ["range", "isinstance"]}}, "main_info": {"main_flag": 1, "type": "script"}, "is_test": true}