{"file": {"path": "/Users/rakshithagnanasekaran/desktop/Python/dynamic_programming/edit_distance.py", "fileNameBase": "edit_distance", "extension": "py", "doc": {"long_description": "Date    : October 12, 2016\n\nThis is a pure Python implementation of Dynamic Programming solution to the edit\ndistance problem.\n\nThe problem is :\nGiven two strings A and B. Find the minimum number of operations to string B such that\nA = B. The permitted operations are removal,  insertion, and substitution.", "short_description": "Author  : Turfa Auliarachman", "full": "Author  : Turfa Auliarachman\nDate    : October 12, 2016\n\nThis is a pure Python implementation of Dynamic Programming solution to the edit\ndistance problem.\n\nThe problem is :\nGiven two strings A and B. Find the minimum number of operations to string B such that\nA = B. The permitted operations are removal,  insertion, and substitution."}}, "classes": {"EditDistance": {"doc": {"long_description": "solver              = EditDistance()\neditDistanceResult  = solver.solve(firstString, secondString)", "short_description": "Use :", "full": "Use :\nsolver              = EditDistance()\neditDistanceResult  = solver.solve(firstString, secondString)"}, "min_max_lineno": {"min_lineno": 14, "max_lineno": 59}, "methods": {"__init__": {"args": ["self"], "min_max_lineno": {"min_lineno": 21, "max_lineno": 23}, "calls": ["edit_distance.EditDistance.__prepare__"]}, "__prepare__": {"args": ["self", "N", "M"], "min_max_lineno": {"min_lineno": 24, "max_lineno": 26}, "calls": ["range", "range"]}, "__solveDP": {"args": ["self", "x", "y"], "min_max_lineno": {"min_lineno": 27, "max_lineno": 45}, "calls": ["edit_distance.EditDistance.__solveDP", "min", "edit_distance.EditDistance.__solveDP", "edit_distance.EditDistance.__solveDP", "edit_distance.EditDistance.__solveDP"]}, "solve": {"args": ["self", "A", "B"], "min_max_lineno": {"min_lineno": 46, "max_lineno": 59}, "calls": ["isinstance", "isinstance", "str", "str", "edit_distance.EditDistance.__prepare__", "edit_distance.EditDistance.__solveDP", "A.decode.decode.decode", "B.decode.decode.decode", "len", "len", "len", "len"], "store_vars_calls": {"self.A": "str", "self.B": "str", "A": "A.decode", "B": "B.decode"}}}}}, "functions": {"min_distance_bottom_up": {"doc": {"long_description": "5\n>>> min_distance_bottom_up(\"intention\", \"\")\n9\n>>> min_distance_bottom_up(\"\", \"\")\n0", "short_description": ">>> min_distance_bottom_up(\"intention\", \"execution\")"}, "args": ["word1", "word2"], "min_max_lineno": {"min_lineno": 61, "max_lineno": 90}, "calls": ["len", "len", "range", "range", "range", "range", "min"], "store_vars_calls": {"m": "len", "n": "len"}}}, "main_info": {"main_flag": 1, "main_function": "edit_distance.EditDistance", "type": "script"}, "is_test": false}