{"file": {"path": "/Users/rakshithagnanasekaran/desktop/Python/dynamic_programming/factorial.py", "fileNameBase": "factorial", "extension": "py"}, "dependencies": [{"from_module": "functools", "import": "lru_cache", "type": "external"}], "functions": {"factorial": {"doc": {"long_description": "5040\n>>> factorial(-1)\nTraceback (most recent call last):\n  ...\nValueError: Number should not be negative.\n>>> [factorial(i) for i in range(10)]\n[1, 1, 2, 6, 24, 120, 720, 5040, 40320, 362880]", "short_description": ">>> factorial(7)"}, "args": ["num"], "min_max_lineno": {"min_lineno": 6, "max_lineno": 22}, "calls": ["ValueError", "factorial.factorial"]}}, "main_info": {"main_flag": 1, "type": "script"}, "is_test": false}