{"file": {"path": "/Users/rakshithagnanasekaran/desktop/Python/dynamic_programming/fast_fibonacci.py", "fileNameBase": "fast_fibonacci", "extension": "py", "doc": {"long_description": "It's possible to calculate F(1_000_000) in less than a second.", "short_description": "This program calculates the nth Fibonacci number in O(log(n)).", "full": "This program calculates the nth Fibonacci number in O(log(n)).\nIt's possible to calculate F(1_000_000) in less than a second."}}, "dependencies": [{"from_module": "__future__", "import": "annotations", "type": "external"}, {"import": "sys", "type": "external"}], "functions": {"fibonacci": {"doc": {"long_description": ">>> [fibonacci(i) for i in range(13)]\n[0, 1, 1, 2, 3, 5, 8, 13, 21, 34, 55, 89, 144]", "short_description": "return F(n)"}, "args": ["n"], "min_max_lineno": {"min_lineno": 12, "max_lineno": 21}, "calls": ["ValueError", "fast_fibonacci._fib"]}, "_fib": {"args": ["n"], "min_max_lineno": {"min_lineno": 24, "max_lineno": 34}, "calls": ["fast_fibonacci._fib"]}}, "main_info": {"main_flag": 1, "main_function": "fast_fibonacci.int", "type": "script"}, "is_test": false}