{"file": {"path": "/Users/rakshithagnanasekaran/desktop/Python/dynamic_programming/fibonacci.py", "fileNameBase": "fibonacci", "extension": "py", "doc": {"long_description": "sequence problem.", "short_description": "This is a pure Python implementation of Dynamic Programming solution to the fibonacci", "full": "This is a pure Python implementation of Dynamic Programming solution to the fibonacci\nsequence problem."}}, "classes": {"Fibonacci": {"min_max_lineno": {"min_lineno": 7, "max_lineno": 26}, "methods": {"__init__": {"args": ["self"], "min_max_lineno": {"min_lineno": 8, "max_lineno": 10}}, "get": {"doc": {"long_description": "calculate all missing numbers leading up to the number of `index`.\n\n>>> Fibonacci().get(10)\n[0, 1, 1, 2, 3, 5, 8, 13, 21, 34]\n>>> Fibonacci().get(5)\n[0, 1, 1, 2, 3]", "short_description": "Get the Fibonacci number of `index`. If the number does not exist,"}, "args": ["self", "index"], "min_max_lineno": {"min_lineno": 11, "max_lineno": 26}, "calls": ["range", "len", "fibonacci.Fibonacci.sequence.append"]}}}}, "functions": {"main": {"min_max_lineno": {"min_lineno": 28, "max_lineno": 49}, "calls": ["print", "fibonacci.Fibonacci", "input", "print", "int", "fibonacci.Fibonacci.get", "print"], "store_vars_calls": {"fibonacci": "Fibonacci"}}}, "main_info": {"main_flag": 1, "main_function": "fibonacci.main", "type": "script"}, "is_test": false}