{"file": {"path": "/Users/rakshithagnanasekaran/desktop/Python/dynamic_programming/floyd_warshall.py", "fileNameBase": "floyd_warshall", "extension": "py"}, "dependencies": [{"import": "math", "type": "external"}], "classes": {"Graph": {"min_max_lineno": {"min_lineno": 4, "max_lineno": 25}, "methods": {"__init__": {"args": ["self", "N"], "min_max_lineno": {"min_lineno": 5, "max_lineno": 12}, "calls": ["range", "range", "range", "range"]}, "addEdge": {"args": ["self", "u", "v", "w"], "min_max_lineno": {"min_lineno": 14, "max_lineno": 16}}, "floyd_warshall": {"args": ["self"], "min_max_lineno": {"min_lineno": 17, "max_lineno": 22}, "calls": ["range", "range", "range", "min"]}, "showMin": {"args": ["self", "u", "v"], "min_max_lineno": {"min_lineno": 23, "max_lineno": 25}}}}}, "main_info": {"main_flag": 1, "main_function": "floyd_warshall.Graph", "type": "script"}, "is_test": false}