{"file": {"path": "/Users/rakshithagnanasekaran/desktop/Python/dynamic_programming/fractional_knapsack.py", "fileNameBase": "fractional_knapsack", "extension": "py"}, "dependencies": [{"from_module": "bisect", "import": "bisect", "type": "external"}, {"from_module": "itertools", "import": "accumulate", "type": "external"}], "functions": {"fracKnapsack": {"doc": {"long_description": "240.0", "short_description": ">>> fracKnapsack([60, 100, 120], [10, 20, 30], 50, 3)"}, "args": ["vl", "wt", "W", "n"], "min_max_lineno": {"min_lineno": 5, "max_lineno": 21}, "calls": ["list", "list", "bisect.bisect", "sorted", "itertools.accumulate", "zip", "sum", "sum"], "store_vars_calls": {"r": "list", "acc": "list", "k": "bisect"}}}, "main_info": {"main_flag": 1, "type": "script"}, "is_test": false}