{"file": {"path": "/Users/rakshithagnanasekaran/desktop/Python/dynamic_programming/fractional_knapsack_2.py", "fileNameBase": "fractional_knapsack_2", "extension": "py"}, "dependencies": [{"from_module": "__future__", "import": "annotations", "type": "external"}], "functions": {"fractional_knapsack": {"doc": {"long_description": ">>> weight = [0.9, 0.7, 0.5, 0.3, 0.1]\n>>> fractional_knapsack(value, weight, 5)\n(25, [1, 1, 1, 1, 1])\n>>> fractional_knapsack(value, weight, 15)\n(25, [1, 1, 1, 1, 1])\n>>> fractional_knapsack(value, weight, 25)\n(25, [1, 1, 1, 1, 1])\n>>> fractional_knapsack(value, weight, 26)\n(25, [1, 1, 1, 1, 1])\n>>> fractional_knapsack(value, weight, -1)\n(-90.0, [0, 0, 0, 0, -10.0])\n>>> fractional_knapsack([1, 3, 5, 7], weight, 30)\n(16, [1, 1, 1, 1])\n>>> fractional_knapsack(value, [0.9, 0.7, 0.5, 0.3, 0.1], 30)\n(25, [1, 1, 1, 1, 1])\n>>> fractional_knapsack([], [], 30)\n(0, [])", "short_description": ">>> value = [1, 3, 5, 7, 9]"}, "args": ["value", "weight", "capacity"], "returns": [["max_value", "fractions"]], "min_max_lineno": {"min_lineno": 8, "max_lineno": 48}, "calls": ["list", "list.sort", "range", "len", "len", "zip"], "store_vars_calls": {"index": "list"}}}, "main_info": {"main_flag": 1, "type": "script"}, "is_test": false}