{"file": {"path": "/Users/rakshithagnanasekaran/desktop/Python/dynamic_programming/integer_partition.py", "fileNameBase": "integer_partition", "extension": "py", "doc": {"long_description": "partitions into exactly k parts plus the number of partitions into at least k-1 parts.\nSubtracting 1 from each part of a partition of n into k parts gives a partition of n-k\ninto k parts. These two facts together are used for this algorithm.", "short_description": "The number of partitions of a number n into at least k parts equals the number of", "full": "The number of partitions of a number n into at least k parts equals the number of\npartitions into exactly k parts plus the number of partitions into at least k-1 parts.\nSubtracting 1 from each part of a partition of n into k parts gives a partition of n-k\ninto k parts. These two facts together are used for this algorithm."}}, "functions": {"partition": {"args": ["m"], "min_max_lineno": {"min_lineno": 9, "max_lineno": 21}, "calls": ["range", "range", "range", "range", "range"]}}, "main_info": {"main_flag": 1, "type": "script"}, "is_test": false}