{"file": {"path": "/Users/rakshithagnanasekaran/desktop/Python/dynamic_programming/iterating_through_submasks.py", "fileNameBase": "iterating_through_submasks", "extension": "py", "doc": {"long_description": "github : faizan2700\nYou are given a bitmask m and you want to efficiently iterate through all of\nits submasks. The mask s is submask of m if only bits that were included in\nbitmask are set", "short_description": "Author : Syed Faizan (3rd Year Student IIIT Pune)", "full": "Author : Syed Faizan (3rd Year Student IIIT Pune)\ngithub : faizan2700\nYou are given a bitmask m and you want to efficiently iterate through all of\nits submasks. The mask s is submask of m if only bits that were included in\nbitmask are set"}}, "dependencies": [{"from_module": "__future__", "import": "annotations", "type": "external"}], "functions": {"list_of_submasks": {"doc": {"args": {"mask ": {"description": "number which shows mask ( always integer > 0, zero does not have any\nsubmasks )"}}, "returns": {"description": "all_submasks : the list of submasks of mask (mask s is called submask of mask\nm if only bits that were included in original mask are set", "is_generator": false}, "raises": {"0": {"description": "mask not positive integer\n>>> list_of_submasks(15)\n[15, 14, 13, 12, 11, 10, 9, 8, 7, 6, 5, 4, 3, 2, 1]\n>>> list_of_submasks(13)\n[13, 12, 9, 8, 5, 4, 1]\n>>> list_of_submasks(-7)  # doctest: +ELLIPSIS\nTraceback (most recent call last):", "type_name": "AssertionError"}, "1": {"description": "mask needs to be positive integer, your input -7\n>>> list_of_submasks(0)  # doctest: +ELLIPSIS\nTraceback (most recent call last):", "type_name": "...\nAssertionError"}, "2": {"description": "mask needs to be positive integer, your input 0", "type_name": "...\nAssertionError"}}}, "args": ["mask"], "returns": [["all_submasks"]], "min_max_lineno": {"min_lineno": 11, "max_lineno": 57}, "calls": ["isinstance", "all_submasks.append"]}}, "main_info": {"main_flag": 1, "type": "script"}, "is_test": true}