{"file": {"path": "/Users/rakshithagnanasekaran/desktop/Python/dynamic_programming/k_means_clustering_tensorflow.py_tf", "fileNameBase": "k_means_clustering_tensorflow", "extension": "py_tf"}, "dependencies": [{"import": "tensorflow", "alias": "tf", "type": "external"}, {"from_module": "random", "import": "shuffle", "type": "external"}, {"from_module": "numpy", "import": "array", "type": "external"}], "functions": {"TFKMeansCluster": {"doc": {"long_description": "'vectors' should be a n*k 2-D NumPy array, where n is the number\nof vectors of dimensionality k.\n'noofclusters' should be an integer.", "short_description": "K-Means Clustering using TensorFlow."}, "args": ["vectors", "noofclusters"], "returns": [["centroids", "assignments"]], "min_max_lineno": {"min_lineno": 6, "max_lineno": 148}, "calls": ["int", "len", "list", "random.shuffle", "tensorflow.Graph", "len", "range", "tf.Graph.as_default", "tensorflow.Session", "tensorflow.placeholder", "tensorflow.placeholder", "tensorflow.placeholder", "tensorflow.reduce_mean", "tensorflow.placeholder", "tensorflow.placeholder", "tensorflow.sqrt", "tensorflow.placeholder", "tensorflow.argmin", "tensorflow.initialize_all_variables", "tf.Session.run", "range", "tf.Session.run", "tf.Session.run", "len", "tensorflow.Variable", "cent_assigns.append", "tensorflow.Variable", "cluster_assigns.append", "tensorflow.reduce_sum", "range", "range", "range", "tensorflow.assign", "range", "tensorflow.assign", "tensorflow.pow", "len", "tf.Session.run", "tf.Session.run", "tf.Session.run", "tf.Session.run", "len", "tensorflow.sub", "tf.Session.run", "range", "len", "tf.Session.run", "numpy.array", "tf.Session.run"], "store_vars_calls": {"noofclusters": "int", "dim": "len", "vector_indices": "list", "graph": "tf.Graph", "sess": "tf.Session", "centroid_value": "tf.placeholder", "assignment_value": "tf.placeholder", "mean_input": "tf.placeholder", "mean_op": "tf.reduce_mean", "v1": "tf.placeholder", "v2": "tf.placeholder", "euclid_dist": "tf.sqrt", "centroid_distances": "tf.placeholder", "cluster_assignment": "tf.argmin", "init_op": "tf.initialize_all_variables", "centroids": "sess.run", "assignments": "sess.run", "assignment": "sess.run", "new_location": "sess.run"}}}, "is_test": true}