{"file": {"path": "/Users/rakshithagnanasekaran/desktop/Python/dynamic_programming/knapsack.py", "fileNameBase": "knapsack", "extension": "py", "doc": {"long_description": "capacity W to get the maximum total value in the knapsack.\n\nNote that only the integer weights 0-1 knapsack problem is solvable\n using dynamic programming.", "short_description": "Given weights and values of n items, put these items in a knapsack of", "full": "Given weights and values of n items, put these items in a knapsack of\n capacity W to get the maximum total value in the knapsack.\n\nNote that only the integer weights 0-1 knapsack problem is solvable\n using dynamic programming."}}, "functions": {"MF_knapsack": {"doc": {"long_description": "which are needed unlike the below example\nF is a 2D array with -1s filled up", "short_description": "This code involves the concept of memory functions. Here we solve the subproblems"}, "args": ["i", "wt", "val", "j"], "min_max_lineno": {"min_lineno": 10, "max_lineno": 27}, "calls": ["knapsack.MF_knapsack", "max", "knapsack.MF_knapsack", "knapsack.MF_knapsack"], "store_vars_calls": {"val": "max"}}, "knapsack": {"args": ["W", "wt", "val", "n"], "returns": [["dp"]], "min_max_lineno": {"min_lineno": 29, "max_lineno": 40}, "calls": ["range", "range", "range", "range", "max"]}, "knapsack_with_example_solution": {"doc": {"long_description": "the several possible optimal subsets.\n\nParameters\n---------\n\nW: int, the total maximum weight for the given knapsack problem.\nwt: list, the vector of weights for all items where wt[i] is the weight\nof the i-th item.\nval: list, the vector of values for all items where val[i] is the value\nof the i-th item", "short_description": "Solves the integer weights knapsack problem returns one of", "returns": {"type_name": "float, the optimal value for the given knapsack problem", "is_generator": false, "return_name": "optimal_val"}}, "args": ["W", "wt", "val"], "returns": [["optimal_val", "example_optional_set"]], "min_max_lineno": {"min_lineno": 42, "max_lineno": 98}, "calls": ["len", "range", "knapsack.knapsack", "set", "knapsack._construct_solution", "ValueError", "len", "ValueError", "isinstance", "isinstance", "isinstance", "TypeError", "len", "type"], "store_vars_calls": {"num_items": "len"}}, "_construct_solution": {"doc": {"long_description": "a filled DP table and the vector of weights\n\nParameters\n---------\n\ndp: list of list, the table of a solved integer weight dynamic programming problem\n\nwt: list or tuple, the vector of weights of the items\ni: int, the index of the  item under consideration\nj: int, the current possible maximum weight\noptimal_set: set, the optimal subset so far. This gets modified by the function.", "short_description": "Recursively reconstructs one of the optimal subsets given", "returns": {"type_name": "None", "is_generator": false}}, "args": ["dp", "wt", "i", "j", "optimal_set"], "min_max_lineno": {"min_lineno": 100, "max_lineno": 129}, "calls": ["knapsack._construct_solution", "optimal_set.add", "knapsack._construct_solution"]}}, "main_info": {"main_flag": 1, "type": "script"}, "is_test": true}