{"file": {"path": "/Users/rakshithagnanasekaran/desktop/Python/dynamic_programming/longest_increasing_subsequence_o(nlogn).py", "fileNameBase": "longest_increasing_subsequence_o(nlogn)", "extension": "py"}, "dependencies": [{"from_module": "__future__", "import": "annotations", "type": "external"}], "functions": {"CeilIndex": {"args": ["v", "l", "r", "key"], "returns": [["r"]], "min_max_lineno": {"min_lineno": 10, "max_lineno": 18}}, "LongestIncreasingSubsequenceLength": {"doc": {"long_description": "6\n>>> LongestIncreasingSubsequenceLength([])\n0\n>>> LongestIncreasingSubsequenceLength([0, 8, 4, 12, 2, 10, 6, 14, 1, 9, 5, 13, 3,\n...                                     11, 7, 15])\n6\n>>> LongestIncreasingSubsequenceLength([5, 4, 3, 2, 1])\n1", "short_description": ">>> LongestIncreasingSubsequenceLength([2, 5, 3, 7, 11, 8, 10, 13, 6])"}, "args": ["v"], "returns": [["length"]], "min_max_lineno": {"min_lineno": 20, "max_lineno": 50}, "calls": ["range", "len", "len", "len", "longest_increasing_subsequence_o(nlogn).CeilIndex"]}}, "main_info": {"main_flag": 1, "type": "script"}, "is_test": false}