{"file": {"path": "/Users/rakshithagnanasekaran/desktop/Python/dynamic_programming/longest_sub_array.py", "fileNameBase": "longest_sub_array", "extension": "py", "doc": {"long_description": "This is a pure Python implementation of Dynamic Programming solution to the\n    longest_sub_array problem.\n\nThe problem is  :\nGiven an array, to find the longest and continuous sub array and get the max sum of the\n    sub array in the given array.", "short_description": "Author  : Yvonne", "full": "Author  : Yvonne\n\nThis is a pure Python implementation of Dynamic Programming solution to the\n    longest_sub_array problem.\n\nThe problem is  :\nGiven an array, to find the longest and continuous sub array and get the max sum of the\n    sub array in the given array."}}, "classes": {"SubArray": {"min_max_lineno": {"min_lineno": 13, "max_lineno": 28}, "methods": {"__init__": {"args": ["self", "arr"], "min_max_lineno": {"min_lineno": 14, "max_lineno": 18}, "calls": ["arr.split", "print"], "store_vars_calls": {"self.array": "arr.split"}}, "solve_sub_array": {"args": ["self"], "min_max_lineno": {"min_lineno": 19, "max_lineno": 28}, "calls": ["range", "len", "len", "len", "max", "max", "int", "int", "int", "int", "len"]}}}}, "main_info": {"main_flag": 1, "main_function": "longest_sub_array.input", "type": "script"}, "is_test": false}