{"file": {"path": "/Users/rakshithagnanasekaran/desktop/Python/dynamic_programming/longest_increasing_subsequence.py", "fileNameBase": "longest_increasing_subsequence", "extension": "py", "doc": {"long_description": "This is a pure Python implementation of Dynamic Programming solution to the longest\nincreasing subsequence of a given sequence.\n\nThe problem is  :\nGiven an array, to find the longest and increasing sub-array in that given array and\nreturn it.\nExample: [10, 22, 9, 33, 21, 50, 41, 60, 80] as input will return\n         [10, 22, 33, 41, 60, 80] as output", "short_description": "Author  : Mehdi ALAOUI", "full": "Author  : Mehdi ALAOUI\n\nThis is a pure Python implementation of Dynamic Programming solution to the longest\nincreasing subsequence of a given sequence.\n\nThe problem is  :\nGiven an array, to find the longest and increasing sub-array in that given array and\nreturn it.\nExample: [10, 22, 9, 33, 21, 50, 41, 60, 80] as input will return\n         [10, 22, 33, 41, 60, 80] as output"}}, "dependencies": [{"from_module": "__future__", "import": "annotations", "type": "external"}], "functions": {"longest_subsequence": {"doc": {"long_description": ">>> longest_subsequence([10, 22, 9, 33, 21, 50, 41, 60, 80])\n[10, 22, 33, 41, 60, 80]\n>>> longest_subsequence([4, 8, 7, 5, 1, 12, 2, 3, 9])\n[1, 2, 3, 9]\n>>> longest_subsequence([9, 8, 7, 6, 5, 7])\n[8]\n>>> longest_subsequence([1, 1, 1])\n[1, 1, 1]\n>>> longest_subsequence([])\n[]", "short_description": "Some examples"}, "args": ["array"], "returns": [["array"], ["temp_array"], ["longest_subseq"]], "min_max_lineno": {"min_lineno": 16, "max_lineno": 56}, "calls": ["len", "longest_increasing_subsequence.longest_subsequence", "len", "len", "longest_increasing_subsequence.longest_subsequence", "len", "len"], "store_vars_calls": {"array_length": "len", "temp_array": "longest_subsequence"}}}, "main_info": {"main_flag": 1, "type": "script"}, "is_test": false}