{"file": {"path": "/Users/rakshithagnanasekaran/desktop/Python/dynamic_programming/longest_common_subsequence.py", "fileNameBase": "longest_common_subsequence", "extension": "py", "doc": {"long_description": "present in both of them.  A subsequence is a sequence that appears in the same relative\norder, but not necessarily continuous.\nExample:\"abc\", \"abg\" are subsequences of \"abcdefgh\".", "short_description": "LCS Problem Statement: Given two sequences, find the length of longest subsequence", "full": "LCS Problem Statement: Given two sequences, find the length of longest subsequence\npresent in both of them.  A subsequence is a sequence that appears in the same relative\norder, but not necessarily continuous.\nExample:\"abc\", \"abg\" are subsequences of \"abcdefgh\"."}}, "functions": {"longest_common_subsequence": {"doc": {"long_description": "The subsequence found", "short_description": "Finds the longest common subsequence between two strings. Also returns the", "args": {"x": {"type_name": "str, one of the strings", "is_optional": false}, "y": {"type_name": "str, the other string", "is_optional": false}}, "returns": {"type_name": "int, the length of the longest subsequence. Also equal to len(seq)", "is_generator": false, "return_name": "L[m][n]"}}, "args": ["x", "y"], "returns": [["seq"]], "min_max_lineno": {"min_lineno": 9, "max_lineno": 71}, "calls": ["len", "len", "range", "range", "range", "max"], "store_vars_calls": {"m": "len", "n": "len"}}}, "main_info": {"main_flag": 1, "type": "script"}, "is_test": true}