{"file": {"path": "/Users/rakshithagnanasekaran/desktop/Python/dynamic_programming/matrix_chain_order.py", "fileNameBase": "matrix_chain_order", "extension": "py"}, "dependencies": [{"import": "sys", "type": "external"}], "functions": {"MatrixChainOrder": {"args": ["array"], "returns": [["Matrix", "Sol"]], "min_max_lineno": {"min_lineno": 11, "max_lineno": 29}, "calls": ["len", "range", "range", "range", "range", "range", "range", "range"], "store_vars_calls": {"N": "len"}}, "PrintOptimalSolution": {"args": ["OptimalSolution", "i", "j"], "min_max_lineno": {"min_lineno": 32, "max_lineno": 40}, "calls": ["print", "print", "matrix_chain_order.PrintOptimalSolution", "matrix_chain_order.PrintOptimalSolution", "print", "str"]}, "main": {"min_max_lineno": {"min_lineno": 42, "max_lineno": 51}, "calls": ["len", "matrix_chain_order.MatrixChainOrder", "print", "matrix_chain_order.PrintOptimalSolution", "str"], "store_vars_calls": {"n": "len"}}}, "main_info": {"main_flag": 1, "main_function": "matrix_chain_order.main", "type": "script"}, "is_test": false}