{"file": {"path": "/Users/rakshithagnanasekaran/desktop/Python/dynamic_programming/max_non_adjacent_sum.py", "fileNameBase": "max_non_adjacent_sum", "extension": "py"}, "dependencies": [{"from_module": "__future__", "import": "annotations", "type": "external"}], "functions": {"maximum_non_adjacent_sum": {"doc": {"long_description": ">>> print(maximum_non_adjacent_sum([1, 2, 3]))\n4\n>>> maximum_non_adjacent_sum([1, 5, 3, 7, 2, 2, 6])\n18\n>>> maximum_non_adjacent_sum([-1, -5, -3, -7, -2, -2, -6])\n0\n>>> maximum_non_adjacent_sum([499, 500, -3, -7, -2, -2, -6])\n500", "short_description": "Find the maximum non-adjacent sum of the integers in the nums input list"}, "args": ["nums"], "min_max_lineno": {"min_lineno": 6, "max_lineno": 29}, "calls": ["max", "max"]}}, "main_info": {"main_flag": 1, "type": "script"}, "is_test": false}