{"file": {"path": "/Users/rakshithagnanasekaran/desktop/Python/dynamic_programming/max_sub_array.py", "fileNameBase": "max_sub_array", "extension": "py", "doc": {"short_description": "author : Mayank Kumar Jha (mk9440)", "full": "author : Mayank Kumar Jha (mk9440)"}}, "dependencies": [{"from_module": "__future__", "import": "annotations", "type": "external"}], "functions": {"find_max_sub_array": {"args": ["A", "low", "high"], "returns": [["low", "high"], ["left_low", "left_high", "left_sum"], ["right_low", "right_high", "right_sum"], ["cross_left", "cross_right", "cross_sum"]], "min_max_lineno": {"min_lineno": 7, "max_lineno": 21}, "calls": ["max_sub_array.find_max_sub_array", "max_sub_array.find_max_sub_array", "max_sub_array.find_max_cross_sum"]}, "find_max_cross_sum": {"args": ["A", "low", "mid", "high"], "returns": [["max_left", "max_right"]], "min_max_lineno": {"min_lineno": 23, "max_lineno": 39}, "calls": ["range", "range"]}, "max_sub_array": {"doc": {"long_description": ">>> max_sub_array([-2, 1, -3, 4, -1, 2, 1, -5, 4])\n6\n\nAn empty (sub)array has sum 0.\n>>> max_sub_array([])\n0\n\nIf all elements are negative, the largest subarray would be the empty array,\nhaving the sum 0.\n>>> max_sub_array([-1, -2, -3])\n0\n>>> max_sub_array([5, -2, -3])\n5\n>>> max_sub_array([31, -41, 59, 26, -53, 58, 97, -93, -23, 84])\n187", "short_description": "Finds the contiguous subarray which has the largest sum and return its sum."}, "args": ["nums"], "returns": [["best"]], "min_max_lineno": {"min_lineno": 41, "max_lineno": 69}, "calls": ["max"], "store_vars_calls": {"best": "max"}}}, "main_info": {"main_flag": 1, "type": "script"}, "is_test": false}