{"file": {"path": "/Users/rakshithagnanasekaran/desktop/Python/dynamic_programming/max_sum_contiguous_subsequence.py", "fileNameBase": "max_sum_contiguous_subsequence", "extension": "py"}, "functions": {"max_subarray_sum": {"doc": {"long_description": "17", "short_description": ">>> max_subarray_sum([6 , 9, -1, 3, -7, -5, 10])"}, "args": ["nums"], "returns": [["res"]], "min_max_lineno": {"min_lineno": 1, "max_lineno": 16}, "calls": ["len", "range", "max", "max"], "store_vars_calls": {"n": "len", "s": "max", "res": "max"}}}, "main_info": {"main_flag": 1, "main_function": "max_sum_contiguous_subsequence.print", "type": "script"}, "is_test": false}