{"file": {"path": "/Users/rakshithagnanasekaran/desktop/Python/dynamic_programming/minimum_cost_path.py", "fileNameBase": "minimum_cost_path", "extension": "py"}, "dependencies": [{"from_module": "__future__", "import": "annotations", "type": "external"}], "functions": {"minimum_cost_path": {"doc": {"long_description": "a given matrix\n\n>>> minimum_cost_path([[2, 1], [3, 1], [4, 2]])\n6\n\n>>> minimum_cost_path([[2, 1, 4], [2, 1, 3], [3, 2, 1]])\n7", "short_description": "Find the minimum cost traced by all possible paths from top left to bottom right in"}, "args": ["matrix"], "min_max_lineno": {"min_lineno": 6, "max_lineno": 32}, "calls": ["range", "range", "range", "len", "len", "len", "range", "len", "min"]}}, "main_info": {"main_flag": 1, "type": "script"}, "is_test": false}