{"file": {"path": "/Users/rakshithagnanasekaran/desktop/Python/dynamic_programming/minimum_steps_to_one.py", "fileNameBase": "minimum_steps_to_one", "extension": "py", "doc": {"long_description": "Given an integer n, return the minimum steps to 1\n\nAVAILABLE STEPS:\n    * Decrement by 1\n    * if n is divisible by 2, divide by 2\n    * if n is divisible by 3, divide by 3\n\n\nExample 1: n = 10\n10 -> 9 -> 3 -> 1\nResult: 3 steps\n\nExample 2: n = 15\n15 -> 5 -> 4 -> 2 -> 1\nResult: 4 steps\n\nExample 3: n = 6\n6 -> 2 -> 1\nResult: 2 step", "short_description": "YouTube Explanation: https://www.youtube.com/watch?v=f2xi3c1S95M", "full": "YouTube Explanation: https://www.youtube.com/watch?v=f2xi3c1S95M\n\nGiven an integer n, return the minimum steps to 1\n\nAVAILABLE STEPS:\n    * Decrement by 1\n    * if n is divisible by 2, divide by 2\n    * if n is divisible by 3, divide by 3\n\n\nExample 1: n = 10\n10 -> 9 -> 3 -> 1\nResult: 3 steps\n\nExample 2: n = 15\n15 -> 5 -> 4 -> 2 -> 1\nResult: 4 steps\n\nExample 3: n = 6\n6 -> 2 -> 1\nResult: 2 step"}}, "dependencies": [{"from_module": "__future__", "import": "annotations", "type": "external"}], "functions": {"min_steps_to_one": {"doc": {"long_description": ">>> min_steps_to_one(10)\n3\n>>> min_steps_to_one(15)\n4\n>>> min_steps_to_one(6)\n2", "short_description": "Minimum steps to 1 implemented using tabulation.", "returns": {"type_name": "int", "is_generator": false}}, "args": ["number"], "min_max_lineno": {"min_lineno": 30, "max_lineno": 60}, "calls": ["range", "ValueError", "min", "min", "min"]}}, "main_info": {"main_flag": 1, "type": "script"}, "is_test": false}