{"file": {"path": "/Users/rakshithagnanasekaran/desktop/Python/dynamic_programming/minimum_coin_change.py", "fileNameBase": "minimum_coin_change", "extension": "py", "doc": {"long_description": "where the value of each coins is given in the array S=[S0,... Sm-1]\nCan you determine number of ways of making change for n units using\nthe given types of coins?\nhttps://www.hackerrank.com/challenges/coin-change/problem", "short_description": "You have m types of coins available in infinite quantities", "full": "You have m types of coins available in infinite quantities\nwhere the value of each coins is given in the array S=[S0,... Sm-1]\nCan you determine number of ways of making change for n units using\nthe given types of coins?\nhttps://www.hackerrank.com/challenges/coin-change/problem"}}, "functions": {"dp_count": {"doc": {"long_description": "4\n>>> dp_count([1, 2, 3], 7)\n8\n>>> dp_count([2, 5, 3, 6], 10)\n5\n>>> dp_count([10], 99)\n0\n>>> dp_count([4, 5, 6], 0)\n1\n>>> dp_count([1, 2, 3], -5)\n0", "short_description": ">>> dp_count([1, 2, 3], 4)"}, "args": ["S", "n"], "min_max_lineno": {"min_lineno": 10, "max_lineno": 41}, "calls": ["range"]}}, "main_info": {"main_flag": 1, "type": "script"}, "is_test": false}