{"file": {"path": "/Users/rakshithagnanasekaran/desktop/Python/dynamic_programming/minimum_partition.py", "fileNameBase": "minimum_partition", "extension": "py", "doc": {"short_description": "Partition a set into two subsets such that the difference of subset sums is minimum", "full": "Partition a set into two subsets such that the difference of subset sums is minimum"}}, "functions": {"findMin": {"args": ["arr"], "returns": [["diff"]], "min_max_lineno": {"min_lineno": 6, "max_lineno": 31}, "calls": ["len", "sum", "range", "range", "range", "range", "range", "int", "range", "range"], "store_vars_calls": {"n": "len", "s": "sum"}}}, "is_test": false}