{"file": {"path": "/Users/rakshithagnanasekaran/desktop/Python/dynamic_programming/optimal_binary_search_tree.py", "fileNameBase": "optimal_binary_search_tree", "extension": "py"}, "dependencies": [{"import": "sys", "type": "external"}, {"from_module": "random", "import": "randint", "type": "external"}], "classes": {"Node": {"doc": {"short_description": "Binary Search Tree Node", "full": "Binary Search Tree Node"}, "min_max_lineno": {"min_lineno": 23, "max_lineno": 36}, "methods": {"__init__": {"args": ["self", "key", "freq"], "min_max_lineno": {"min_lineno": 26, "max_lineno": 29}}, "__str__": {"doc": {"long_description": "'Node(key=1, freq=2)'", "short_description": ">>> str(Node(1, 2))"}, "args": ["self"], "min_max_lineno": {"min_lineno": 30, "max_lineno": 36}}}}}, "functions": {"print_binary_search_tree": {"doc": {"long_description": ">>> key = [3, 8, 9, 10, 17, 21]\n>>> root = [[0, 1, 1, 1, 1, 1], [0, 1, 1, 1, 1, 3], [0, 0, 2, 3, 3, 3],                 [0, 0, 0, 3, 3, 3], [0, 0, 0, 0, 4, 5], [0, 0, 0, 0, 0, 5]]\n>>> print_binary_search_tree(root, key, 0, 5, -1, False)\n8 is the root of the binary search tree.\n3 is the left child of key 8.\n10 is the right child of key 8.\n9 is the left child of key 10.\n21 is the right child of key 10.\n17 is the left child of key 21.", "short_description": "Recursive function to print a BST from a root table."}, "args": ["root", "key", "i", "j", "parent", "is_left"], "min_max_lineno": {"min_lineno": 38, "max_lineno": 66}, "calls": ["optimal_binary_search_tree.print_binary_search_tree", "optimal_binary_search_tree.print_binary_search_tree", "print", "print", "print", "len"]}, "find_optimal_binary_search_tree": {"doc": {"long_description": "The dynamic programming algorithm below runs in O(n^2) time.\nImplemented from CLRS (Introduction to Algorithms) book.\nhttps://en.wikipedia.org/wiki/Introduction_to_Algorithms\n\n>>> find_optimal_binary_search_tree([Node(12, 8), Node(10, 34), Node(20, 50),                                          Node(42, 3), Node(25, 40), Node(37, 30)])\nBinary search tree nodes:\nNode(key=10, freq=34)\nNode(key=12, freq=8)\nNode(key=20, freq=50)\nNode(key=25, freq=40)\nNode(key=37, freq=30)\nNode(key=42, freq=3)\n<BLANKLINE>\nThe cost of optimal BST for given tree nodes is 324.\n20 is the root of the binary search tree.\n10 is the left child of key 20.\n12 is the right child of key 10.\n25 is the right child of key 20.\n37 is the right child of key 25.\n42 is the right child of key 37.", "short_description": "This function calculates and prints the optimal binary search tree."}, "args": ["nodes"], "min_max_lineno": {"min_lineno": 68, "max_lineno": 135}, "calls": ["nodes.sort", "len", "range", "print", "print", "optimal_binary_search_tree.print_binary_search_tree", "range", "print", "range", "range", "range", "range", "range", "range", "range", "range", "range"], "store_vars_calls": {"n": "len"}}, "main": {"min_max_lineno": {"min_lineno": 137, "max_lineno": 141}, "calls": ["optimal_binary_search_tree.find_optimal_binary_search_tree", "optimal_binary_search_tree.Node", "random.randint", "range"]}}, "main_info": {"main_flag": 1, "main_function": "optimal_binary_search_tree.main", "type": "script"}, "is_test": false}