{"file": {"path": "/Users/rakshithagnanasekaran/desktop/Python/dynamic_programming/rod_cutting.py", "fileNameBase": "rod_cutting", "extension": "py", "doc": {"long_description": "1. A naive recursive implementation which has an exponential runtime\n2. Two dynamic programming implementations which have quadratic runtime\n\nThe rod-cutting problem is the problem of finding the maximum possible revenue\nobtainable from a rod of length ``n`` given a list of prices for each integral piece\nof the rod. The maximum revenue can thus be obtained by cutting the rod and selling the\npieces separately or not cutting it at all if the price of it is the maximum obtainable.", "short_description": "This module provides two implementations for the rod-cutting problem:", "full": "This module provides two implementations for the rod-cutting problem:\n1. A naive recursive implementation which has an exponential runtime\n2. Two dynamic programming implementations which have quadratic runtime\n\nThe rod-cutting problem is the problem of finding the maximum possible revenue\nobtainable from a rod of length ``n`` given a list of prices for each integral piece\nof the rod. The maximum revenue can thus be obtained by cutting the rod and selling the\npieces separately or not cutting it at all if the price of it is the maximum obtainable."}}, "functions": {"naive_cut_rod_recursive": {"doc": {"long_description": "programming. The results is the same sub-problems are solved several times\nleading to an exponential runtime\n\nRuntime: O(2^n)\n\nArguments\n-------\nn: int, the length of the rod\nprices: list, the prices for each piece of rod. ``p[i-i]`` is the\nprice for a rod of length ``i``", "short_description": "Solves the rod-cutting problem via naively without using the benefit of dynamic", "returns": {"type_name": "The maximum revenue obtainable for a rod of length n given the list of prices", "is_generator": false}}, "args": ["n", "prices"], "returns": [["max_revue"]], "min_max_lineno": {"min_lineno": 14, "max_lineno": 51}, "calls": ["rod_cutting._enforce_args", "float", "range", "max", "rod_cutting.naive_cut_rod_recursive"], "store_vars_calls": {"max_revue": "max"}}, "top_down_cut_rod": {"doc": {"long_description": "problem via memoization. This function serves as a wrapper for\n_top_down_cut_rod_recursive\n\nRuntime: O(n^2)\n\nArguments\n--------\nn: int, the length of the rod\nprices: list, the prices for each piece of rod. ``p[i-i]`` is the\nprice for a rod of length ``i``", "short_description": "Constructs a top-down dynamic programming solution for the rod-cutting", "returns": {"type_name": "The maximum revenue obtainable for a rod of length n given the list of prices", "is_generator": false}}, "args": ["n", "prices"], "min_max_lineno": {"min_lineno": 53, "max_lineno": 87}, "calls": ["rod_cutting._enforce_args", "rod_cutting._top_down_cut_rod_recursive", "float", "range"]}, "_top_down_cut_rod_recursive": {"doc": {"long_description": "via memoization.\n\nRuntime: O(n^2)\n\nArguments\n--------\nn: int, the length of the rod\nprices: list, the prices for each piece of rod. ``p[i-i]`` is the\nprice for a rod of length ``i``\nmax_rev: list, the computed maximum revenue for a piece of rod.\n``max_rev[i]`` is the maximum revenue obtainable for a rod of length ``i``", "short_description": "Constructs a top-down dynamic programming solution for the rod-cutting problem", "returns": {"type_name": "The maximum revenue obtainable for a rod of length n given the list of prices", "is_generator": false}}, "args": ["n", "prices", "max_rev"], "min_max_lineno": {"min_lineno": 89, "max_lineno": 124}, "calls": ["float", "range", "max", "rod_cutting._top_down_cut_rod_recursive"], "store_vars_calls": {"max_revenue": "max"}}, "bottom_up_cut_rod": {"doc": {"long_description": "Runtime: O(n^2)\n\nArguments\n----------\nn: int, the maximum length of the rod.\nprices: list, the prices for each piece of rod. ``p[i-i]`` is the\nprice for a rod of length ``i``", "short_description": "Constructs a bottom-up dynamic programming solution for the rod-cutting problem", "returns": {"type_name": "The maximum revenue obtainable from cutting a rod of length n given", "is_generator": false}}, "args": ["n", "prices"], "min_max_lineno": {"min_lineno": 126, "max_lineno": 165}, "calls": ["rod_cutting._enforce_args", "range", "float", "range", "range", "max"], "store_vars_calls": {"max_revenue_i": "max"}}, "_enforce_args": {"doc": {"long_description": "n: int, the length of the rod\nprices: list, the price list for each piece of rod.\n\nThrows ValueError:\n\nif n is negative or there are fewer items in the price list than the length of\nthe rod", "short_description": "Basic checks on the arguments to the rod-cutting algorithms"}, "args": ["n", "prices"], "min_max_lineno": {"min_lineno": 167, "max_lineno": 185}, "calls": ["ValueError", "len", "ValueError", "len"]}, "main": {"min_max_lineno": {"min_lineno": 189, "max_lineno": 204}, "calls": ["len", "rod_cutting.top_down_cut_rod", "rod_cutting.bottom_up_cut_rod", "rod_cutting.naive_cut_rod_recursive"], "store_vars_calls": {"n": "len", "max_rev_top_down": "top_down_cut_rod", "max_rev_bottom_up": "bottom_up_cut_rod", "max_rev_naive": "naive_cut_rod_recursive"}}}, "main_info": {"main_flag": 1, "main_function": "rod_cutting.main", "type": "script"}, "is_test": true}