{"file": {"path": "/Users/rakshithagnanasekaran/desktop/Python/dynamic_programming/subset_generation.py", "fileNameBase": "subset_generation", "extension": "py"}, "functions": {"combination_util": {"doc": {"long_description": "arr[]  ---> Input Array\ndata[] ---> Temporary array to store current combination\nstart & end ---> Staring and Ending indexes in arr[]\nindex  ---> Current index in data[]\nr ---> Size of a combination to be printed", "short_description": "Current combination is ready to be printed, print it"}, "args": ["arr", "n", "r", "index", "data", "i"], "min_max_lineno": {"min_lineno": 4, "max_lineno": 28}, "calls": ["subset_generation.combination_util", "subset_generation.combination_util", "range", "print", "print"]}, "print_combination": {"args": ["arr", "n", "r"], "min_max_lineno": {"min_lineno": 33, "max_lineno": 38}, "calls": ["subset_generation.combination_util"]}}, "body": {"calls": ["subset_generation.print_combination", "len"]}, "is_test": false}