{"file": {"path": "/Users/rakshithagnanasekaran/desktop/Python/dynamic_programming/sum_of_subset.py", "fileNameBase": "sum_of_subset", "extension": "py"}, "functions": {"isSumSubset": {"doc": {"long_description": "False\n>>> isSumSubset([2, 4, 6, 8], 4, 14)\nTrue", "short_description": ">>> isSumSubset([2, 4, 6, 8], 4, 5)"}, "args": ["arr", "arrLen", "requiredSum"], "min_max_lineno": {"min_lineno": 1, "max_lineno": 32}, "calls": ["range", "range", "range", "print", "range", "range", "range"]}}, "main_info": {"main_flag": 1, "type": "script"}, "is_test": false}