{"file": {"path": "/Users/rakshithagnanasekaran/desktop/Python/fractals/julia_sets.py", "fileNameBase": "julia_sets", "extension": "py", "doc": {"long_description": "Draws Julia sets of quadratic polynomials and exponential maps.\n More specifically, this iterates the function a fixed number of times\n then plots whether the absolute value of the last iterate is greater than\n a fixed threshold (named \"escape radius\"). For the exponential map this is not\n really an escape radius but rather a convenient way to approximate the Julia\n set with bounded orbits.\n\nThe examples presented here are:\n- The Cauliflower Julia set, see e.g.\nhttps://en.wikipedia.org/wiki/File:Julia_z2%2B0,25.png\n- Other examples from https://en.wikipedia.org/wiki/Julia_set\n- An exponential map Julia set, ambiantly homeomorphic to the examples in\nhttp://www.math.univ-toulouse.fr/~cheritat/GalII/galery.html\n and\nhttps://ddd.uab.cat/pub/pubmat/02141493v43n1/02141493v43n1p27.pdf\n\nRemark: Some overflow runtime warnings are suppressed. This is because of the\n way the iteration loop is implemented, using numpy's efficient computations.\n Overflows and infinites are replaced after each step by a large number.", "short_description": "Author Alexandre De Zotti", "full": "Author Alexandre De Zotti\n\nDraws Julia sets of quadratic polynomials and exponential maps.\n More specifically, this iterates the function a fixed number of times\n then plots whether the absolute value of the last iterate is greater than\n a fixed threshold (named \"escape radius\"). For the exponential map this is not\n really an escape radius but rather a convenient way to approximate the Julia\n set with bounded orbits.\n\nThe examples presented here are:\n- The Cauliflower Julia set, see e.g.\nhttps://en.wikipedia.org/wiki/File:Julia_z2%2B0,25.png\n- Other examples from https://en.wikipedia.org/wiki/Julia_set\n- An exponential map Julia set, ambiantly homeomorphic to the examples in\nhttp://www.math.univ-toulouse.fr/~cheritat/GalII/galery.html\n and\nhttps://ddd.uab.cat/pub/pubmat/02141493v43n1/02141493v43n1p27.pdf\n\nRemark: Some overflow runtime warnings are suppressed. This is because of the\n way the iteration loop is implemented, using numpy's efficient computations.\n Overflows and infinites are replaced after each step by a large number."}}, "dependencies": [{"import": "warnings", "type": "external"}, {"from_module": "collections.abc", "import": "Callable", "type": "external"}, {"from_module": "typing", "import": "Any", "type": "external"}, {"import": "numpy", "type": "external"}, {"from_module": "matplotlib", "import": "pyplot", "type": "external"}], "functions": {"eval_exponential": {"doc": {"long_description": ">>> eval_exponential(0, 0)\n1.0\n>>> abs(eval_exponential(1, numpy.pi*1.j)) < 1e-15\nTrue\n>>> abs(eval_exponential(1.j, 0)-1-1.j) < 1e-15\nTrue", "short_description": "Evaluate $e^z + c$."}, "args": ["c_parameter", "z_values"], "min_max_lineno": {"min_lineno": 40, "max_lineno": 51}, "calls": ["numpy.exp"]}, "eval_quadratic_polynomial": {"doc": {"long_description": "4\n>>> eval_quadratic_polynomial(-1, 1)\n0\n>>> round(eval_quadratic_polynomial(1.j, 0).imag)\n1\n>>> round(eval_quadratic_polynomial(1.j, 0).real)\n0", "short_description": ">>> eval_quadratic_polynomial(0, 2)"}, "args": ["c_parameter", "z_values"], "min_max_lineno": {"min_lineno": 53, "max_lineno": 67}}, "prepare_grid": {"doc": {"long_description": "imaginary parts ranging from -window_size to window_size (inclusive).\nReturns a numpy array.\n\n>>> prepare_grid(1,3)\narray([[-1.-1.j, -1.+0.j, -1.+1.j],\n       [ 0.-1.j,  0.+0.j,  0.+1.j],\n       [ 1.-1.j,  1.+0.j,  1.+1.j]])", "short_description": "Create a grid of complex values of size nb_pixels*nb_pixels with real and"}, "args": ["window_size", "nb_pixels"], "min_max_lineno": {"min_lineno": 69, "max_lineno": 85}, "calls": ["numpy.linspace", "x.reshape.reshape", "numpy.linspace", "y.reshape.reshape"], "store_vars_calls": {"x": "x.reshape", "y": "y.reshape"}}, "iterate_function": {"doc": {"long_description": "The first argument of the function is a parameter which is contained in\nfunction_params. The variable z_0 is an array that contains the initial\nvalues to iterate from.\nThis function returns the final iterates.\n\n>>> iterate_function(eval_quadratic_polynomial, 0, 3, numpy.array([0,1,2])).shape\n(3,)\n>>> numpy.round(iterate_function(eval_quadratic_polynomial,\n... 0,\n... 3,\n... numpy.array([0,1,2]))[0])\n0j\n>>> numpy.round(iterate_function(eval_quadratic_polynomial,\n... 0,\n... 3,\n... numpy.array([0,1,2]))[1])\n(1+0j)\n>>> numpy.round(iterate_function(eval_quadratic_polynomial,\n... 0,\n... 3,\n... numpy.array([0,1,2]))[2])\n(256+0j)", "short_description": "Iterate the function \"eval_function\" exactly nb_iterations times."}, "args": ["eval_function", "function_params", "nb_iterations", "z_0", "infinity"], "returns": [["z_n"]], "min_max_lineno": {"min_lineno": 87, "max_lineno": 127}, "calls": ["z_0.astype", "range", "eval_function", "numpy.nan_to_num", "abs"], "store_vars_calls": {"z_n": "eval_function"}}, "show_results": {"doc": {"long_description": "the value of escape_radius. Adds the function_label and function_params to\nthe title.\n\n>>> show_results('80', 0, 1, numpy.array([[0,1,.5],[.4,2,1.1],[.2,1,1.3]]))", "short_description": "Plots of whether the absolute value of z_final is greater than"}, "args": ["function_label", "function_params", "escape_radius", "z_final"], "min_max_lineno": {"min_lineno": 129, "max_lineno": 148}, "calls": ["abs().transpose", "matplotlib.pyplot.matshow", "matplotlib.pyplot.title", "matplotlib.pyplot.show", "abs"], "store_vars_calls": {"abs_z_final": "abs().transpose"}}, "ignore_overflow_warnings": {"doc": {"long_description": ">>> ignore_overflow_warnings()", "short_description": "Ignore some overflow and invalid value warnings."}, "min_max_lineno": {"min_lineno": 150, "max_lineno": 169}, "calls": ["warnings.filterwarnings", "warnings.filterwarnings", "warnings.filterwarnings", "warnings.filterwarnings"]}}, "main_info": {"main_flag": 1, "main_function": "julia_sets.prepare_grid", "type": "script"}, "is_test": false}