{"file": {"path": "/Users/rakshithagnanasekaran/desktop/Python/fractals/koch_snowflake.py", "fileNameBase": "koch_snowflake", "extension": "py", "doc": {"long_description": "The Koch snowflake is a fractal curve and one of the earliest fractals to\n    have been described. The Koch snowflake can be built up iteratively, in a\n    sequence of stages. The first stage is an equilateral triangle, and each\n    successive stage is formed by adding outward bends to each side of the\n    previous stage, making smaller equilateral triangles.\n    This can be achieved through the following steps for each line:\n        1. divide the line segment into three segments of equal length.\n        2. draw an equilateral triangle that has the middle segment from step 1\n        as its base and points outward.\n        3. remove the line segment that is the base of the triangle from step 2.\n    (description adapted from https://en.wikipedia.org/wiki/Koch_snowflake )\n    (for a more detailed explanation and an implementation in the\n    Processing language, see  https://natureofcode.com/book/chapter-8-fractals/\n    #84-the-koch-curve-and-the-arraylist-technique )\n\nRequirements (pip):\n    - matplotlib\n    - numpy", "short_description": "Description", "full": "Description\n    The Koch snowflake is a fractal curve and one of the earliest fractals to\n    have been described. The Koch snowflake can be built up iteratively, in a\n    sequence of stages. The first stage is an equilateral triangle, and each\n    successive stage is formed by adding outward bends to each side of the\n    previous stage, making smaller equilateral triangles.\n    This can be achieved through the following steps for each line:\n        1. divide the line segment into three segments of equal length.\n        2. draw an equilateral triangle that has the middle segment from step 1\n        as its base and points outward.\n        3. remove the line segment that is the base of the triangle from step 2.\n    (description adapted from https://en.wikipedia.org/wiki/Koch_snowflake )\n    (for a more detailed explanation and an implementation in the\n    Processing language, see  https://natureofcode.com/book/chapter-8-fractals/\n    #84-the-koch-curve-and-the-arraylist-technique )\n\nRequirements (pip):\n    - matplotlib\n    - numpy"}}, "dependencies": [{"from_module": "__future__", "import": "annotations", "type": "external"}, {"import": "matplotlib", "alias": "plt", "type": "external"}, {"import": "numpy", "type": "external"}], "functions": {"iterate": {"doc": {"long_description": "Be careful with high values (above 5) since the time to calculate increases\nexponentially.\n>>> iterate([numpy.array([0, 0]), numpy.array([1, 0])], 1)\n[array([0, 0]), array([0.33333333, 0.        ]), array([0.5       , 0.28867513]), array([0.66666667, 0.        ]), array([1, 0])]", "short_description": "Go through the number of iterations determined by the argument \"steps\"."}, "args": ["initial_vectors", "steps"], "returns": [["vectors"]], "min_max_lineno": {"min_lineno": 39, "max_lineno": 52}, "calls": ["range", "koch_snowflake.iteration_step"], "store_vars_calls": {"vectors": "iteration_step"}}, "iteration_step": {"doc": {"long_description": "vectors is divided into 4 segments by adding 3 additional vectors in-between\nthe original two vectors. The vector in the middle is constructed through a\n60 degree rotation so it is bent outwards.\n>>> iteration_step([numpy.array([0, 0]), numpy.array([1, 0])])\n[array([0, 0]), array([0.33333333, 0.        ]), array([0.5       , 0.28867513]), array([0.66666667, 0.        ]), array([1, 0])]", "short_description": "Loops through each pair of adjacent vectors. Each line between two adjacent"}, "args": ["vectors"], "returns": [["new_vectors"]], "min_max_lineno": {"min_lineno": 54, "max_lineno": 76}, "calls": ["enumerate", "new_vectors.append", "new_vectors.append", "new_vectors.append", "new_vectors.append", "new_vectors.append", "koch_snowflake.rotate"]}, "rotate": {"doc": {"long_description": "(see https://en.wikipedia.org/wiki/Rotation_matrix )\n>>> rotate(numpy.array([1, 0]), 60)\narray([0.5      , 0.8660254])\n>>> rotate(numpy.array([1, 0]), 90)\narray([6.123234e-17, 1.000000e+00])", "short_description": "Standard rotation of a 2D vector with a rotation matrix"}, "args": ["vector", "angle_in_degrees"], "min_max_lineno": {"min_lineno": 78, "max_lineno": 91}, "calls": ["numpy.radians", "numpy.array", "numpy.dot", "numpy.cos", "numpy.sin"], "store_vars_calls": {"theta": "numpy.radians", "rotation_matrix": "numpy.array"}}, "plot": {"doc": {"long_description": "No doctest was implemented since this function does not have a return value", "short_description": "Utility function to plot the vectors using matplotlib.pyplot"}, "args": ["vectors"], "min_max_lineno": {"min_lineno": 93, "max_lineno": 108}, "calls": ["matplotlib.gca", "plt.gca.set_aspect", "zip", "matplotlib.plot", "matplotlib.show"], "store_vars_calls": {"axes": "plt.gca"}}}, "body": {"calls": ["numpy.array", "numpy.array", "numpy.array"], "store_vars_calls": {"VECTOR_1": "numpy.array", "VECTOR_2": "numpy.array", "VECTOR_3": "numpy.array"}}, "main_info": {"main_flag": 1, "type": "script"}, "is_test": false}