{"file": {"path": "/Users/rakshithagnanasekaran/desktop/Python/fractals/mandelbrot.py", "fileNameBase": "mandelbrot", "extension": "py", "doc": {"long_description": "\"z_(n+1) = z_n * z_n + c\" does not diverge, i.e. remains bounded. Thus, a\ncomplex number \"c\" is a member of the Mandelbrot set if, when starting with\n\"z_0 = 0\" and applying the iteration repeatedly, the absolute value of\n\"z_n\" remains bounded for all \"n > 0\". Complex numbers can be written as\n\"a + b*i\": \"a\" is the real component, usually drawn on the x-axis, and \"b*i\"\nis the imaginary component, usually drawn on the y-axis. Most visualizations\nof the Mandelbrot set use a color-coding to indicate after how many steps in\nthe series the numbers outside the set diverge. Images of the Mandelbrot set\nexhibit an elaborate and infinitely complicated boundary that reveals\nprogressively ever-finer recursive detail at increasing magnifications, making\nthe boundary of the Mandelbrot set a fractal curve.\n(description adapted from https://en.wikipedia.org/wiki/Mandelbrot_set )\n(see also https://en.wikipedia.org/wiki/Plotting_algorithms_for_the_Mandelbrot_set )", "short_description": "The Mandelbrot set is the set of complex numbers \"c\" for which the series", "full": "The Mandelbrot set is the set of complex numbers \"c\" for which the series\n\"z_(n+1) = z_n * z_n + c\" does not diverge, i.e. remains bounded. Thus, a\ncomplex number \"c\" is a member of the Mandelbrot set if, when starting with\n\"z_0 = 0\" and applying the iteration repeatedly, the absolute value of\n\"z_n\" remains bounded for all \"n > 0\". Complex numbers can be written as\n\"a + b*i\": \"a\" is the real component, usually drawn on the x-axis, and \"b*i\"\nis the imaginary component, usually drawn on the y-axis. Most visualizations\nof the Mandelbrot set use a color-coding to indicate after how many steps in\nthe series the numbers outside the set diverge. Images of the Mandelbrot set\nexhibit an elaborate and infinitely complicated boundary that reveals\nprogressively ever-finer recursive detail at increasing magnifications, making\nthe boundary of the Mandelbrot set a fractal curve.\n(description adapted from https://en.wikipedia.org/wiki/Mandelbrot_set )\n(see also https://en.wikipedia.org/wiki/Plotting_algorithms_for_the_Mandelbrot_set )"}}, "dependencies": [{"import": "colorsys", "type": "external"}, {"from_module": "PIL", "import": "Image", "type": "external"}], "functions": {"get_distance": {"doc": {"long_description": "constituted by this x-y-pair diverges. Members of the Mandelbrot set do not\ndiverge so their distance is 1.\n\n>>> get_distance(0, 0, 50)\n1.0\n>>> get_distance(0.5, 0.5, 50)\n0.061224489795918366\n>>> get_distance(2, 0, 50)\n0.0", "short_description": "Return the relative distance (= step/max_step) after which the complex number"}, "args": ["x", "y", "max_step"], "min_max_lineno": {"min_lineno": 24, "max_lineno": 49}, "calls": ["range"]}, "get_black_and_white_rgb": {"doc": {"long_description": "set is black, everything else is white.\n\n>>> get_black_and_white_rgb(0)\n(255, 255, 255)\n>>> get_black_and_white_rgb(0.5)\n(255, 255, 255)\n>>> get_black_and_white_rgb(1)\n(0, 0, 0)", "short_description": "Black&white color-coding that ignores the relative distance. The Mandelbrot"}, "args": ["distance"], "min_max_lineno": {"min_lineno": 51, "max_lineno": 67}}, "get_color_coded_rgb": {"doc": {"long_description": "is black.\n\n>>> get_color_coded_rgb(0)\n(255, 0, 0)\n>>> get_color_coded_rgb(0.5)\n(0, 255, 255)\n>>> get_color_coded_rgb(1)\n(0, 0, 0)", "short_description": "Color-coding taking the relative distance into account. The Mandelbrot set"}, "args": ["distance"], "min_max_lineno": {"min_lineno": 69, "max_lineno": 85}, "calls": ["tuple", "round", "colorsys.hsv_to_rgb"]}, "get_image": {"doc": {"long_description": "are used: image-coordinates that refer to the pixels and figure-coordinates\nthat refer to the complex numbers inside and outside the Mandelbrot set. The\nfigure-coordinates in the arguments of this function determine which section\nof the Mandelbrot set is viewed. The main area of the Mandelbrot set is\nroughly between \"-1.5 < x < 0.5\" and \"-1 < y < 1\" in the figure-coordinates.\n\nCommenting out tests that slow down pytest...\n# 13.35s call     fractals/mandelbrot.py::mandelbrot.get_image\n# >>> get_image().load()[0,0]\n(255, 0, 0)\n# >>> get_image(use_distance_color_coding = False).load()[0,0]\n(255, 255, 255)", "short_description": "Function to generate the image of the Mandelbrot set. Two types of coordinates"}, "args": ["image_width", "image_height", "figure_center_x", "figure_center_y", "figure_width", "max_step", "use_distance_color_coding"], "returns": [["img"]], "min_max_lineno": {"min_lineno": 87, "max_lineno": 132}, "calls": ["PIL.Image.new", "Image.new.load", "range", "range", "mandelbrot.get_distance", "mandelbrot.get_color_coded_rgb", "mandelbrot.get_black_and_white_rgb"], "store_vars_calls": {"img": "Image.new", "pixels": "img.load", "distance": "get_distance"}}}, "main_info": {"main_flag": 1, "type": "script"}, "is_test": false}