{"file": {"path": "/Users/rakshithagnanasekaran/desktop/Python/fractals/sierpinski_triangle.py", "fileNameBase": "sierpinski_triangle", "extension": "py", "doc": {"long_description": "Simple example of Fractal generation using recursive function.\n\nWhat is Sierpinski Triangle?\n>>The Sierpinski triangle (also with the original orthography Sierpinski), also called\nthe Sierpinski gasket or the Sierpinski Sieve, is a fractal and attractive fixed set\nwith the overall shape of an equilateral triangle, subdivided recursively into smaller\nequilateral triangles. Originally constructed as a curve, this is one of the basic\nexamples of self-similar sets, i.e., it is a mathematically generated pattern that can\nbe reproducible at any magnification or reduction. It is named after the Polish\nmathematician Wac\u0142aw Sierpinski, but appeared as a decorative pattern many centuries\nprior to the work of Sierpinski.\n\nRequirements(pip):\n  - turtle\n\nPython:\n  - 2.6\n\nUsage:\n  - $python sierpinski_triangle.py <int:depth_for_fractal>\n\nCredits: This code was written by editing the code from\nhttp://www.riannetrujillo.com/blog/python-fractal/", "short_description": "Author Anurag Kumar | anuragkumarak95@gmail.com | git/anuragkumarak95", "full": "Author Anurag Kumar | anuragkumarak95@gmail.com | git/anuragkumarak95\n\nSimple example of Fractal generation using recursive function.\n\nWhat is Sierpinski Triangle?\n>>The Sierpinski triangle (also with the original orthography Sierpinski), also called\nthe Sierpinski gasket or the Sierpinski Sieve, is a fractal and attractive fixed set\nwith the overall shape of an equilateral triangle, subdivided recursively into smaller\nequilateral triangles. Originally constructed as a curve, this is one of the basic\nexamples of self-similar sets, i.e., it is a mathematically generated pattern that can\nbe reproducible at any magnification or reduction. It is named after the Polish\nmathematician Wac\u0142aw Sierpinski, but appeared as a decorative pattern many centuries\nprior to the work of Sierpinski.\n\nRequirements(pip):\n  - turtle\n\nPython:\n  - 2.6\n\nUsage:\n  - $python sierpinski_triangle.py <int:depth_for_fractal>\n\nCredits: This code was written by editing the code from\nhttp://www.riannetrujillo.com/blog/python-fractal/"}}, "dependencies": [{"import": "sys", "type": "external"}, {"import": "turtle", "type": "external"}], "functions": {"getMid": {"args": ["p1", "p2"], "min_max_lineno": {"min_lineno": 38, "max_lineno": 40}}, "triangle": {"args": ["points", "depth"], "min_max_lineno": {"min_lineno": 42, "max_lineno": 63}, "calls": ["myPen.up", "myPen.goto", "myPen.down", "myPen.goto", "myPen.goto", "myPen.goto", "sierpinski_triangle.triangle", "sierpinski_triangle.triangle", "sierpinski_triangle.triangle", "sierpinski_triangle.getMid", "sierpinski_triangle.getMid", "sierpinski_triangle.getMid", "sierpinski_triangle.getMid", "sierpinski_triangle.getMid", "sierpinski_triangle.getMid"]}}, "main_info": {"main_flag": 1, "type": "script"}, "is_test": false}