{"file": {"path": "/Users/rakshithagnanasekaran/desktop/Python/data_structures/disjoint_set/alternate_disjoint_set.py", "fileNameBase": "alternate_disjoint_set", "extension": "py", "doc": {"long_description": "Union by Rank Heuristic and Path Compression", "short_description": "Implements a disjoint set using Lists and some added heuristics for efficiency", "full": "Implements a disjoint set using Lists and some added heuristics for efficiency\nUnion by Rank Heuristic and Path Compression"}}, "classes": {"DisjointSet": {"min_max_lineno": {"min_lineno": 7, "max_lineno": 69}, "methods": {"__init__": {"doc": {"long_description": "and with rank = 1 for each set", "short_description": "Initialize with a list of the number of items in each set"}, "args": ["self", "set_counts"], "min_max_lineno": {"min_lineno": 8, "max_lineno": 18}, "calls": ["max", "len", "list", "range"], "store_vars_calls": {"self.max_set": "max", "num_sets": "len", "self.parents": "list"}}, "merge": {"doc": {"long_description": "Return True if successful\nMerge two disjoint sets\n>>> A = DisjointSet([1, 1, 1])\n>>> A.merge(1, 2)\nTrue\n>>> A.merge(0, 2)\nTrue\n>>> A.merge(0, 1)\nFalse", "short_description": "Merge two sets together using Union by rank heuristic"}, "args": ["self", "src", "dst"], "min_max_lineno": {"min_lineno": 19, "max_lineno": 53}, "calls": ["alternate_disjoint_set.DisjointSet.get_parent", "alternate_disjoint_set.DisjointSet.get_parent", "max"], "store_vars_calls": {"src_parent": "self.get_parent", "dst_parent": "self.get_parent", "self.max_set": "max"}}, "get_parent": {"doc": {"long_description": ">>> A = DisjointSet([1, 1, 1])\n>>> A.merge(1, 2)\nTrue\n>>> A.get_parent(0)\n0\n>>> A.get_parent(1)\n2", "short_description": "Find the Parent of a given set"}, "args": ["self", "disj_set"], "returns": [["disj_set"]], "min_max_lineno": {"min_lineno": 54, "max_lineno": 69}, "calls": ["alternate_disjoint_set.DisjointSet.get_parent"]}}}}, "is_test": false}