{"file": {"path": "/Users/rakshithagnanasekaran/desktop/Python/data_structures/disjoint_set/disjoint_set.py", "fileNameBase": "disjoint_set", "extension": "py", "doc": {"long_description": "Reference: https://en.wikipedia.org/wiki/Disjoint-set_data_structure", "short_description": "Disjoint set.", "full": "Disjoint set.\nReference: https://en.wikipedia.org/wiki/Disjoint-set_data_structure"}}, "classes": {"Node": {"min_max_lineno": {"min_lineno": 7, "max_lineno": 12}, "methods": {"__init__": {"args": ["self", "data"], "min_max_lineno": {"min_lineno": 8, "max_lineno": 12}}}}}, "functions": {"make_set": {"doc": {"short_description": "Make x as a set."}, "args": ["x"], "min_max_lineno": {"min_lineno": 14, "max_lineno": 22}}, "union_set": {"doc": {"long_description": "set with bigger rank should be parent, so that the\ndisjoint set tree will be more flat.", "short_description": "Union of two sets."}, "args": ["x", "y"], "min_max_lineno": {"min_lineno": 24, "max_lineno": 40}, "calls": ["disjoint_set.find_set", "disjoint_set.find_set"]}, "find_set": {"doc": {"short_description": "Return the parent of x"}, "args": ["x"], "min_max_lineno": {"min_lineno": 42, "max_lineno": 49}, "calls": ["disjoint_set.find_set"], "store_vars_calls": {"x.parent": "find_set"}}, "find_python_set": {"doc": {"short_description": "Return a Python Standard Library set that contains i."}, "args": ["node"], "returns": [["s"]], "min_max_lineno": {"min_lineno": 51, "max_lineno": 60}, "calls": ["ValueError"]}, "test_disjoint_set": {"doc": {"short_description": ">>> test_disjoint_set()"}, "min_max_lineno": {"min_lineno": 62, "max_lineno": 81}, "calls": ["disjoint_set.union_set", "disjoint_set.union_set", "disjoint_set.union_set", "disjoint_set.union_set", "disjoint_set.Node", "disjoint_set.make_set", "range", "find_python_set().isdisjoint", "disjoint_set.find_python_set", "disjoint_set.find_python_set", "disjoint_set.find_set", "disjoint_set.find_set", "disjoint_set.find_set", "disjoint_set.find_set"]}}, "main_info": {"main_flag": 1, "main_function": "disjoint_set.test_disjoint_set", "type": "script"}, "is_test": false}