{"file": {"path": "/Users/rakshithagnanasekaran/desktop/Python/machine_learning/local_weighted_learning/local_weighted_learning.py", "fileNameBase": "local_weighted_learning", "extension": "py"}, "dependencies": [{"import": "matplotlib", "alias": "plt", "type": "external"}, {"import": "numpy", "alias": "np", "type": "external"}], "functions": {"weighted_matrix": {"doc": {"long_description": "data set. It takes training_point , query_point, and tau\nHere Tau is not a fixed value it can be varied depends on output.\ntau --> bandwidth\nxmat -->Training data\npoint --> the x where we want to make predictions\n>>> weighted_matrix(np.array([1., 1.]),np.mat([[16.99, 10.34], [21.01,23.68],\n...                    [24.59,25.69]]), 0.6)\nmatrix([[1.43807972e-207, 0.00000000e+000, 0.00000000e+000],\n        [0.00000000e+000, 0.00000000e+000, 0.00000000e+000],\n        [0.00000000e+000, 0.00000000e+000, 0.00000000e+000]])", "short_description": "Calculate the weight for every point in the"}, "args": ["point", "training_data_x", "bandwidth"], "returns": [["weights"]], "min_max_lineno": {"min_lineno": 7, "max_lineno": 30}, "calls": ["numpy.shape", "numpy.mat", "range", "numpy.eye", "numpy.exp"], "store_vars_calls": {"weights": "np.mat"}}, "local_weight": {"doc": {"long_description": "Return the weighted matrix.\n>>> local_weight(np.array([1., 1.]),np.mat([[16.99, 10.34], [21.01,23.68],\n...                 [24.59,25.69]]),np.mat([[1.01, 1.66, 3.5]]), 0.6)\nmatrix([[0.00873174],\n        [0.08272556]])", "short_description": "Calculate the local weights using the weight_matrix function on training data."}, "args": ["point", "training_data_x", "training_data_y", "bandwidth"], "returns": [["W"]], "min_max_lineno": {"min_lineno": 32, "max_lineno": 49}, "calls": ["local_weighted_learning.weighted_matrix"], "store_vars_calls": {"weight": "weighted_matrix"}}, "local_weight_regression": {"doc": {"long_description": ">>> local_weight_regression(np.mat([[16.99, 10.34], [21.01,23.68],\n...                            [24.59,25.69]]),np.mat([[1.01, 1.66, 3.5]]), 0.6)\narray([1.07173261, 1.65970737, 3.50160179])", "short_description": "Calculate predictions for each data point on axis."}, "args": ["training_data_x", "training_data_y", "bandwidth"], "returns": [["ypred"]], "min_max_lineno": {"min_lineno": 51, "max_lineno": 69}, "calls": ["numpy.shape", "numpy.zeros", "enumerate", "local_weighted_learning.local_weight"], "store_vars_calls": {"ypred": "np.zeros"}}, "load_data": {"doc": {"long_description": ">>> pass # this function has no doctest", "short_description": "Function used for loading data from the seaborn splitting into x and y points"}, "args": ["dataset_name", "cola_name", "colb_name"], "returns": [["training_data_x", "mcol_b", "col_a", "col_b"]], "min_max_lineno": {"min_lineno": 71, "max_lineno": 92}, "calls": ["sns.load_dataset", "numpy.array", "numpy.array", "numpy.mat", "numpy.mat", "numpy.ones", "numpy.hstack", "numpy.shape"], "store_vars_calls": {"data": "sns.load_dataset", "col_a": "np.array", "col_b": "np.array", "mcol_a": "np.mat", "mcol_b": "np.mat", "one": "np.ones", "training_data_x": "np.hstack"}}, "get_preds": {"doc": {"long_description": ">>> get_preds(np.mat([[16.99, 10.34], [21.01,23.68],\n...                     [24.59,25.69]]),np.mat([[1.01, 1.66, 3.5]]), 0.6)\narray([1.07173261, 1.65970737, 3.50160179])", "short_description": "Get predictions with minimum error for each training data"}, "args": ["training_data_x", "mcol_b", "tau"], "returns": [["ypred"]], "min_max_lineno": {"min_lineno": 94, "max_lineno": 103}, "calls": ["local_weighted_learning.local_weight_regression"], "store_vars_calls": {"ypred": "local_weight_regression"}}, "plot_preds": {"doc": {"long_description": ">>> pass #this function has no doctest", "short_description": "This function used to plot predictions and display the graph"}, "args": ["training_data_x", "predictions", "col_x", "col_y", "cola_name", "colb_name"], "min_max_lineno": {"min_lineno": 105, "max_lineno": 130}, "calls": ["training_data_x.copy", "training_data_x.copy.sort", "matplotlib.scatter", "matplotlib.plot", "matplotlib.title", "matplotlib.xlabel", "matplotlib.ylabel", "matplotlib.show", "training_data_x[].argsort"], "store_vars_calls": {"xsort": "training_data_x.copy"}}}, "main_info": {"main_flag": 1, "main_function": "local_weighted_learning.load_data", "type": "script"}, "is_test": false}