{"file": {"path": "/Users/rakshithagnanasekaran/desktop/inspect4py/test/test_files/BoostingMonocularDepth/lib/multi_depth_model_woauxi.py", "fileNameBase": "multi_depth_model_woauxi", "extension": "py"}, "dependencies": [{"from_module": "lib", "import": "network_auxi", "alias": "network", "type": "external"}, {"from_module": "lib.net_tools", "import": "get_func", "type": "external"}, {"import": "torch", "type": "external"}, {"import": "torch", "alias": "nn", "type": "external"}], "classes": {"RelDepthModel": {"extend": ["nn.Module"], "min_max_lineno": {"min_lineno": 6, "max_lineno": 21}, "methods": {"__init__": {"args": ["self", "backbone"], "min_max_lineno": {"min_lineno": 7, "max_lineno": 14}, "calls": ["torch.Module.__init__", "multi_depth_model_woauxi.DepthModel"], "store_vars_calls": {"self.depth_model": "DepthModel"}}, "inference": {"args": ["self", "rgb"], "returns": [["depth"]], "min_max_lineno": {"min_lineno": 15, "max_lineno": 21}, "calls": ["torch.no_grad", "torch.no_grad", "torch.no_grad", "torch.no_grad", "rgb.cuda", "multi_depth_model_woauxi.RelDepthModel.depth_model"], "store_vars_calls": {"input": "rgb.cuda", "depth": "self.depth_model"}}}}, "DepthModel": {"extend": ["nn.Module"], "min_max_lineno": {"min_lineno": 23, "max_lineno": 34}, "methods": {"__init__": {"args": ["self", "encoder"], "min_max_lineno": {"min_lineno": 24, "max_lineno": 29}, "calls": ["torch.Module.__init__", "lib.network_auxi.Decoder", "lib.net_tools.get_func", "lib.network_auxi.__name__.split"], "store_vars_calls": {"self.decoder_modules": "network.Decoder"}}, "forward": {"args": ["self", "x"], "returns": [["out_logit"]], "min_max_lineno": {"min_lineno": 30, "max_lineno": 34}, "calls": ["multi_depth_model_woauxi.DepthModel.encoder_modules", "multi_depth_model_woauxi.DepthModel.decoder_modules"], "store_vars_calls": {"lateral_out": "self.encoder_modules", "out_logit": "self.decoder_modules"}}}}}, "is_test": false}