{"file": {"path": "/Users/rakshithagnanasekaran/desktop/inspect4py/test/test_files/BoostingMonocularDepth/lib/net_tools.py", "fileNameBase": "net_tools", "extension": "py"}, "dependencies": [{"import": "importlib", "type": "external"}, {"import": "torch", "type": "external"}, {"import": "os", "type": "external"}, {"from_module": "collections", "import": "OrderedDict", "type": "external"}], "functions": {"get_func": {"doc": {"long_description": "function in this module or the path to a function relative to the base\n'modeling' module.", "short_description": "Helper to return a function object by name. func_name must identify a"}, "args": ["func_name"], "min_max_lineno": {"min_lineno": 7, "max_lineno": 26}, "calls": ["func_name.split", "importlib.import_module", "getattr", "len", "print", "globals"], "store_vars_calls": {"parts": "func_name.split", "module": "importlib.import_module"}}, "load_ckpt": {"doc": {"short_description": "Load checkpoint."}, "args": ["args", "depth_model", "shift_model", "focal_model"], "min_max_lineno": {"min_lineno": 27, "max_lineno": 44}, "calls": ["os.path.isfile", "print", "torch.load", "depth_model.load_state_dict", "torch.cuda.empty_cache", "shift_model.load_state_dict", "focal_model.load_state_dict", "net_tools.strip_prefix_if_present", "net_tools.strip_prefix_if_present", "net_tools.strip_prefix_if_present"], "store_vars_calls": {"checkpoint": "torch.load"}}, "strip_prefix_if_present": {"args": ["state_dict", "prefix"], "returns": [["stripped_state_dict"], ["state_dict"]], "min_max_lineno": {"min_lineno": 46, "max_lineno": 54}, "calls": ["sorted", "collections.OrderedDict", "state_dict.items", "state_dict.keys", "all", "key.startswith", "key.replace"], "store_vars_calls": {"keys": "sorted", "stripped_state_dict": "OrderedDict"}}}, "is_test": false}