{"file": {"path": "/Users/rakshithagnanasekaran/desktop/inspect4py/test/test_files/BoostingMonocularDepth/lib/network_auxi.py", "fileNameBase": "network_auxi", "extension": "py"}, "dependencies": [{"import": "torch", "type": "external"}, {"import": "torch", "alias": "nn", "type": "external"}, {"import": "torch", "alias": "init", "type": "external"}, {"from_module": "lib", "import": "Resnet", "type": "external"}, {"from_module": "lib", "import": "Resnext_torch", "type": "external"}], "classes": {"Decoder": {"extend": ["nn.Module"], "min_max_lineno": {"min_lineno": 15, "max_lineno": 63}, "methods": {"__init__": {"args": ["self"], "min_max_lineno": {"min_lineno": 16, "max_lineno": 33}, "calls": ["torch.Module.__init__", "network_auxi.FTB", "torch.Conv2d", "torch.Conv2d", "torch.Conv2d", "torch.Upsample", "torch.Upsample", "torch.Upsample", "network_auxi.FFM", "network_auxi.FFM", "network_auxi.FFM", "network_auxi.AO", "network_auxi.Decoder._init_params"], "store_vars_calls": {"self.conv": "FTB", "self.conv1": "nn.Conv2d", "self.upsample": "nn.Upsample", "self.ffm2": "FFM", "self.ffm1": "FFM", "self.ffm0": "FFM", "self.outconv": "AO"}}, "_init_params": {"args": ["self"], "min_max_lineno": {"min_lineno": 34, "max_lineno": 51}, "calls": ["network_auxi.Decoder.modules", "isinstance", "torch.normal_", "torch.normal_", "torch.normal_", "isinstance", "torch.constant_", "torch.constant_", "torch.constant_", "torch.normal_", "torch.normal_", "torch.normal_", "isinstance", "torch.constant_", "torch.constant_", "torch.constant_", "torch.constant_", "torch.constant_", "torch.constant_", "torch.constant_", "torch.constant_", "torch.constant_", "isinstance", "torch.normal_", "torch.normal_", "torch.normal_", "torch.constant_", "torch.constant_", "torch.constant_"]}, "forward": {"args": ["self", "features"], "returns": [["x"]], "min_max_lineno": {"min_lineno": 52, "max_lineno": 63}, "calls": ["network_auxi.Decoder.conv", "network_auxi.Decoder.conv1", "network_auxi.Decoder.upsample", "network_auxi.Decoder.ffm2", "network_auxi.Decoder.ffm1", "network_auxi.Decoder.ffm0", "network_auxi.Decoder.outconv"], "store_vars_calls": {"x_32x": "self.conv", "x_32": "self.conv1", "x_16": "self.upsample", "x_8": "self.ffm2", "x_4": "self.ffm1", "x_2": "self.ffm0", "x": "self.outconv"}}}}, "DepthNet": {"extend": ["nn.Module"], "min_max_lineno": {"min_lineno": 64, "max_lineno": 98}, "methods": {"__init__": {"args": ["self", "backbone", "depth", "upfactors"], "min_max_lineno": {"min_lineno": 72, "max_lineno": 94}, "calls": ["torch.Module.__init__", "KeyError", "lib.Resnext_torch.resnext101_32x8d", "lib.Resnext_torch.resnext101"], "store_vars_calls": {"self.encoder": "Resnext_torch.resnext101"}}, "forward": {"args": ["self", "x"], "returns": [["x"]], "min_max_lineno": {"min_lineno": 95, "max_lineno": 98}, "calls": ["network_auxi.DepthNet.encoder"], "store_vars_calls": {"x": "self.encoder"}}}}, "FTB": {"extend": ["nn.Module"], "min_max_lineno": {"min_lineno": 100, "max_lineno": 145}, "methods": {"__init__": {"args": ["self", "inchannels", "midchannels"], "min_max_lineno": {"min_lineno": 101, "max_lineno": 118}, "calls": ["torch.Module.__init__", "torch.Conv2d", "torch.Conv2d", "torch.Conv2d", "torch.Sequential", "torch.Sequential", "torch.Sequential", "torch.ReLU", "torch.ReLU", "torch.ReLU", "network_auxi.FTB.init_params", "torch.ReLU", "torch.ReLU", "torch.ReLU", "torch.Conv2d", "torch.Conv2d", "torch.Conv2d", "torch.BatchNorm2d", "torch.BatchNorm2d", "torch.BatchNorm2d", "torch.ReLU", "torch.ReLU", "torch.ReLU", "torch.Conv2d", "torch.Conv2d", "torch.Conv2d"], "store_vars_calls": {"self.conv1": "nn.Conv2d", "self.conv_branch": "nn.Sequential", "self.relu": "nn.ReLU"}}, "forward": {"args": ["self", "x"], "returns": [["x"]], "min_max_lineno": {"min_lineno": 119, "max_lineno": 125}, "calls": ["network_auxi.FTB.conv1", "network_auxi.FTB.relu", "network_auxi.FTB.conv_branch"], "store_vars_calls": {"x": "self.relu"}}, "init_params": {"args": ["self"], "min_max_lineno": {"min_lineno": 126, "max_lineno": 145}, "calls": ["network_auxi.FTB.modules", "isinstance", "torch.normal_", "torch.normal_", "torch.normal_", "isinstance", "torch.constant_", "torch.constant_", "torch.constant_", "torch.normal_", "torch.normal_", "torch.normal_", "isinstance", "torch.constant_", "torch.constant_", "torch.constant_", "torch.constant_", "torch.constant_", "torch.constant_", "torch.constant_", "torch.constant_", "torch.constant_", "isinstance", "torch.normal_", "torch.normal_", "torch.normal_", "torch.constant_", "torch.constant_", "torch.constant_"]}}}, "ATA": {"extend": ["nn.Module"], "min_max_lineno": {"min_lineno": 147, "max_lineno": 189}, "methods": {"__init__": {"args": ["self", "inchannels", "reduction"], "min_max_lineno": {"min_lineno": 148, "max_lineno": 157}, "calls": ["torch.Module.__init__", "torch.AdaptiveAvgPool2d", "torch.AdaptiveAvgPool2d", "torch.AdaptiveAvgPool2d", "torch.Sequential", "torch.Sequential", "torch.Sequential", "network_auxi.ATA.init_params", "torch.Linear", "torch.Linear", "torch.Linear", "torch.ReLU", "torch.ReLU", "torch.ReLU", "torch.Linear", "torch.Linear", "torch.Linear", "torch.Sigmoid", "torch.Sigmoid", "torch.Sigmoid"], "store_vars_calls": {"self.avg_pool": "nn.AdaptiveAvgPool2d", "self.fc": "nn.Sequential"}}, "forward": {"args": ["self", "low_x", "high_x"], "returns": [["x"]], "min_max_lineno": {"min_lineno": 158, "max_lineno": 167}, "calls": ["low_x.size", "torch.cat", "torch.cat", "torch.cat", "torch.cat", "torch.cat", "torch.cat", "torch.cat", "torch.cat", "torch.cat", "network_auxi.ATA.avg_pool", "network_auxi.ATA.view", "network_auxi.ATA.fc().view", "network_auxi.ATA.fc"], "store_vars_calls": {"x": "self.fc().view"}}, "init_params": {"args": ["self"], "min_max_lineno": {"min_lineno": 168, "max_lineno": 189}, "calls": ["network_auxi.ATA.modules", "isinstance", "torch.xavier_normal_", "torch.xavier_normal_", "torch.xavier_normal_", "isinstance", "torch.constant_", "torch.constant_", "torch.constant_", "torch.xavier_normal_", "torch.xavier_normal_", "torch.xavier_normal_", "isinstance", "torch.constant_", "torch.constant_", "torch.constant_", "torch.constant_", "torch.constant_", "torch.constant_", "torch.constant_", "torch.constant_", "torch.constant_", "isinstance", "torch.normal_", "torch.normal_", "torch.normal_", "torch.constant_", "torch.constant_", "torch.constant_"]}}}, "FFM": {"extend": ["nn.Module"], "min_max_lineno": {"min_lineno": 191, "max_lineno": 236}, "methods": {"__init__": {"args": ["self", "inchannels", "midchannels", "outchannels", "upfactor"], "min_max_lineno": {"min_lineno": 192, "max_lineno": 206}, "calls": ["torch.Module.__init__", "network_auxi.FTB", "network_auxi.FTB", "torch.Upsample", "torch.Upsample", "torch.Upsample", "network_auxi.FFM.init_params"], "store_vars_calls": {"self.ftb1": "FTB", "self.ftb2": "FTB", "self.upsample": "nn.Upsample"}}, "forward": {"args": ["self", "low_x", "high_x"], "returns": [["x"]], "min_max_lineno": {"min_lineno": 207, "max_lineno": 214}, "calls": ["network_auxi.FFM.ftb1", "network_auxi.FFM.ftb2", "network_auxi.FFM.upsample"], "store_vars_calls": {"x": "self.upsample"}}, "init_params": {"args": ["self"], "min_max_lineno": {"min_lineno": 215, "max_lineno": 236}, "calls": ["network_auxi.FFM.modules", "isinstance", "torch.normal_", "torch.normal_", "torch.normal_", "isinstance", "torch.constant_", "torch.constant_", "torch.constant_", "torch.normal_", "torch.normal_", "torch.normal_", "isinstance", "torch.constant_", "torch.constant_", "torch.constant_", "torch.constant_", "torch.constant_", "torch.constant_", "torch.constant_", "torch.constant_", "torch.constant_", "isinstance", "torch.normal_", "torch.normal_", "torch.normal_", "torch.constant_", "torch.constant_", "torch.constant_"]}}}, "AO": {"extend": ["nn.Module"], "min_max_lineno": {"min_lineno": 238, "max_lineno": 282}, "methods": {"__init__": {"args": ["self", "inchannels", "outchannels", "upfactor"], "min_max_lineno": {"min_lineno": 240, "max_lineno": 256}, "calls": ["torch.Module.__init__", "torch.Sequential", "torch.Sequential", "torch.Sequential", "network_auxi.AO.init_params", "torch.Conv2d", "torch.Conv2d", "torch.Conv2d", "torch.BatchNorm2d", "torch.BatchNorm2d", "torch.BatchNorm2d", "torch.ReLU", "torch.ReLU", "torch.ReLU", "torch.Conv2d", "torch.Conv2d", "torch.Conv2d", "torch.Upsample", "torch.Upsample", "torch.Upsample"], "store_vars_calls": {"self.adapt_conv": "nn.Sequential"}}, "forward": {"args": ["self", "x"], "returns": [["x"]], "min_max_lineno": {"min_lineno": 257, "max_lineno": 260}, "calls": ["network_auxi.AO.adapt_conv"], "store_vars_calls": {"x": "self.adapt_conv"}}, "init_params": {"args": ["self"], "min_max_lineno": {"min_lineno": 261, "max_lineno": 282}, "calls": ["network_auxi.AO.modules", "isinstance", "torch.normal_", "torch.normal_", "torch.normal_", "isinstance", "torch.constant_", "torch.constant_", "torch.constant_", "torch.normal_", "torch.normal_", "torch.normal_", "isinstance", "torch.constant_", "torch.constant_", "torch.constant_", "torch.constant_", "torch.constant_", "torch.constant_", "torch.constant_", "torch.constant_", "torch.constant_", "isinstance", "torch.normal_", "torch.normal_", "torch.normal_", "torch.constant_", "torch.constant_", "torch.constant_"]}}}, "ResidualConv": {"extend": ["nn.Module"], "min_max_lineno": {"min_lineno": 288, "max_lineno": 331}, "methods": {"__init__": {"args": ["self", "inchannels"], "min_max_lineno": {"min_lineno": 289, "max_lineno": 305}, "calls": ["torch.Module.__init__", "torch.Sequential", "torch.Sequential", "torch.Sequential", "network_auxi.ResidualConv.init_params", "torch.ReLU", "torch.ReLU", "torch.ReLU", "torch.Conv2d", "torch.Conv2d", "torch.Conv2d", "torch.BatchNorm2d", "torch.BatchNorm2d", "torch.BatchNorm2d", "torch.ReLU", "torch.ReLU", "torch.ReLU", "torch.Conv2d", "torch.Conv2d", "torch.Conv2d"], "store_vars_calls": {"self.conv": "nn.Sequential"}}, "forward": {"args": ["self", "x"], "returns": [["x"]], "min_max_lineno": {"min_lineno": 306, "max_lineno": 309}, "calls": ["network_auxi.ResidualConv.conv"]}, "init_params": {"args": ["self"], "min_max_lineno": {"min_lineno": 310, "max_lineno": 331}, "calls": ["network_auxi.ResidualConv.modules", "isinstance", "torch.normal_", "torch.normal_", "torch.normal_", "isinstance", "torch.constant_", "torch.constant_", "torch.constant_", "torch.normal_", "torch.normal_", "torch.normal_", "isinstance", "torch.constant_", "torch.constant_", "torch.constant_", "torch.constant_", "torch.constant_", "torch.constant_", "torch.constant_", "torch.constant_", "torch.constant_", "isinstance", "torch.normal_", "torch.normal_", "torch.normal_", "torch.constant_", "torch.constant_", "torch.constant_"]}}}, "FeatureFusion": {"extend": ["nn.Module"], "min_max_lineno": {"min_lineno": 333, "max_lineno": 368}, "methods": {"__init__": {"args": ["self", "inchannels", "outchannels"], "min_max_lineno": {"min_lineno": 334, "max_lineno": 343}, "calls": ["torch.Module.__init__", "network_auxi.ResidualConv", "torch.Sequential", "torch.Sequential", "torch.Sequential", "network_auxi.ResidualConv", "torch.ConvTranspose2d", "torch.ConvTranspose2d", "torch.ConvTranspose2d", "torch.BatchNorm2d", "torch.BatchNorm2d", "torch.BatchNorm2d", "torch.ReLU", "torch.ReLU", "torch.ReLU"], "store_vars_calls": {"self.conv": "ResidualConv", "self.up": "nn.Sequential"}}, "forward": {"args": ["self", "lowfeat", "highfeat"], "min_max_lineno": {"min_lineno": 344, "max_lineno": 346}, "calls": ["network_auxi.FeatureFusion.up", "network_auxi.FeatureFusion.conv"]}, "init_params": {"args": ["self"], "min_max_lineno": {"min_lineno": 347, "max_lineno": 368}, "calls": ["network_auxi.FeatureFusion.modules", "isinstance", "torch.normal_", "torch.normal_", "torch.normal_", "isinstance", "torch.constant_", "torch.constant_", "torch.constant_", "torch.normal_", "torch.normal_", "torch.normal_", "isinstance", "torch.constant_", "torch.constant_", "torch.constant_", "torch.constant_", "torch.constant_", "torch.constant_", "torch.constant_", "torch.constant_", "torch.constant_", "isinstance", "torch.normal_", "torch.normal_", "torch.normal_", "torch.constant_", "torch.constant_", "torch.constant_"]}}}, "SenceUnderstand": {"extend": ["nn.Module"], "min_max_lineno": {"min_lineno": 370, "max_lineno": 409}, "methods": {"__init__": {"args": ["self", "channels"], "min_max_lineno": {"min_lineno": 371, "max_lineno": 383}, "calls": ["torch.Module.__init__", "torch.Sequential", "torch.Sequential", "torch.Sequential", "torch.AdaptiveAvgPool2d", "torch.AdaptiveAvgPool2d", "torch.AdaptiveAvgPool2d", "torch.Sequential", "torch.Sequential", "torch.Sequential", "torch.Sequential", "torch.Sequential", "torch.Sequential", "network_auxi.SenceUnderstand.initial_params", "torch.Conv2d", "torch.Conv2d", "torch.Conv2d", "torch.ReLU", "torch.ReLU", "torch.ReLU", "torch.Linear", "torch.Linear", "torch.Linear", "torch.ReLU", "torch.ReLU", "torch.ReLU", "torch.Conv2d", "torch.Conv2d", "torch.Conv2d", "torch.ReLU", "torch.ReLU", "torch.ReLU"], "store_vars_calls": {"self.conv1": "nn.Sequential", "self.pool": "nn.AdaptiveAvgPool2d", "self.fc": "nn.Sequential", "self.conv2": "nn.Sequential"}}, "forward": {"args": ["self", "x"], "returns": [["x"]], "min_max_lineno": {"min_lineno": 384, "max_lineno": 394}, "calls": ["x.repeat.repeat.size", "network_auxi.SenceUnderstand.conv1", "network_auxi.SenceUnderstand.pool", "x.repeat.repeat.view", "network_auxi.SenceUnderstand.fc", "x.repeat.repeat.view", "network_auxi.SenceUnderstand.conv2", "x.repeat.repeat.repeat"], "store_vars_calls": {"x": "x.repeat"}}, "initial_params": {"args": ["self", "dev"], "min_max_lineno": {"min_lineno": 395, "max_lineno": 409}, "calls": ["network_auxi.SenceUnderstand.modules", "isinstance", "m.weight.data.normal_", "isinstance", "m.bias.data.fill_", "m.weight.data.normal_", "isinstance", "m.bias.data.fill_", "m.weight.data.normal_"]}}}}, "functions": {"resnet50_stride32": {"min_max_lineno": {"min_lineno": 8, "max_lineno": 10}, "calls": ["network_auxi.DepthNet"]}, "resnext101_stride32x8d": {"min_max_lineno": {"min_lineno": 11, "max_lineno": 13}, "calls": ["network_auxi.DepthNet"]}}, "main_info": {"main_flag": 1, "main_function": "network_auxi.DepthNet", "type": "script"}, "is_test": false}