{"file": {"path": "/Users/rakshithagnanasekaran/desktop/inspect4py/test/test_files/BoostingMonocularDepth/lib/Resnext_torch.py", "fileNameBase": "Resnext_torch", "extension": "py"}, "dependencies": [{"import": "torch", "alias": "nn", "type": "external"}], "classes": {"BasicBlock": {"extend": ["nn.Module"], "min_max_lineno": {"min_lineno": 30, "max_lineno": 68}, "methods": {"__init__": {"args": ["self", "inplanes", "planes", "stride", "downsample", "groups", "base_width", "dilation", "norm_layer"], "min_max_lineno": {"min_lineno": 33, "max_lineno": 50}, "calls": ["torch.Module.__init__", "Resnext_torch.conv3x3", "norm_layer", "torch.ReLU", "Resnext_torch.conv3x3", "norm_layer", "ValueError", "NotImplementedError"], "store_vars_calls": {"self.conv1": "conv3x3", "self.bn1": "norm_layer", "self.relu": "nn.ReLU", "self.conv2": "conv3x3", "self.bn2": "norm_layer"}}, "forward": {"args": ["self", "x"], "returns": [["out"]], "min_max_lineno": {"min_lineno": 51, "max_lineno": 68}, "calls": ["Resnext_torch.BasicBlock.conv1", "Resnext_torch.BasicBlock.bn1", "Resnext_torch.BasicBlock.relu", "Resnext_torch.BasicBlock.conv2", "Resnext_torch.BasicBlock.bn2", "Resnext_torch.BasicBlock.relu", "Resnext_torch.BasicBlock.downsample"], "store_vars_calls": {"out": "self.relu", "identity": "self.downsample"}}}}, "Bottleneck": {"extend": ["nn.Module"], "min_max_lineno": {"min_lineno": 70, "max_lineno": 117}, "methods": {"__init__": {"args": ["self", "inplanes", "planes", "stride", "downsample", "groups", "base_width", "dilation", "norm_layer"], "min_max_lineno": {"min_lineno": 79, "max_lineno": 95}, "calls": ["torch.Module.__init__", "Resnext_torch.conv1x1", "norm_layer", "Resnext_torch.conv3x3", "norm_layer", "Resnext_torch.conv1x1", "norm_layer", "torch.ReLU", "int"], "store_vars_calls": {"self.conv1": "conv1x1", "self.bn1": "norm_layer", "self.conv2": "conv3x3", "self.bn2": "norm_layer", "self.conv3": "conv1x1", "self.bn3": "norm_layer", "self.relu": "nn.ReLU"}}, "forward": {"args": ["self", "x"], "returns": [["out"]], "min_max_lineno": {"min_lineno": 96, "max_lineno": 117}, "calls": ["Resnext_torch.Bottleneck.conv1", "Resnext_torch.Bottleneck.bn1", "Resnext_torch.Bottleneck.relu", "Resnext_torch.Bottleneck.conv2", "Resnext_torch.Bottleneck.bn2", "Resnext_torch.Bottleneck.relu", "Resnext_torch.Bottleneck.conv3", "Resnext_torch.Bottleneck.bn3", "Resnext_torch.Bottleneck.relu", "Resnext_torch.Bottleneck.downsample"], "store_vars_calls": {"out": "self.relu", "identity": "self.downsample"}}}}, "ResNet": {"extend": ["nn.Module"], "min_max_lineno": {"min_lineno": 119, "max_lineno": 224}, "methods": {"__init__": {"args": ["self", "block", "layers", "num_classes", "zero_init_residual", "groups", "width_per_group", "replace_stride_with_dilation", "norm_layer"], "min_max_lineno": {"min_lineno": 121, "max_lineno": 171}, "calls": ["torch.Module.__init__", "torch.Conv2d", "norm_layer", "torch.ReLU", "torch.MaxPool2d", "Resnext_torch.ResNet._make_layer", "Resnext_torch.ResNet._make_layer", "Resnext_torch.ResNet._make_layer", "Resnext_torch.ResNet._make_layer", "Resnext_torch.ResNet.modules", "len", "ValueError", "isinstance", "Resnext_torch.ResNet.modules", "torch.init.kaiming_normal_", "isinstance", "isinstance", "torch.init.constant_", "torch.init.constant_", "torch.init.constant_", "isinstance", "torch.init.constant_"], "store_vars_calls": {"self.conv1": "nn.Conv2d", "self.bn1": "norm_layer", "self.relu": "nn.ReLU", "self.maxpool": "nn.MaxPool2d", "self.layer1": "self._make_layer", "self.layer2": "self._make_layer", "self.layer3": "self._make_layer", "self.layer4": "self._make_layer"}}, "_make_layer": {"args": ["self", "block", "planes", "blocks", "stride", "dilate"], "min_max_lineno": {"min_lineno": 172, "max_lineno": 195}, "calls": ["layers.append", "range", "torch.Sequential", "torch.Sequential", "block", "layers.append", "Resnext_torch.conv1x1", "norm_layer", "block"], "store_vars_calls": {"downsample": "nn.Sequential"}}, "_forward_impl": {"args": ["self", "x"], "returns": [["features"]], "min_max_lineno": {"min_lineno": 196, "max_lineno": 221}, "calls": ["Resnext_torch.ResNet.conv1", "Resnext_torch.ResNet.bn1", "Resnext_torch.ResNet.relu", "Resnext_torch.ResNet.maxpool", "Resnext_torch.ResNet.layer1", "features.append", "Resnext_torch.ResNet.layer2", "features.append", "Resnext_torch.ResNet.layer3", "features.append", "Resnext_torch.ResNet.layer4", "features.append"], "store_vars_calls": {"x": "self.layer4"}}, "forward": {"args": ["self", "x"], "min_max_lineno": {"min_lineno": 222, "max_lineno": 224}, "calls": ["Resnext_torch.ResNet._forward_impl"]}}}}, "functions": {"conv3x3": {"doc": {"short_description": "3x3 convolution with padding"}, "args": ["in_planes", "out_planes", "stride", "groups", "dilation"], "min_max_lineno": {"min_lineno": 19, "max_lineno": 23}, "calls": ["torch.Conv2d"]}, "conv1x1": {"doc": {"short_description": "1x1 convolution"}, "args": ["in_planes", "out_planes", "stride"], "min_max_lineno": {"min_lineno": 25, "max_lineno": 28}, "calls": ["torch.Conv2d"]}, "resnext101_32x8d": {"doc": {"short_description": "Constructs a ResNet-152 model.", "args": {"pretrained": {"description": "If True, returns a model pre-trained on ImageNet", "type_name": "bool", "is_optional": false}}}, "args": ["pretrained"], "returns": [["model"]], "min_max_lineno": {"min_lineno": 227, "max_lineno": 237}, "calls": ["Resnext_torch.ResNet"], "store_vars_calls": {"model": "ResNet"}}}, "main_info": {"main_flag": 1, "type": "script"}, "is_test": false}