{"file": {"path": "/Users/rakshithagnanasekaran/desktop/inspect4py/test/test_files/BoostingMonocularDepth/lib/Resnet.py", "fileNameBase": "Resnet", "extension": "py"}, "dependencies": [{"import": "torch", "alias": "nn", "type": "external"}, {"import": "torch", "alias": "NN", "type": "external"}], "classes": {"BasicBlock": {"extend": ["nn.Module"], "min_max_lineno": {"min_lineno": 23, "max_lineno": 53}, "methods": {"__init__": {"args": ["self", "inplanes", "planes", "stride", "downsample"], "min_max_lineno": {"min_lineno": 26, "max_lineno": 35}, "calls": ["torch.Module.__init__", "Resnet.conv3x3", "torch.BatchNorm2d", "torch.BatchNorm2d", "torch.ReLU", "torch.ReLU", "Resnet.conv3x3", "torch.BatchNorm2d", "torch.BatchNorm2d"], "store_vars_calls": {"self.conv1": "conv3x3", "self.bn1": "NN.BatchNorm2d", "self.relu": "nn.ReLU", "self.conv2": "conv3x3", "self.bn2": "NN.BatchNorm2d"}}, "forward": {"args": ["self", "x"], "returns": [["out"]], "min_max_lineno": {"min_lineno": 36, "max_lineno": 53}, "calls": ["Resnet.BasicBlock.conv1", "Resnet.BasicBlock.bn1", "Resnet.BasicBlock.relu", "Resnet.BasicBlock.conv2", "Resnet.BasicBlock.bn2", "Resnet.BasicBlock.relu", "Resnet.BasicBlock.downsample"], "store_vars_calls": {"out": "self.relu", "residual": "self.downsample"}}}}, "Bottleneck": {"extend": ["nn.Module"], "min_max_lineno": {"min_lineno": 55, "max_lineno": 92}, "methods": {"__init__": {"args": ["self", "inplanes", "planes", "stride", "downsample"], "min_max_lineno": {"min_lineno": 58, "max_lineno": 70}, "calls": ["torch.Module.__init__", "torch.Conv2d", "torch.Conv2d", "torch.BatchNorm2d", "torch.BatchNorm2d", "torch.Conv2d", "torch.Conv2d", "torch.BatchNorm2d", "torch.BatchNorm2d", "torch.Conv2d", "torch.Conv2d", "torch.BatchNorm2d", "torch.BatchNorm2d", "torch.ReLU", "torch.ReLU"], "store_vars_calls": {"self.conv1": "nn.Conv2d", "self.bn1": "NN.BatchNorm2d", "self.conv2": "nn.Conv2d", "self.bn2": "NN.BatchNorm2d", "self.conv3": "nn.Conv2d", "self.bn3": "NN.BatchNorm2d", "self.relu": "nn.ReLU"}}, "forward": {"args": ["self", "x"], "returns": [["out"]], "min_max_lineno": {"min_lineno": 71, "max_lineno": 92}, "calls": ["Resnet.Bottleneck.conv1", "Resnet.Bottleneck.bn1", "Resnet.Bottleneck.relu", "Resnet.Bottleneck.conv2", "Resnet.Bottleneck.bn2", "Resnet.Bottleneck.relu", "Resnet.Bottleneck.conv3", "Resnet.Bottleneck.bn3", "Resnet.Bottleneck.relu", "Resnet.Bottleneck.downsample"], "store_vars_calls": {"out": "self.relu", "residual": "self.downsample"}}}}, "ResNet": {"extend": ["nn.Module"], "min_max_lineno": {"min_lineno": 94, "max_lineno": 153}, "methods": {"__init__": {"args": ["self", "block", "layers", "num_classes"], "min_max_lineno": {"min_lineno": 96, "max_lineno": 117}, "calls": ["torch.Module.__init__", "torch.Conv2d", "torch.Conv2d", "torch.BatchNorm2d", "torch.BatchNorm2d", "torch.ReLU", "torch.ReLU", "torch.MaxPool2d", "torch.MaxPool2d", "Resnet.ResNet._make_layer", "Resnet.ResNet._make_layer", "Resnet.ResNet._make_layer", "Resnet.ResNet._make_layer", "Resnet.ResNet.modules", "isinstance", "torch.init.kaiming_normal_", "torch.init.kaiming_normal_", "isinstance", "torch.init.constant_", "torch.init.constant_", "torch.init.constant_", "torch.init.constant_"], "store_vars_calls": {"self.conv1": "nn.Conv2d", "self.bn1": "NN.BatchNorm2d", "self.relu": "nn.ReLU", "self.maxpool": "nn.MaxPool2d", "self.layer1": "self._make_layer", "self.layer2": "self._make_layer", "self.layer3": "self._make_layer", "self.layer4": "self._make_layer"}}, "_make_layer": {"args": ["self", "block", "planes", "blocks", "stride"], "min_max_lineno": {"min_lineno": 118, "max_lineno": 134}, "calls": ["layers.append", "range", "torch.Sequential", "torch.Sequential", "torch.Sequential", "torch.Sequential", "block", "layers.append", "torch.Conv2d", "torch.Conv2d", "torch.BatchNorm2d", "torch.BatchNorm2d", "block"], "store_vars_calls": {"downsample": "nn.Sequential"}}, "forward": {"args": ["self", "x"], "returns": [["features"]], "min_max_lineno": {"min_lineno": 135, "max_lineno": 153}, "calls": ["Resnet.ResNet.conv1", "Resnet.ResNet.bn1", "Resnet.ResNet.relu", "Resnet.ResNet.maxpool", "Resnet.ResNet.layer1", "features.append", "Resnet.ResNet.layer2", "features.append", "Resnet.ResNet.layer3", "features.append", "Resnet.ResNet.layer4", "features.append"], "store_vars_calls": {"x": "self.layer4"}}}}}, "functions": {"conv3x3": {"doc": {"short_description": "3x3 convolution with padding"}, "args": ["in_planes", "out_planes", "stride"], "min_max_lineno": {"min_lineno": 17, "max_lineno": 21}, "calls": ["torch.Conv2d"]}, "resnet18": {"doc": {"short_description": "Constructs a ResNet-18 model.", "args": {"pretrained": {"description": "If True, returns a model pre-trained on ImageNet", "type_name": "bool", "is_optional": false}}}, "args": ["pretrained"], "returns": [["model"]], "min_max_lineno": {"min_lineno": 155, "max_lineno": 162}, "calls": ["Resnet.ResNet"], "store_vars_calls": {"model": "ResNet"}}, "resnet34": {"doc": {"short_description": "Constructs a ResNet-34 model.", "args": {"pretrained": {"description": "If True, returns a model pre-trained on ImageNet", "type_name": "bool", "is_optional": false}}}, "args": ["pretrained"], "returns": [["model"]], "min_max_lineno": {"min_lineno": 164, "max_lineno": 171}, "calls": ["Resnet.ResNet"], "store_vars_calls": {"model": "ResNet"}}, "resnet50": {"doc": {"short_description": "Constructs a ResNet-50 model.", "args": {"pretrained": {"description": "If True, returns a model pre-trained on ImageNet", "type_name": "bool", "is_optional": false}}}, "args": ["pretrained"], "returns": [["model"]], "min_max_lineno": {"min_lineno": 173, "max_lineno": 181}, "calls": ["Resnet.ResNet"], "store_vars_calls": {"model": "ResNet"}}, "resnet101": {"doc": {"short_description": "Constructs a ResNet-101 model.", "args": {"pretrained": {"description": "If True, returns a model pre-trained on ImageNet", "type_name": "bool", "is_optional": false}}}, "args": ["pretrained"], "returns": [["model"]], "min_max_lineno": {"min_lineno": 183, "max_lineno": 191}, "calls": ["Resnet.ResNet"], "store_vars_calls": {"model": "ResNet"}}, "resnet152": {"doc": {"short_description": "Constructs a ResNet-152 model.", "args": {"pretrained": {"description": "If True, returns a model pre-trained on ImageNet", "type_name": "bool", "is_optional": false}}}, "args": ["pretrained"], "returns": [["model"]], "min_max_lineno": {"min_lineno": 193, "max_lineno": 200}, "calls": ["Resnet.ResNet"], "store_vars_calls": {"model": "ResNet"}}}, "is_test": false}