{"file": {"path": "/Users/rakshithagnanasekaran/desktop/inspect4py/test/test_files/BoostingMonocularDepth/lib/spvcnn_utils.py", "fileNameBase": "spvcnn_utils", "extension": "py"}, "dependencies": [{"import": "torchsparse", "alias": "spf", "type": "external"}, {"from_module": "torchsparse.point_tensor", "import": "PointTensor", "type": "external"}], "functions": {"initial_voxelize": {"args": ["z", "init_res", "after_res"], "returns": [["new_tensor"]], "min_max_lineno": {"min_lineno": 12, "max_lineno": 33}, "calls": ["torch.cat", "torchsparse.sphash", "torch.unique", "torchsparse.sphashquery", "torchsparse.spcount", "torchsparse.spvoxelize", "torch.round().int", "torchsparse.spvoxelize", "SparseTensor", "SparseTensor.check", "torch.floor().int", "spf.sphashquery.int", "len", "torch.floor", "z.C[].view", "torch.round", "torch.floor"], "store_vars_calls": {"new_float_coord": "torch.cat", "pc_hash": "spf.sphash", "sparse_hash": "torch.unique", "idx_query": "spf.sphashquery", "counts": "spf.spcount", "inserted_coords": "torch.round().int", "inserted_feat": "spf.spvoxelize", "new_tensor": "SparseTensor"}}, "point_to_voxel": {"args": ["x", "z"], "returns": [["new_tensor"]], "min_max_lineno": {"min_lineno": 37, "max_lineno": 61}, "calls": ["torchsparse.spvoxelize", "SparseTensor", "torchsparse.sphash", "torchsparse.sphash", "torchsparse.sphashquery", "torchsparse.spcount", "z.additional_features.get", "z.additional_features[].get", "torch.cat", "spf.sphashquery.int", "z.C[].int().view", "torch.floor().int", "z.C[].int", "torch.floor"], "store_vars_calls": {"inserted_feat": "spf.spvoxelize", "new_tensor": "SparseTensor", "pc_hash": "spf.sphash", "sparse_hash": "spf.sphash", "idx_query": "spf.sphashquery", "counts": "spf.spcount"}}, "voxel_to_point": {"args": ["x", "z", "nearest"], "returns": [["new_tensor"]], "min_max_lineno": {"min_lineno": 65, "max_lineno": 104}, "calls": ["KernelRegion", "KernelRegion.get_kernel_offset().to", "torchsparse.sphash", "torchsparse.sphash", "torchsparse.sphashquery", "torchsparse.calc_ti_weights().transpose().contiguous", "idx_query.transpose().contiguous.transpose().contiguous", "torchsparse.spdevoxelize", "torchsparse.point_tensor.PointTensor", "torchsparse.spdevoxelize", "torchsparse.point_tensor.PointTensor", "z.idx_query.get", "z.weights.get", "torch.cat", "x.C.to", "z.idx_query.get", "z.weights.get", "KernelRegion.get_kernel_offset", "torchsparse.calc_ti_weights().transpose", "idx_query.transpose().contiguous.transpose", "z.C[].int().view", "torch.floor().int", "torchsparse.calc_ti_weights", "z.C[].int", "torch.floor"], "store_vars_calls": {"kr": "KernelRegion", "off": "kr.get_kernel_offset().to", "old_hash": "spf.sphash", "pc_hash": "spf.sphash", "idx_query": "idx_query.transpose().contiguous", "weights": "spf.calc_ti_weights().transpose().contiguous", "new_feat": "spf.spdevoxelize", "new_tensor": "PointTensor"}}}, "is_test": false}