{"file": {"path": "/Users/rakshithagnanasekaran/desktop/inspect4py/test/test_files/BoostingMonocularDepth/lib/spvcnn_classsification.py", "fileNameBase": "spvcnn_classsification", "extension": "py"}, "dependencies": [{"import": "torch", "alias": "nn", "type": "external"}, {"import": "torchsparse", "alias": "spnn", "type": "external"}, {"from_module": "torchsparse.point_tensor", "import": "PointTensor", "type": "external"}], "classes": {"BasicConvolutionBlock": {"extend": ["nn.Module"], "min_max_lineno": {"min_lineno": 10, "max_lineno": 25}, "methods": {"__init__": {"args": ["self", "inc", "outc", "ks", "stride", "dilation"], "min_max_lineno": {"min_lineno": 11, "max_lineno": 21}, "calls": ["torch.Module.__init__", "torch.Sequential", "torchsparse.Conv3d", "torchsparse.BatchNorm", "torchsparse.ReLU"], "store_vars_calls": {"self.net": "nn.Sequential"}}, "forward": {"args": ["self", "x"], "returns": [["out"]], "min_max_lineno": {"min_lineno": 22, "max_lineno": 25}, "calls": ["spvcnn_classsification.BasicConvolutionBlock.net"], "store_vars_calls": {"out": "self.net"}}}}, "BasicDeconvolutionBlock": {"extend": ["nn.Module"], "min_max_lineno": {"min_lineno": 27, "max_lineno": 41}, "methods": {"__init__": {"args": ["self", "inc", "outc", "ks", "stride"], "min_max_lineno": {"min_lineno": 28, "max_lineno": 38}, "calls": ["torch.Module.__init__", "torch.Sequential", "torchsparse.Conv3d", "torchsparse.BatchNorm", "torchsparse.ReLU"], "store_vars_calls": {"self.net": "nn.Sequential"}}, "forward": {"args": ["self", "x"], "min_max_lineno": {"min_lineno": 39, "max_lineno": 41}, "calls": ["spvcnn_classsification.BasicDeconvolutionBlock.net"]}}}, "ResidualBlock": {"extend": ["nn.Module"], "min_max_lineno": {"min_lineno": 43, "max_lineno": 72}, "methods": {"__init__": {"args": ["self", "inc", "outc", "ks", "stride", "dilation"], "min_max_lineno": {"min_lineno": 44, "max_lineno": 68}, "calls": ["torch.Module.__init__", "torch.Sequential", "torchsparse.ReLU", "torchsparse.Conv3d", "torchsparse.BatchNorm", "torchsparse.ReLU", "torchsparse.Conv3d", "torchsparse.BatchNorm", "torch.Sequential", "torch.Sequential", "torchsparse.Conv3d", "torchsparse.BatchNorm"], "store_vars_calls": {"self.net": "nn.Sequential", "self.relu": "spnn.ReLU"}}, "forward": {"args": ["self", "x"], "returns": [["out"]], "min_max_lineno": {"min_lineno": 69, "max_lineno": 72}, "calls": ["spvcnn_classsification.ResidualBlock.relu", "spvcnn_classsification.ResidualBlock.net", "spvcnn_classsification.ResidualBlock.downsample"], "store_vars_calls": {"out": "self.relu"}}}}, "SPVCNN_CLASSIFICATION": {"extend": ["nn.Module"], "min_max_lineno": {"min_lineno": 74, "max_lineno": 159}, "methods": {"__init__": {"args": ["self"], "min_max_lineno": {"min_lineno": 75, "max_lineno": 129}, "calls": ["torch.Module.__init__", "kwargs.get", "torch.Sequential", "torch.Sequential", "torch.Sequential", "torch.Sequential", "torch.Sequential", "torchsparse.GlobalAveragePooling", "torch.Sequential", "torch.ModuleList", "spvcnn_classsification.SPVCNN_CLASSIFICATION.weight_initialization", "torch.Dropout", "int", "torchsparse.Conv3d", "torchsparse.BatchNorm", "torchsparse.ReLU", "torchsparse.Conv3d", "torchsparse.BatchNorm", "torchsparse.ReLU", "spvcnn_classsification.BasicConvolutionBlock", "spvcnn_classsification.ResidualBlock", "spvcnn_classsification.ResidualBlock", "spvcnn_classsification.BasicConvolutionBlock", "spvcnn_classsification.ResidualBlock", "spvcnn_classsification.ResidualBlock", "spvcnn_classsification.BasicConvolutionBlock", "spvcnn_classsification.ResidualBlock", "spvcnn_classsification.ResidualBlock", "spvcnn_classsification.BasicConvolutionBlock", "spvcnn_classsification.ResidualBlock", "spvcnn_classsification.ResidualBlock", "torch.Linear", "torch.Sequential", "torch.Linear", "torch.BatchNorm1d", "torch.ReLU"], "store_vars_calls": {"cr": "kwargs.get", "self.stem": "nn.Sequential", "self.stage1": "nn.Sequential", "self.stage2": "nn.Sequential", "self.stage3": "nn.Sequential", "self.stage4": "nn.Sequential", "self.avg_pool": "spnn.GlobalAveragePooling", "self.classifier": "nn.Sequential", "self.point_transforms": "nn.ModuleList", "self.dropout": "nn.Dropout"}}, "weight_initialization": {"args": ["self"], "min_max_lineno": {"min_lineno": 130, "max_lineno": 135}, "calls": ["spvcnn_classsification.SPVCNN_CLASSIFICATION.modules", "isinstance", "torch.init.constant_", "torch.init.constant_"]}, "forward": {"args": ["self", "x"], "returns": [["out"]], "min_max_lineno": {"min_lineno": 136, "max_lineno": 159}, "calls": ["torchsparse.point_tensor.PointTensor", "initial_voxelize", "spvcnn_classsification.SPVCNN_CLASSIFICATION.stem", "voxel_to_point", "point_to_voxel", "spvcnn_classsification.SPVCNN_CLASSIFICATION.stage1", "spvcnn_classsification.SPVCNN_CLASSIFICATION.stage2", "spvcnn_classsification.SPVCNN_CLASSIFICATION.stage3", "spvcnn_classsification.SPVCNN_CLASSIFICATION.stage4", "voxel_to_point", "point_to_voxel", "spvcnn_classsification.SPVCNN_CLASSIFICATION.avg_pool", "spvcnn_classsification.SPVCNN_CLASSIFICATION.classifier", "x.C.float"], "store_vars_calls": {"z": "PointTensor", "x0": "self.stem", "z0": "voxel_to_point", "x1": "self.stage1", "x2": "self.stage2", "x3": "self.stage3", "x4": "self.stage4", "z1": "voxel_to_point", "y1": "point_to_voxel", "pool": "self.avg_pool", "out": "self.classifier"}}}}}, "is_test": false}