{"file": {"path": "/Users/rakshithagnanasekaran/desktop/Python/backtracking/all_permutations.py", "fileNameBase": "all_permutations", "extension": "py", "doc": {"long_description": "of the given sequence. We use backtracking to solve this problem.\n\nTime complexity: O(n! * n),\nwhere n denotes the length of the given sequence.", "short_description": "In this problem, we want to determine all possible permutations", "full": "In this problem, we want to determine all possible permutations\nof the given sequence. We use backtracking to solve this problem.\n\nTime complexity: O(n! * n),\nwhere n denotes the length of the given sequence."}}, "dependencies": [{"from_module": "__future__", "import": "annotations", "type": "external"}], "functions": {"generate_all_permutations": {"args": ["sequence"], "min_max_lineno": {"min_lineno": 11, "max_lineno": 13}, "calls": ["all_permutations.create_state_space_tree", "range", "len"]}, "create_state_space_tree": {"doc": {"long_description": "We know that each state has exactly len(sequence) - index children.\nIt terminates when it reaches the end of the given sequence.", "short_description": "Creates a state space tree to iterate through each branch using DFS."}, "args": ["sequence", "current_sequence", "index", "index_used"], "min_max_lineno": {"min_lineno": 15, "max_lineno": 38}, "calls": ["range", "len", "print", "len", "current_sequence.append", "all_permutations.create_state_space_tree", "current_sequence.pop"]}}, "body": {"calls": ["all_permutations.generate_all_permutations", "all_permutations.generate_all_permutations"]}, "is_test": false}