{"file": {"path": "/Users/rakshithagnanasekaran/desktop/Python/backtracking/all_subsequences.py", "fileNameBase": "all_subsequences", "extension": "py", "doc": {"long_description": "of the given sequence. We use backtracking to solve this problem.\n\nTime complexity: O(2^n),\nwhere n denotes the length of the given sequence.", "short_description": "In this problem, we want to determine all possible subsequences", "full": "In this problem, we want to determine all possible subsequences\nof the given sequence. We use backtracking to solve this problem.\n\nTime complexity: O(2^n),\nwhere n denotes the length of the given sequence."}}, "dependencies": [{"from_module": "__future__", "import": "annotations", "type": "external"}, {"from_module": "typing", "import": "Any", "type": "external"}], "functions": {"generate_all_subsequences": {"args": ["sequence"], "min_max_lineno": {"min_lineno": 13, "max_lineno": 15}, "calls": ["all_subsequences.create_state_space_tree"]}, "create_state_space_tree": {"doc": {"long_description": "We know that each state has exactly two children.\nIt terminates when it reaches the end of the given sequence.", "short_description": "Creates a state space tree to iterate through each branch using DFS."}, "args": ["sequence", "current_subsequence", "index"], "min_max_lineno": {"min_lineno": 17, "max_lineno": 34}, "calls": ["all_subsequences.create_state_space_tree", "current_subsequence.append", "all_subsequences.create_state_space_tree", "current_subsequence.pop", "len", "print"]}}, "main_info": {"main_flag": 1, "main_function": "all_subsequences.generate_all_subsequences", "type": "script"}, "is_test": false}