{"file": {"path": "/Users/rakshithagnanasekaran/desktop/Python/backtracking/all_combinations.py", "fileNameBase": "all_combinations", "extension": "py", "doc": {"long_description": "numbers out of 1 ... n. We use backtracking to solve this problem.\nTime complexity: O(C(n,k)) which is O(n choose k) = O((n!/(k! * (n - k)!)))", "short_description": "In this problem, we want to determine all possible combinations of k", "full": "In this problem, we want to determine all possible combinations of k\nnumbers out of 1 ... n. We use backtracking to solve this problem.\nTime complexity: O(C(n,k)) which is O(n choose k) = O((n!/(k! * (n - k)!)))"}}, "dependencies": [{"from_module": "__future__", "import": "annotations", "type": "external"}], "functions": {"generate_all_combinations": {"doc": {"long_description": "[[1, 2], [1, 3], [1, 4], [2, 3], [2, 4], [3, 4]]", "short_description": ">>> generate_all_combinations(n=4, k=2)"}, "args": ["n", "k"], "returns": [["result"]], "min_max_lineno": {"min_lineno": 9, "max_lineno": 18}, "calls": ["all_combinations.create_all_state"]}, "create_all_state": {"args": ["increment", "total_number", "level", "current_list", "total_list"], "min_max_lineno": {"min_lineno": 20, "max_lineno": 35}, "calls": ["range", "total_list.append", "current_list.append", "all_combinations.create_all_state", "current_list.pop"]}, "print_all_state": {"args": ["total_list"], "min_max_lineno": {"min_lineno": 37, "max_lineno": 40}, "calls": ["print"]}}, "main_info": {"main_flag": 1, "main_function": "all_combinations.generate_all_combinations", "type": "script"}, "is_test": false}