{"file": {"path": "/Users/rakshithagnanasekaran/desktop/Python/backtracking/coloring.py", "fileNameBase": "coloring", "extension": "py", "doc": {"long_description": "consists of coloring a given graph with at most m colors\nsuch that no adjacent vertices are assigned the same color\n\nWikipedia: https://en.wikipedia.org/wiki/Graph_coloring", "short_description": "Graph Coloring also called \"m coloring problem\"", "full": "Graph Coloring also called \"m coloring problem\"\nconsists of coloring a given graph with at most m colors\nsuch that no adjacent vertices are assigned the same color\n\nWikipedia: https://en.wikipedia.org/wiki/Graph_coloring"}}, "functions": {"valid_coloring": {"doc": {"long_description": "If any of the neighbours fail the constraint return False\nIf all neighbours validate the constraint return True\n\n>>> neighbours = [0,1,0,1,0]\n>>> colored_vertices = [0, 2, 1, 2, 0]\n\n>>> color = 1\n>>> valid_coloring(neighbours, colored_vertices, color)\nTrue\n\n>>> color = 2\n>>> valid_coloring(neighbours, colored_vertices, color)\nFalse", "short_description": "For each neighbour check if the coloring constraint is satisfied"}, "args": ["neighbours", "colored_vertices", "color"], "min_max_lineno": {"min_lineno": 10, "max_lineno": 33}, "calls": ["any", "enumerate"]}, "util_color": {"doc": {"long_description": "Base Case:\n1. Check if coloring is complete\n    1.1 If complete return True (meaning that we successfully colored the graph)\n\nRecursive Step:\n2. Iterates over each color:\n    Check if the current coloring is valid:\n        2.1. Color given vertex\n        2.2. Do recursive call, check if this coloring leads to a solution\n        2.4. if current coloring leads to a solution return\n        2.5. Uncolor given vertex\n\n>>> graph = [[0, 1, 0, 0, 0],\n...          [1, 0, 1, 0, 1],\n...          [0, 1, 0, 1, 0],\n...          [0, 1, 1, 0, 0],\n...          [0, 1, 0, 0, 0]]\n>>> max_colors = 3\n>>> colored_vertices = [0, 1, 0, 0, 0]\n>>> index = 3\n\n>>> util_color(graph, max_colors, colored_vertices, index)\nTrue\n\n>>> max_colors = 2\n>>> util_color(graph, max_colors, colored_vertices, index)\nFalse", "short_description": "Pseudo-Code"}, "args": ["graph", "max_colors", "colored_vertices", "index"], "min_max_lineno": {"min_lineno": 36, "max_lineno": 86}, "calls": ["range", "len", "coloring.valid_coloring", "coloring.util_color"]}, "color": {"doc": {"long_description": "which will either return True or False.\nIf True is returned colored_vertices list is filled with correct colorings\n\n>>> graph = [[0, 1, 0, 0, 0],\n...          [1, 0, 1, 0, 1],\n...          [0, 1, 0, 1, 0],\n...          [0, 1, 1, 0, 0],\n...          [0, 1, 0, 0, 0]]\n\n>>> max_colors = 3\n>>> color(graph, max_colors)\n[0, 1, 0, 2, 0]\n\n>>> max_colors = 2\n>>> color(graph, max_colors)\n[]", "short_description": "Wrapper function to call subroutine called util_color"}, "args": ["graph", "max_colors"], "returns": [["colored_vertices"]], "min_max_lineno": {"min_lineno": 88, "max_lineno": 114}, "calls": ["coloring.util_color", "len"]}}, "is_test": false}