{"file": {"path": "/Users/rakshithagnanasekaran/desktop/Python/backtracking/knight_tour.py", "fileNameBase": "knight_tour", "extension": "py"}, "dependencies": [{"from_module": "__future__", "import": "annotations", "type": "external"}], "functions": {"get_valid_pos": {"doc": {"long_description": ">>> get_valid_pos((1, 3), 4)\n[(2, 1), (0, 1), (3, 2)]", "short_description": "Find all the valid positions a knight can move to from the current position."}, "args": ["position", "n"], "returns": [["permissible_positions"]], "min_max_lineno": {"min_lineno": 6, "max_lineno": 33}, "calls": ["permissible_positions.append"]}, "is_complete": {"doc": {"long_description": ">>> is_complete([[1]])\nTrue\n\n>>> is_complete([[1, 2], [3, 0]])\nFalse", "short_description": "Check if the board (matrix) has been completely filled with non-zero values."}, "args": ["board"], "min_max_lineno": {"min_lineno": 35, "max_lineno": 47}, "calls": ["any"]}, "open_knight_tour_helper": {"doc": {"short_description": "Helper function to solve knight tour problem."}, "args": ["board", "pos", "curr"], "min_max_lineno": {"min_lineno": 49, "max_lineno": 69}, "calls": ["knight_tour.is_complete", "knight_tour.get_valid_pos", "len", "knight_tour.open_knight_tour_helper"]}, "open_knight_tour": {"doc": {"long_description": "ValueError if the tour cannot be performed for the given size.\n\n>>> open_knight_tour(1)\n[[1]]\n\n>>> open_knight_tour(2)\nTraceback (most recent call last):\n...\nValueError: Open Kight Tour cannot be performed on a board of size 2", "short_description": "Find the solution for the knight tour problem for a board of size n. Raises"}, "args": ["n"], "returns": [["board"]], "min_max_lineno": {"min_lineno": 71, "max_lineno": 95}, "calls": ["range", "ValueError", "range", "range", "knight_tour.open_knight_tour_helper", "range"]}}, "main_info": {"main_flag": 1, "type": "script"}, "is_test": false}