{"file": {"path": "/Users/rakshithagnanasekaran/desktop/Python/backtracking/minimax.py", "fileNameBase": "minimax", "extension": "py", "doc": {"long_description": "depth is current depth in game tree.\n\nnodeIndex is index of current node in scores[].\nif move is of maximizer return true else false\nleaves of game tree is stored in scores[]\nheight is maximum height of Game tree", "short_description": "Minimax helps to achieve maximum score in a game by checking all possible moves", "full": "Minimax helps to achieve maximum score in a game by checking all possible moves\ndepth is current depth in game tree.\n\nnodeIndex is index of current node in scores[].\nif move is of maximizer return true else false\nleaves of game tree is stored in scores[]\nheight is maximum height of Game tree"}}, "dependencies": [{"from_module": "__future__", "import": "annotations", "type": "external"}, {"import": "math", "type": "external"}], "functions": {"minimax": {"doc": {"long_description": ">>> scores = [90, 23, 6, 33, 21, 65, 123, 34423]\n>>> height = math.log(len(scores), 2)\n>>> minimax(0, 0, True, scores, height)\n65\n>>> minimax(-1, 0, True, scores, height)\nTraceback (most recent call last):\n    ...\nValueError: Depth cannot be less than 0\n>>> minimax(0, 0, True, [], 2)\nTraceback (most recent call last):\n    ...\nValueError: Scores cannot be empty\n>>> scores = [3, 5, 2, 9, 12, 5, 23, 23]\n>>> height = math.log(len(scores), 2)\n>>> minimax(0, 0, True, scores, height)\n12", "short_description": ">>> import math"}, "args": ["depth", "node_index", "is_max", "scores", "height"], "min_max_lineno": {"min_lineno": 15, "max_lineno": 56}, "calls": ["min", "ValueError", "len", "ValueError", "max", "minimax.minimax", "minimax.minimax", "minimax.minimax", "minimax.minimax"]}, "main": {"min_max_lineno": {"min_lineno": 59, "max_lineno": 64}, "calls": ["math.log", "print", "print", "len", "minimax.minimax"], "store_vars_calls": {"height": "math.log"}}}, "main_info": {"main_flag": 1, "type": "script"}, "is_test": false}