{"file": {"path": "/Users/rakshithagnanasekaran/desktop/Python/backtracking/n_queens.py", "fileNameBase": "n_queens", "extension": "py", "doc": {"long_description": "chess board such that no queen can attack any other queens placed\non that chess board.\nThis means that one queen cannot have any other queen on its horizontal, vertical and\ndiagonal lines.", "short_description": "The nqueens problem is of placing N queens on a N * N", "full": "The nqueens problem is of placing N queens on a N * N\nchess board such that no queen can attack any other queens placed\non that chess board.\nThis means that one queen cannot have any other queen on its horizontal, vertical and\ndiagonal lines."}}, "dependencies": [{"from_module": "__future__", "import": "annotations", "type": "external"}], "functions": {"isSafe": {"doc": {"long_description": "considering the current state of the board.\n\nParameters :\nboard(2D matrix) : board\nrow ,column : coordinates of the cell on a board\n\nReturns :\nBoolean Value", "short_description": "This function returns a boolean value True if it is safe to place a queen there"}, "args": ["board", "row", "column"], "min_max_lineno": {"min_lineno": 15, "max_lineno": 41}, "calls": ["range", "range", "zip", "zip", "len", "len", "range", "range", "range", "range", "len"]}, "solve": {"doc": {"long_description": "False Boolean and terminates that branch and backtracks to the next\npossible solution branch.", "short_description": "It creates a state space tree and calls the safe function until it receives a"}, "args": ["board", "row"], "min_max_lineno": {"min_lineno": 43, "max_lineno": 71}, "calls": ["range", "len", "solution.append", "n_queens.printboard", "print", "len", "n_queens.isSafe", "n_queens.solve"]}, "printboard": {"doc": {"short_description": "Prints the boards that have a successful combination."}, "args": ["board"], "min_max_lineno": {"min_lineno": 73, "max_lineno": 84}, "calls": ["range", "len", "range", "print", "len", "print", "print"]}}, "body": {"calls": ["n_queens.solve", "print", "len"]}, "is_test": false}