{"file": {"path": "/Users/rakshithagnanasekaran/desktop/Python/backtracking/n_queens_math.py", "fileNameBase": "n_queens_math", "extension": "py", "doc": {"long_description": "The n queens problem is: placing N queens on a N * N chess board such that no queen\ncan attack any other queens placed on that chess board.  This means that one queen\ncannot have any other queen on its horizontal, vertical and diagonal lines.\n\nSolution:\n\nTo solve this problem we will use simple math. First we know the queen can move in all\nthe possible ways, we can simplify it in this: vertical, horizontal, diagonal left and\n diagonal right.\n\nWe can visualize it like this:\n\nleft diagonal = \\\nright diagonal = /\n\nOn a chessboard vertical movement could be the rows and horizontal movement could be\nthe columns.\n\nIn programming we can use an array, and in this array each index could be the rows and\neach value in the array could be the column. For example:\n\n    . Q . .     We have this chessboard with one queen in each column and each queen\n    . . . Q     can't attack to each other.\n    Q . . .     The array for this example would look like this: [1, 3, 0, 2]\n    . . Q .\n\nSo if we use an array and we verify that each value in the array is different to each\nother we know that at least the queens can't attack each other in horizontal and\nvertical.\n\nAt this point we have it halfway completed and we will treat the chessboard as a\nCartesian plane.  Hereinafter we are going to remember basic math, so in the school we\nlearned this formula:\n\n    Slope of a line:\n\n           y2 - y1\n     m = ----------\n          x2 - x1\n\nThis formula allow us to get the slope. For the angles 45\u00ba (right diagonal) and 135\u00ba\n(left diagonal) this formula gives us m = 1, and m = -1 respectively.\n\nSee::\nhttps://www.enotes.com/homework-help/write-equation-line-that-hits-origin-45-degree-1474860\n\nThen we have this other formula:\n\nSlope intercept:\n\ny = mx + b\n\nb is where the line crosses the Y axis (to get more information see:\nhttps://www.mathsisfun.com/y_intercept.html), if we change the formula to solve for b\nwe would have:\n\ny - mx = b\n\nAnd since we already have the m values for the angles 45\u00ba and 135\u00ba, this formula would\nlook like this:\n\n45\u00ba: y - (1)x = b\n45\u00ba: y - x = b\n\n135\u00ba: y - (-1)x = b\n135\u00ba: y + x = b\n\ny = row\nx = column\n\nApplying these two formulas we can check if a queen in some position is being attacked\nfor another one or vice versa.", "short_description": "Problem:", "full": "Problem:\n\nThe n queens problem is: placing N queens on a N * N chess board such that no queen\ncan attack any other queens placed on that chess board.  This means that one queen\ncannot have any other queen on its horizontal, vertical and diagonal lines.\n\nSolution:\n\nTo solve this problem we will use simple math. First we know the queen can move in all\nthe possible ways, we can simplify it in this: vertical, horizontal, diagonal left and\n diagonal right.\n\nWe can visualize it like this:\n\nleft diagonal = \\\nright diagonal = /\n\nOn a chessboard vertical movement could be the rows and horizontal movement could be\nthe columns.\n\nIn programming we can use an array, and in this array each index could be the rows and\neach value in the array could be the column. For example:\n\n    . Q . .     We have this chessboard with one queen in each column and each queen\n    . . . Q     can't attack to each other.\n    Q . . .     The array for this example would look like this: [1, 3, 0, 2]\n    . . Q .\n\nSo if we use an array and we verify that each value in the array is different to each\nother we know that at least the queens can't attack each other in horizontal and\nvertical.\n\nAt this point we have it halfway completed and we will treat the chessboard as a\nCartesian plane.  Hereinafter we are going to remember basic math, so in the school we\nlearned this formula:\n\n    Slope of a line:\n\n           y2 - y1\n     m = ----------\n          x2 - x1\n\nThis formula allow us to get the slope. For the angles 45\u00ba (right diagonal) and 135\u00ba\n(left diagonal) this formula gives us m = 1, and m = -1 respectively.\n\nSee::\nhttps://www.enotes.com/homework-help/write-equation-line-that-hits-origin-45-degree-1474860\n\nThen we have this other formula:\n\nSlope intercept:\n\ny = mx + b\n\nb is where the line crosses the Y axis (to get more information see:\nhttps://www.mathsisfun.com/y_intercept.html), if we change the formula to solve for b\nwe would have:\n\ny - mx = b\n\nAnd since we already have the m values for the angles 45\u00ba and 135\u00ba, this formula would\nlook like this:\n\n45\u00ba: y - (1)x = b\n45\u00ba: y - x = b\n\n135\u00ba: y - (-1)x = b\n135\u00ba: y + x = b\n\ny = row\nx = column\n\nApplying these two formulas we can check if a queen in some position is being attacked\nfor another one or vice versa."}}, "dependencies": [{"from_module": "__future__", "import": "annotations", "type": "external"}], "functions": {"depth_first_search": {"doc": {"long_description": ">>> depth_first_search([], [], [], boards, 4)\n>>> for board in boards:\n...     print(board)\n['. Q . . ', '. . . Q ', 'Q . . . ', '. . Q . ']\n['. . Q . ', 'Q . . . ', '. . . Q ', '. Q . . ']", "short_description": ">>> boards = []"}, "args": ["possible_board", "diagonal_right_collisions", "diagonal_left_collisions", "boards", "n"], "min_max_lineno": {"min_lineno": 81, "max_lineno": 138}, "calls": ["len", "range", "boards.append", "n_queens_math.depth_first_search"], "store_vars_calls": {"row": "len"}}, "n_queens_solution": {"args": ["n"], "min_max_lineno": {"min_lineno": 141, "max_lineno": 152}, "calls": ["n_queens_math.depth_first_search", "print", "print", "len", "print"]}}, "main_info": {"main_flag": 1, "type": "script"}, "is_test": false}