{"file": {"path": "/Users/rakshithagnanasekaran/desktop/Python/backtracking/rat_in_maze.py", "fileNameBase": "rat_in_maze", "extension": "py"}, "dependencies": [{"from_module": "__future__", "import": "annotations", "type": "external"}], "functions": {"solve_maze": {"doc": {"long_description": "In this problem we have some n by n matrix, a start point and an end point.\nWe want to go from the start to the end. In this matrix zeroes represent walls\nand ones paths we can use.\nParameters :\n    maze(2D matrix) : maze", "short_description": "This method solves the \"rat in maze\" problem.", "returns": {"description": "True if the maze has a solution or False if it does not.\n>>> maze = [[0, 1, 0, 1, 1],\n...         [0, 0, 0, 0, 0],\n...         [1, 0, 1, 0, 1],\n...         [0, 0, 1, 0, 0],\n...         [1, 0, 0, 1, 0]]\n>>> solve_maze(maze)\n[1, 0, 0, 0, 0]\n[1, 1, 1, 1, 0]\n[0, 0, 0, 1, 0]\n[0, 0, 0, 1, 1]\n[0, 0, 0, 0, 1]\nTrue\n\n>>> maze = [[0, 1, 0, 1, 1],\n...         [0, 0, 0, 0, 0],\n...         [0, 0, 0, 0, 1],\n...         [0, 0, 0, 0, 0],\n...         [0, 0, 0, 0, 0]]\n>>> solve_maze(maze)\n[1, 0, 0, 0, 0]\n[1, 0, 0, 0, 0]\n[1, 0, 0, 0, 0]\n[1, 0, 0, 0, 0]\n[1, 1, 1, 1, 1]\nTrue\n\n>>> maze = [[0, 0, 0],\n...         [0, 1, 0],\n...         [1, 0, 0]]\n>>> solve_maze(maze)\n[1, 1, 1]\n[0, 0, 1]\n[0, 0, 1]\nTrue\n\n>>> maze = [[0, 1, 0],\n...         [0, 1, 0],\n...         [1, 0, 0]]\n>>> solve_maze(maze)\nNo solution exists!\nFalse\n\n>>> maze = [[0, 1],\n...         [1, 0]]\n>>> solve_maze(maze)\nNo solution exists!\nFalse", "type_name": "Return", "is_generator": false}}, "args": ["maze"], "returns": [["solved"]], "min_max_lineno": {"min_lineno": 4, "max_lineno": 71}, "calls": ["len", "rat_in_maze.run_maze", "print", "print", "range", "range", "str"], "store_vars_calls": {"size": "len", "solved": "run_maze"}}, "run_maze": {"doc": {"long_description": "up, down, left, right.\nIf a path is found to destination it returns True otherwise it returns False.", "short_description": "This method is recursive starting from (i, j) and going in one of four directions:", "args": {"maze": {"description": "maze", "type_name": "2D matrix", "is_optional": false}, "i, j ": {"description": "coordinates of matrix"}, "solutions": {"description": "solutions", "type_name": "2D matrix", "is_optional": false}}, "returns": {"description": "Boolean if path is found True, Otherwise False.", "is_generator": false}}, "args": ["maze", "i", "j", "solutions"], "min_max_lineno": {"min_lineno": 73, "max_lineno": 113}, "calls": ["len", "rat_in_maze.run_maze", "rat_in_maze.run_maze", "rat_in_maze.run_maze", "rat_in_maze.run_maze"], "store_vars_calls": {"size": "len"}}}, "main_info": {"main_flag": 1, "type": "script"}, "is_test": false}