{"file": {"path": "/Users/rakshithagnanasekaran/desktop/Python/backtracking/sum_of_subsets.py", "fileNameBase": "sum_of_subsets", "extension": "py", "doc": {"long_description": "value M, determine all possible subsets of the given set whose summation sum\nequal to given M.\n\nSummation of the chosen numbers must be equal to given number M and one number\ncan be used only once.", "short_description": "The sum-of-subsetsproblem states that a set of non-negative integers, and a", "full": "The sum-of-subsetsproblem states that a set of non-negative integers, and a\nvalue M, determine all possible subsets of the given set whose summation sum\nequal to given M.\n\nSummation of the chosen numbers must be equal to given number M and one number\ncan be used only once."}}, "dependencies": [{"from_module": "__future__", "import": "annotations", "type": "external"}], "functions": {"generate_sum_of_subsets_soln": {"args": ["nums", "max_sum"], "returns": [["result"]], "min_max_lineno": {"min_lineno": 12, "max_lineno": 19}, "calls": ["sum", "sum_of_subsets.create_state_space_tree"], "store_vars_calls": {"remaining_nums_sum": "sum"}}, "create_state_space_tree": {"doc": {"long_description": "It terminates the branching of a node when any of the two conditions\ngiven below satisfy.\nThis algorithm follows depth-fist-search and backtracks when the node is not\nbranchable.", "short_description": "Creates a state space tree to iterate through each branch using DFS."}, "args": ["nums", "max_sum", "num_index", "path", "result", "remaining_nums_sum"], "min_max_lineno": {"min_lineno": 21, "max_lineno": 50}, "calls": ["range", "sum", "result.append", "len", "sum_of_subsets.create_state_space_tree", "sum", "sum"]}}, "body": {"calls": ["sum_of_subsets.generate_sum_of_subsets_soln", "print"], "store_vars_calls": {"result": "generate_sum_of_subsets_soln"}}, "is_test": false}