{"file": {"path": "/Users/rakshithagnanasekaran/desktop/Python/graphics/bezier_curve.py", "fileNameBase": "bezier_curve", "extension": "py"}, "dependencies": [{"from_module": "__future__", "import": "annotations", "type": "external"}, {"from_module": "scipy.special", "import": "comb", "type": "external"}], "classes": {"BezierCurve": {"doc": {"long_description": "Generate Bezier curves from a given set of control points.\nThis implementation works only for 2d coordinates in the xy plane.", "short_description": "Bezier curve is a weighted sum of a set of control points.", "full": "Bezier curve is a weighted sum of a set of control points.\nGenerate Bezier curves from a given set of control points.\nThis implementation works only for 2d coordinates in the xy plane."}, "min_max_lineno": {"min_lineno": 8, "max_lineno": 105}, "methods": {"__init__": {"doc": {"long_description": "points control the behavior (shape) of the Bezier curve.", "short_description": "list_of_points: Control points in the xy plane on which to interpolate. These"}, "args": ["self", "list_of_points"], "min_max_lineno": {"min_lineno": 15, "max_lineno": 24}, "calls": ["len"]}, "basis_function": {"doc": {"long_description": "t: time value between 0 and 1 inclusive at which to evaluate the basis of\n       the curve.\nreturns the x, y values of basis function at time t\n\n>>> curve = BezierCurve([(1,1), (1,2)])\n>>> curve.basis_function(0)\n[1.0, 0.0]\n>>> curve.basis_function(1)\n[0.0, 1.0]", "short_description": "The basis function determines the weight of each control point at time t."}, "args": ["self", "t"], "returns": [["output_values"]], "min_max_lineno": {"min_lineno": 25, "max_lineno": 48}, "calls": ["range", "len", "output_values.append", "round", "sum", "scipy.special.comb"]}, "bezier_curve_function": {"doc": {"long_description": "t: the value of time t at which to evaluate the Bezier function\nReturns the x, y coordinates of the Bezier curve at time t.\n    The first point in the curve is when t = 0.\n    The last point in the curve is when t = 1.\n\n>>> curve = BezierCurve([(1,1), (1,2)])\n>>> curve.bezier_curve_function(0)\n(1.0, 1.0)\n>>> curve.bezier_curve_function(1)\n(1.0, 2.0)", "short_description": "The function to produce the values of the Bezier curve at time t."}, "args": ["self", "t"], "returns": [["x", "y"]], "min_max_lineno": {"min_lineno": 49, "max_lineno": 74}, "calls": ["bezier_curve.BezierCurve.basis_function", "range", "len"], "store_vars_calls": {"basis_function": "self.basis_function"}}, "plot_curve": {"doc": {"long_description": "step_size: defines the step(s) at which to evaluate the Bezier curve.\nThe smaller the step size, the finer the curve produced.", "short_description": "Plots the Bezier curve using matplotlib plotting capabilities."}, "args": ["self", "step_size"], "min_max_lineno": {"min_lineno": 75, "max_lineno": 105}, "calls": ["plt.plot", "plt.scatter", "plt.legend", "plt.show", "bezier_curve.BezierCurve.bezier_curve_function", "to_plot_x.append", "to_plot_y.append", "str"], "store_vars_calls": {"value": "self.bezier_curve_function"}}}}}, "main_info": {"main_flag": 1, "type": "script"}, "is_test": false}