{"file": {"path": "/Users/rakshithagnanasekaran/desktop/Python/compression/burrows_wheeler.py", "fileNameBase": "burrows_wheeler", "extension": "py", "doc": {"long_description": "The Burrows\u2013Wheeler transform (BWT, also called block-sorting compression)\nrearranges a character string into runs of similar characters. This is useful\nfor compression, since it tends to be easy to compress a string that has runs\nof repeated characters by techniques such as move-to-front transform and\nrun-length encoding. More importantly, the transformation is reversible,\nwithout needing to store any additional data except the position of the first\noriginal character. The BWT is thus a \"free\" method of improving the efficiency\nof text compression algorithms, costing only some extra computation.", "short_description": "https://en.wikipedia.org/wiki/Burrows%E2%80%93Wheeler_transform", "full": "https://en.wikipedia.org/wiki/Burrows%E2%80%93Wheeler_transform\n\nThe Burrows\u2013Wheeler transform (BWT, also called block-sorting compression)\nrearranges a character string into runs of similar characters. This is useful\nfor compression, since it tends to be easy to compress a string that has runs\nof repeated characters by techniques such as move-to-front transform and\nrun-length encoding. More importantly, the transformation is reversible,\nwithout needing to store any additional data except the position of the first\noriginal character. The BWT is thus a \"free\" method of improving the efficiency\nof text compression algorithms, costing only some extra computation."}}, "dependencies": [{"from_module": "__future__", "import": "annotations", "type": "external"}, {"from_module": "typing", "import": "TypedDict", "type": "external"}], "classes": {"BWTTransformDict": {"extend": ["TypedDict"], "min_max_lineno": {"min_lineno": 18, "max_lineno": 21}}}, "functions": {"all_rotations": {"doc": {"args": {"s": {"description": "The string that will be rotated len(s) times."}}, "returns": {"description": "A list with the rotations.", "is_generator": false}, "raises": {"0": {"description": "If s is not an instance of str.\nExamples:\n\n>>> all_rotations(\"^BANANA|\") # doctest: +NORMALIZE_WHITESPACE\n['^BANANA|', 'BANANA|^', 'ANANA|^B', 'NANA|^BA', 'ANA|^BAN', 'NA|^BANA',\n'A|^BANAN', '|^BANANA']\n>>> all_rotations(\"a_asa_da_casa\") # doctest: +NORMALIZE_WHITESPACE\n['a_asa_da_casa', '_asa_da_casaa', 'asa_da_casaa_', 'sa_da_casaa_a',\n'a_da_casaa_as', '_da_casaa_asa', 'da_casaa_asa_', 'a_casaa_asa_d',\n'_casaa_asa_da', 'casaa_asa_da_', 'asaa_asa_da_c', 'saa_asa_da_ca',\n'aa_asa_da_cas']\n>>> all_rotations(\"panamabanana\") # doctest: +NORMALIZE_WHITESPACE\n['panamabanana', 'anamabananap', 'namabananapa', 'amabananapan',\n'mabananapana', 'abananapanam', 'bananapanama', 'ananapanamab',\n'nanapanamaba', 'anapanamaban', 'napanamabana', 'apanamabanan']\n>>> all_rotations(5)\nTraceback (most recent call last):\n    ...\nTypeError: The parameter s type must be str.", "type_name": "TypeError"}}}, "args": ["s"], "min_max_lineno": {"min_lineno": 23, "max_lineno": 51}, "calls": ["isinstance", "TypeError", "range", "len"]}, "bwt_transform": {"doc": {"args": {"s": {"description": "The string that will be used at bwt algorithm"}}, "returns": {"description": "the string composed of the last char of each row of the ordered\nrotations and the index of the original string at ordered rotations list", "is_generator": false}, "raises": {"0": {"description": "If the s parameter type is not str", "type_name": "TypeError"}, "1": {"description": "If the s parameter is empty\nExamples:\n\n>>> bwt_transform(\"^BANANA\")\n{'bwt_string': 'BNN^AAA', 'idx_original_string': 6}\n>>> bwt_transform(\"a_asa_da_casa\")\n{'bwt_string': 'aaaadss_c__aa', 'idx_original_string': 3}\n>>> bwt_transform(\"panamabanana\")\n{'bwt_string': 'mnpbnnaaaaaa', 'idx_original_string': 11}\n>>> bwt_transform(4)\nTraceback (most recent call last):\n    ...\nTypeError: The parameter s type must be str.\n>>> bwt_transform('')\nTraceback (most recent call last):\n    ...\nValueError: The parameter s must not be empty.", "type_name": "ValueError"}}}, "args": ["s"], "returns": [["response"]], "min_max_lineno": {"min_lineno": 53, "max_lineno": 90}, "calls": ["burrows_wheeler.all_rotations", "all_rotations.sort", "isinstance", "TypeError", "ValueError", "all_rotations.index"], "store_vars_calls": {"rotations": "all_rotations"}}, "reverse_bwt": {"doc": {"args": {"bwt_string": {"description": "The string returned from bwt algorithm execution"}, "idx_original_string": {"description": "A 0-based index of the string that was used to\ngenerate bwt_string at ordered rotations list"}}, "returns": {"description": "The string used to generate bwt_string when bwt was executed", "is_generator": false}, "raises": {"0": {"description": "If the bwt_string parameter type is not str", "type_name": "TypeError"}, "1": {"description": "If the bwt_string parameter is empty", "type_name": "ValueError"}, "2": {"description": "If the idx_original_string type is not int or if not\npossible to cast it to int", "type_name": "TypeError"}, "3": {"description": "If the idx_original_string value is lower than 0 or\ngreater than len(bwt_string) - 1\n\n>>> reverse_bwt(\"BNN^AAA\", 6)\n'^BANANA'\n>>> reverse_bwt(\"aaaadss_c__aa\", 3)\n'a_asa_da_casa'\n>>> reverse_bwt(\"mnpbnnaaaaaa\", 11)\n'panamabanana'\n>>> reverse_bwt(4, 11)\nTraceback (most recent call last):\n    ...\nTypeError: The parameter bwt_string type must be str.\n>>> reverse_bwt(\"\", 11)\nTraceback (most recent call last):\n    ...\nValueError: The parameter bwt_string must not be empty.\n>>> reverse_bwt(\"mnpbnnaaaaaa\", \"asd\") # doctest: +NORMALIZE_WHITESPACE\nTraceback (most recent call last):\n    ...\nTypeError: The parameter idx_original_string type must be int or passive\nof cast to int.\n>>> reverse_bwt(\"mnpbnnaaaaaa\", -1)\nTraceback (most recent call last):\n    ...\nValueError: The parameter idx_original_string must not be lower than 0.\n>>> reverse_bwt(\"mnpbnnaaaaaa\", 12) # doctest: +NORMALIZE_WHITESPACE\nTraceback (most recent call last):\n    ...\nValueError: The parameter idx_original_string must be lower than\nlen(bwt_string).\n>>> reverse_bwt(\"mnpbnnaaaaaa\", 11.0)\n'panamabanana'\n>>> reverse_bwt(\"mnpbnnaaaaaa\", 11.4)\n'panamabanana'", "type_name": "ValueError"}}}, "args": ["bwt_string", "idx_original_string"], "min_max_lineno": {"min_lineno": 92, "max_lineno": 162}, "calls": ["range", "isinstance", "TypeError", "ValueError", "int", "ValueError", "len", "ValueError", "len", "len", "range", "ordered_rotations.sort", "TypeError", "len"], "store_vars_calls": {"idx_original_string": "int"}}}, "main_info": {"main_flag": 1, "main_function": "burrows_wheeler.input().strip", "type": "script"}, "is_test": false}