{"file": {"path": "/Users/rakshithagnanasekaran/desktop/Python/compression/huffman.py", "fileNameBase": "huffman", "extension": "py"}, "dependencies": [{"from_module": "__future__", "import": "annotations", "type": "external"}, {"import": "sys", "type": "external"}], "classes": {"Letter": {"min_max_lineno": {"min_lineno": 6, "max_lineno": 14}, "methods": {"__init__": {"args": ["self", "letter", "freq"], "min_max_lineno": {"min_lineno": 7, "max_lineno": 11}}, "__repr__": {"args": ["self"], "min_max_lineno": {"min_lineno": 12, "max_lineno": 14}}}}, "TreeNode": {"min_max_lineno": {"min_lineno": 16, "max_lineno": 21}, "methods": {"__init__": {"args": ["self", "freq", "left", "right"], "min_max_lineno": {"min_lineno": 17, "max_lineno": 21}}}}}, "functions": {"parse_file": {"doc": {"long_description": "frequencies, then convert the dict into a list of Letters.", "short_description": "Read the file and build a dict of all letters and their"}, "args": ["file_path"], "min_max_lineno": {"min_lineno": 23, "max_lineno": 36}, "calls": ["sorted", "open", "f.read", "huffman.Letter", "chars.items", "chars.keys"], "store_vars_calls": {"c": "f.read"}}, "build_tree": {"doc": {"long_description": "for the Huffman Tree.", "short_description": "Run through the list of Letters and build the min heap"}, "args": ["letters"], "min_max_lineno": {"min_lineno": 38, "max_lineno": 52}, "calls": ["len", "response.pop", "response.pop", "huffman.TreeNode", "response.append", "response.sort"], "store_vars_calls": {"left": "response.pop", "right": "response.pop", "node": "TreeNode"}}, "traverse_tree": {"doc": {"long_description": "Letter's bitstring dictionary, and return the list of Letters", "short_description": "Recursively traverse the Huffman Tree to set each"}, "args": ["root", "bitstring"], "returns": [["letters"], ["root"]], "min_max_lineno": {"min_lineno": 54, "max_lineno": 67}, "calls": ["huffman.traverse_tree", "huffman.traverse_tree", "type"]}, "huffman": {"doc": {"long_description": "again, using the letters dictionary to find and print out the\nbitstring for each letter.", "short_description": "Parse the file, build the tree, then run through the file"}, "args": ["file_path"], "min_max_lineno": {"min_lineno": 69, "max_lineno": 88}, "calls": ["huffman.parse_file", "huffman.build_tree", "print", "print", "open", "huffman.traverse_tree", "letter.bitstring.items", "f.read", "print"], "store_vars_calls": {"letters_list": "parse_file", "root": "build_tree", "c": "f.read"}}}, "main_info": {"main_flag": 1, "main_function": "huffman.huffman", "type": "script"}, "is_test": false}