{"file": {"path": "/Users/rakshithagnanasekaran/desktop/Python/compression/lempel_ziv_decompress.py", "fileNameBase": "lempel_ziv_decompress", "extension": "py", "doc": {"long_description": "https://en.wikipedia.org/wiki/Lempel%E2%80%93Ziv%E2%80%93Welch", "short_description": "One of the several implementations of Lempel\u2013Ziv\u2013Welch decompression algorithm", "full": "One of the several implementations of Lempel\u2013Ziv\u2013Welch decompression algorithm\nhttps://en.wikipedia.org/wiki/Lempel%E2%80%93Ziv%E2%80%93Welch"}}, "dependencies": [{"import": "math", "type": "external"}, {"import": "sys", "type": "external"}], "functions": {"read_file_binary": {"doc": {"short_description": "Reads given file as bytes and returns them as a long string"}, "args": ["file_path"], "returns": [["result"]], "min_max_lineno": {"min_lineno": 10, "max_lineno": 25}, "calls": ["open", "binary_file.read", "print", "sys.exit"], "store_vars_calls": {"data": "binary_file.read"}}, "decompress_data": {"doc": {"long_description": "and returns the result as a string", "short_description": "Decompresses given data_bits using Lempel\u2013Ziv\u2013Welch compression algorithm"}, "args": ["data_bits"], "returns": [["result"]], "min_max_lineno": {"min_lineno": 27, "max_lineno": 55}, "calls": ["len", "range", "len", "math.log2().is_integer", "list", "math.log2", "lexicon.pop", "bin"], "store_vars_calls": {"index": "len"}}, "write_file_binary": {"doc": {"long_description": "file", "short_description": "Writes given to_write string (should only consist of 0's and 1's) as bytes in the"}, "args": ["file_path", "to_write"], "min_max_lineno": {"min_lineno": 57, "max_lineno": 82}, "calls": ["open", "print", "sys.exit", "result_byte_array.append", "opened_file.write", "range", "len", "int().to_bytes", "len", "int", "len"]}, "remove_prefix": {"doc": {"long_description": "Returns the result", "short_description": "Removes size prefix, that compressed file should have"}, "args": ["data_bits"], "returns": [["data_bits"]], "min_max_lineno": {"min_lineno": 84, "max_lineno": 98}}, "compress": {"doc": {"short_description": "Reads source file, decompresses it and writes the result in destination file"}, "args": ["source_path", "destination_path"], "min_max_lineno": {"min_lineno": 100, "max_lineno": 108}, "calls": ["lempel_ziv_decompress.read_file_binary", "lempel_ziv_decompress.remove_prefix", "lempel_ziv_decompress.decompress_data", "lempel_ziv_decompress.write_file_binary"], "store_vars_calls": {"data_bits": "remove_prefix", "decompressed": "decompress_data"}}}, "main_info": {"main_flag": 1, "main_function": "lempel_ziv_decompress.compress", "type": "script"}, "is_test": false}