{"file": {"path": "/Users/rakshithagnanasekaran/desktop/Python/compression/lempel_ziv.py", "fileNameBase": "lempel_ziv", "extension": "py", "doc": {"long_description": "https://en.wikipedia.org/wiki/Lempel%E2%80%93Ziv%E2%80%93Welch", "short_description": "One of the several implementations of Lempel\u2013Ziv\u2013Welch compression algorithm", "full": "One of the several implementations of Lempel\u2013Ziv\u2013Welch compression algorithm\nhttps://en.wikipedia.org/wiki/Lempel%E2%80%93Ziv%E2%80%93Welch"}}, "dependencies": [{"import": "math", "type": "external"}, {"import": "os", "type": "external"}, {"import": "sys", "type": "external"}], "functions": {"read_file_binary": {"doc": {"short_description": "Reads given file as bytes and returns them as a long string"}, "args": ["file_path"], "returns": [["result"]], "min_max_lineno": {"min_lineno": 11, "max_lineno": 26}, "calls": ["open", "binary_file.read", "print", "sys.exit"], "store_vars_calls": {"data": "binary_file.read"}}, "add_key_to_lexicon": {"doc": {"short_description": "Adds new strings (curr_string + \"0\",  curr_string + \"1\") to the lexicon"}, "args": ["lexicon", "curr_string", "index", "last_match_id"], "min_max_lineno": {"min_lineno": 28, "max_lineno": 42}, "calls": ["lexicon.pop", "math.log2().is_integer", "bin", "math.log2"]}, "compress_data": {"doc": {"long_description": "and returns the result as a string", "short_description": "Compresses given data_bits using Lempel\u2013Ziv\u2013Welch compression algorithm"}, "args": ["data_bits"], "returns": [["result"]], "min_max_lineno": {"min_lineno": 44, "max_lineno": 72}, "calls": ["len", "range", "len", "lempel_ziv.add_key_to_lexicon"], "store_vars_calls": {"index": "len"}}, "add_file_length": {"doc": {"long_description": "string", "short_description": "Adds given file's length in front (using Elias  gamma coding) of the compressed"}, "args": ["source_path", "compressed"], "min_max_lineno": {"min_lineno": 74, "max_lineno": 84}, "calls": ["os.path.getsize", "len", "bin"], "store_vars_calls": {"file_length": "os.path.getsize", "length_length": "len"}}, "write_file_binary": {"doc": {"long_description": "file", "short_description": "Writes given to_write string (should only consist of 0's and 1's) as bytes in the"}, "args": ["file_path", "to_write"], "min_max_lineno": {"min_lineno": 86, "max_lineno": 111}, "calls": ["open", "print", "sys.exit", "result_byte_array.append", "opened_file.write", "range", "len", "int().to_bytes", "len", "int", "len"]}, "compress": {"doc": {"long_description": "file", "short_description": "Reads source file, compresses it and writes the compressed result in destination"}, "args": ["source_path", "destination_path"], "min_max_lineno": {"min_lineno": 113, "max_lineno": 122}, "calls": ["lempel_ziv.read_file_binary", "lempel_ziv.compress_data", "lempel_ziv.add_file_length", "lempel_ziv.write_file_binary"], "store_vars_calls": {"data_bits": "read_file_binary", "compressed": "add_file_length"}}}, "main_info": {"main_flag": 1, "main_function": "lempel_ziv.compress", "type": "script"}, "is_test": false}