{"file": {"path": "/Users/rakshithagnanasekaran/desktop/Python/compression/peak_signal_to_noise_ratio.py", "fileNameBase": "peak_signal_to_noise_ratio", "extension": "py", "doc": {"long_description": "https://en.wikipedia.org/wiki/Peak_signal-to-noise_ratio\nSource:\nhttps://tutorials.techonical.com/how-to-calculate-psnr-value-of-two-images-using-python", "short_description": "Peak signal-to-noise ratio - PSNR", "full": "Peak signal-to-noise ratio - PSNR\n    https://en.wikipedia.org/wiki/Peak_signal-to-noise_ratio\nSource:\nhttps://tutorials.techonical.com/how-to-calculate-psnr-value-of-two-images-using-python"}}, "dependencies": [{"import": "math", "type": "external"}, {"import": "os", "type": "external"}, {"import": "cv2", "type": "external"}, {"import": "numpy", "alias": "np", "type": "external"}], "functions": {"psnr": {"args": ["original", "contrast"], "returns": [["PSNR"]], "min_max_lineno": {"min_lineno": 15, "max_lineno": 22}, "calls": ["numpy.mean", "math.log10", "math.sqrt"], "store_vars_calls": {"mse": "np.mean"}}, "main": {"min_max_lineno": {"min_lineno": 24, "max_lineno": 42}, "calls": ["os.path.dirname", "cv2.imread", "cv2.imread", "cv2.imread", "cv2.imread", "print", "print", "print", "print", "os.path.realpath", "os.path.join", "os.path.join", "os.path.join", "os.path.join", "peak_signal_to_noise_ratio.psnr", "peak_signal_to_noise_ratio.psnr"], "store_vars_calls": {"dir_path": "os.path.dirname", "original": "cv2.imread", "contrast": "cv2.imread", "original2": "cv2.imread", "contrast2": "cv2.imread"}}}, "main_info": {"main_flag": 1, "main_function": "peak_signal_to_noise_ratio.main", "type": "script"}, "is_test": false}