{"file": {"path": "/Users/rakshithagnanasekaran/desktop/Python/financial/interest.py", "fileNameBase": "interest", "extension": "py"}, "dependencies": [{"from_module": "__future__", "import": "annotations", "type": "external"}], "functions": {"simple_interest": {"doc": {"long_description": "3240.0\n>>> simple_interest(0.5, 0.06, 3)\n0.09\n>>> simple_interest(18000.0, 0.01, 10)\n1800.0\n>>> simple_interest(18000.0, 0.0, 3)\n0.0\n>>> simple_interest(5500.0, 0.01, 100)\n5500.0\n>>> simple_interest(10000.0, -0.06, 3)\nTraceback (most recent call last):\n    ...\nValueError: daily_interest_rate must be >= 0\n>>> simple_interest(-10000.0, 0.06, 3)\nTraceback (most recent call last):\n    ...\nValueError: principal must be > 0\n>>> simple_interest(5500.0, 0.01, -5)\nTraceback (most recent call last):\n    ...\nValueError: days_between_payments must be > 0", "short_description": ">>> simple_interest(18000.0, 0.06, 3)"}, "args": ["principal", "daily_interest_rate", "days_between_payments"], "min_max_lineno": {"min_lineno": 6, "max_lineno": 40}, "calls": ["ValueError", "ValueError", "ValueError"]}, "compound_interest": {"doc": {"long_description": "1576.2500000000014\n>>> compound_interest(10000.0, 0.05, 1)\n500.00000000000045\n>>> compound_interest(0.5, 0.05, 3)\n0.07881250000000006\n>>> compound_interest(10000.0, 0.06, -4)\nTraceback (most recent call last):\n    ...\nValueError: number_of_compounding_periods must be > 0\n>>> compound_interest(10000.0, -3.5, 3.0)\nTraceback (most recent call last):\n    ...\nValueError: nominal_annual_interest_rate_percentage must be >= 0\n>>> compound_interest(-5500.0, 0.01, 5)\nTraceback (most recent call last):\n    ...\nValueError: principal must be > 0", "short_description": ">>> compound_interest(10000.0, 0.05, 3)"}, "args": ["principal", "nominal_annual_interest_rate_percentage", "number_of_compounding_periods"], "min_max_lineno": {"min_lineno": 42, "max_lineno": 77}, "calls": ["ValueError", "ValueError", "ValueError"]}}, "main_info": {"main_flag": 1, "type": "script"}, "is_test": false}