{"file": {"path": "/Users/rakshithagnanasekaran/desktop/Python/arithmetic_analysis/bisection.py", "fileNameBase": "bisection", "extension": "py"}, "dependencies": [{"from_module": "collections.abc", "import": "Callable", "type": "external"}], "functions": {"bisection": {"doc": {"long_description": ">>> bisection(lambda x: x ** 3 - 1, -5, 5)\n1.0000000149011612\n>>> bisection(lambda x: x ** 3 - 1, 2, 1000)\nTraceback (most recent call last):\n...\nValueError: could not find root in given interval.\n>>> bisection(lambda x: x ** 2 - 4 * x + 3, 0, 2)\n1.0\n>>> bisection(lambda x: x ** 2 - 4 * x + 3, 2, 4)\n3.0\n>>> bisection(lambda x: x ** 2 - 4 * x + 3, 4, 1000)\nTraceback (most recent call last):\n...\nValueError: could not find root in given interval.", "short_description": "finds where function becomes 0 in [a,b] using bolzano"}, "args": ["function", "a", "b"], "returns": [["a"], ["b"], ["mid"], ["mid"]], "min_max_lineno": {"min_lineno": 4, "max_lineno": 44}, "calls": ["function", "function", "ValueError", "function", "function", "abs", "function", "function", "function"]}, "f": {"args": ["x"], "min_max_lineno": {"min_lineno": 46, "max_lineno": 48}}}, "main_info": {"main_flag": 1, "type": "script"}, "is_test": false}