{"file": {"path": "/Users/rakshithagnanasekaran/desktop/Python/arithmetic_analysis/gaussian_elimination.py", "fileNameBase": "gaussian_elimination", "extension": "py", "doc": {"long_description": "Gaussian elimination - https://en.wikipedia.org/wiki/Gaussian_elimination", "short_description": "Gaussian elimination method for solving a system of linear equations.", "full": "Gaussian elimination method for solving a system of linear equations.\nGaussian elimination - https://en.wikipedia.org/wiki/Gaussian_elimination"}}, "dependencies": [{"import": "numpy", "alias": "np", "type": "external"}, {"from_module": "numpy", "import": "float64", "type": "external"}, {"from_module": "numpy.typing", "import": "NDArray", "type": "external"}], "functions": {"retroactive_resolution": {"doc": {"long_description": "for triangular matrix", "short_description": "This function performs a retroactive linear system resolution"}, "args": ["coefficients", "vector"], "returns": [["x"]], "min_max_lineno": {"min_lineno": 12, "max_lineno": 43}, "calls": ["numpy.shape", "numpy.zeros", "reversed", "range", "range"]}, "gaussian_elimination": {"doc": {"short_description": "This function performs Gaussian elimination method"}, "args": ["coefficients", "vector"], "returns": [["x"]], "min_max_lineno": {"min_lineno": 45, "max_lineno": 84}, "calls": ["numpy.shape", "numpy.concatenate", "augmented_mat.astype.astype", "range", "gaussian_elimination.retroactive_resolution", "numpy.array", "range"], "store_vars_calls": {"augmented_mat": "augmented_mat.astype", "x": "retroactive_resolution"}}}, "main_info": {"main_flag": 1, "type": "script"}, "is_test": false}