{"file": {"path": "/Users/rakshithagnanasekaran/desktop/Python/arithmetic_analysis/in_static_equilibrium.py", "fileNameBase": "in_static_equilibrium", "extension": "py", "doc": {"short_description": "Checks if a system of forces is in static equilibrium.", "full": "Checks if a system of forces is in static equilibrium."}}, "dependencies": [{"from_module": "__future__", "import": "annotations", "type": "external"}, {"from_module": "numpy", "import": "array", "type": "external"}, {"from_module": "numpy", "import": "cos", "type": "external"}, {"from_module": "numpy", "import": "cross", "type": "external"}, {"from_module": "numpy", "import": "float64", "type": "external"}, {"from_module": "numpy", "import": "radians", "type": "external"}, {"from_module": "numpy", "import": "sin", "type": "external"}, {"from_module": "numpy.typing", "import": "NDArray", "type": "external"}], "functions": {"polar_force": {"doc": {"long_description": "(force, angle) => (force_x, force_y)\n>>> import math\n>>> force = polar_force(10, 45)\n>>> math.isclose(force[0], 7.071067811865477)\nTrue\n>>> math.isclose(force[1], 7.0710678118654755)\nTrue\n>>> force = polar_force(10, 3.14, radian_mode=True)\n>>> math.isclose(force[0], -9.999987317275396)\nTrue\n>>> math.isclose(force[1], 0.01592652916486828)\nTrue", "short_description": "Resolves force along rectangular components."}, "args": ["magnitude", "angle", "radian_mode"], "min_max_lineno": {"min_lineno": 10, "max_lineno": 31}, "calls": ["numpy.cos", "numpy.sin", "numpy.cos", "numpy.sin", "numpy.radians", "numpy.radians"]}, "in_static_equilibrium": {"doc": {"long_description": "It takes two numpy.array objects.\nforces ==>  [\n                    [force1_x, force1_y],\n                    [force2_x, force2_y],\n                    ....]\nlocation ==>  [\n                    [x1, y1],\n                    [x2, y2],\n                    ....]\n>>> force = array([[1, 1], [-1, 2]])\n>>> location = array([[1, 0], [10, 0]])\n>>> in_static_equilibrium(force, location)\nFalse", "short_description": "Check if a system is in equilibrium."}, "args": ["forces", "location", "eps"], "min_max_lineno": {"min_lineno": 33, "max_lineno": 56}, "calls": ["numpy.cross", "sum", "abs"]}}, "main_info": {"main_flag": 1, "type": "script"}, "is_test": true}