{"file": {"path": "/Users/rakshithagnanasekaran/desktop/Python/arithmetic_analysis/intersection.py", "fileNameBase": "intersection", "extension": "py"}, "dependencies": [{"import": "math", "type": "external"}, {"from_module": "collections.abc", "import": "Callable", "type": "external"}], "functions": {"intersection": {"doc": {"long_description": "x0 and x1 are two random starting points\n>>> intersection(lambda x: x ** 3 - 1, -5, 5)\n0.9999999999954654\n>>> intersection(lambda x: x ** 3 - 1, 5, 5)\nTraceback (most recent call last):\n...\nZeroDivisionError: float division by zero, could not find root\n>>> intersection(lambda x: x ** 3 - 1, 100, 200)\n1.0000000000003888\n>>> intersection(lambda x: x ** 2 - 4 * x + 3, 0, 2)\n0.9999999998088019\n>>> intersection(lambda x: x ** 2 - 4 * x + 3, 2, 4)\n2.9999999998088023\n>>> intersection(lambda x: x ** 2 - 4 * x + 3, 4, 1000)\n3.0000000001786042\n>>> intersection(math.sin, -math.pi, math.pi)\n0.0\n>>> intersection(math.cos, -math.pi, math.pi)\nTraceback (most recent call last):\n...\nZeroDivisionError: float division by zero, could not find root", "short_description": "function is the f we want to find its root"}, "args": ["function", "x0", "x1"], "returns": [["x_n2"]], "min_max_lineno": {"min_lineno": 5, "max_lineno": 42}, "calls": ["ZeroDivisionError", "abs", "function", "function", "function", "function", "function"]}, "f": {"args": ["x"], "min_max_lineno": {"min_lineno": 44, "max_lineno": 46}, "calls": ["math.pow"]}}, "main_info": {"main_flag": 1, "main_function": "intersection.print", "type": "script"}, "is_test": false}