{"file": {"path": "/Users/rakshithagnanasekaran/desktop/Python/arithmetic_analysis/jacobi_iteration_method.py", "fileNameBase": "jacobi_iteration_method", "extension": "py", "doc": {"short_description": "Jacobi Iteration Method - https://en.wikipedia.org/wiki/Jacobi_method", "full": "Jacobi Iteration Method - https://en.wikipedia.org/wiki/Jacobi_method"}}, "dependencies": [{"from_module": "__future__", "import": "annotations", "type": "external"}, {"import": "numpy", "alias": "np", "type": "external"}, {"from_module": "numpy", "import": "float64", "type": "external"}, {"from_module": "numpy.typing", "import": "NDArray", "type": "external"}], "functions": {"jacobi_iteration_method": {"doc": {"long_description": "An iterative algorithm to determine the solutions of strictly diagonally dominant\nsystem of linear equations\n\n4x1 +  x2 +  x3 =  2\n x1 + 5x2 + 2x3 = -6\n x1 + 2x2 + 4x3 = -4\n\nx_init = [0.5, -0.5 , -0.5]\n\nExamples:\n\n>>> coefficient = np.array([[4, 1, 1], [1, 5, 2], [1, 2, 4]])\n>>> constant = np.array([[2], [-6], [-4]])\n>>> init_val = [0.5, -0.5, -0.5]\n>>> iterations = 3\n>>> jacobi_iteration_method(coefficient, constant, init_val, iterations)\n[0.909375, -1.14375, -0.7484375]\n\n\n>>> coefficient = np.array([[4, 1, 1], [1, 5, 2]])\n>>> constant = np.array([[2], [-6], [-4]])\n>>> init_val = [0.5, -0.5, -0.5]\n>>> iterations = 3\n>>> jacobi_iteration_method(coefficient, constant, init_val, iterations)\nTraceback (most recent call last):\n...\nValueError: Coefficient matrix dimensions must be nxn but received 2x3\n\n>>> coefficient = np.array([[4, 1, 1], [1, 5, 2], [1, 2, 4]])\n>>> constant = np.array([[2], [-6]])\n>>> init_val = [0.5, -0.5, -0.5]\n>>> iterations = 3\n>>> jacobi_iteration_method(coefficient, constant, init_val, iterations)\nTraceback (most recent call last):\n...\nValueError: Coefficient and constant matrices dimensions must be nxn and nx1 but\n            received 3x3 and 2x1\n\n>>> coefficient = np.array([[4, 1, 1], [1, 5, 2], [1, 2, 4]])\n>>> constant = np.array([[2], [-6], [-4]])\n>>> init_val = [0.5, -0.5]\n>>> iterations = 3\n>>> jacobi_iteration_method(coefficient, constant, init_val, iterations)\nTraceback (most recent call last):\n...\nValueError: Number of initial values must be equal to number of rows in coefficient\n            matrix but received 2 and 3\n\n>>> coefficient = np.array([[4, 1, 1], [1, 5, 2], [1, 2, 4]])\n>>> constant = np.array([[2], [-6], [-4]])\n>>> init_val = [0.5, -0.5, -0.5]\n>>> iterations = 0\n>>> jacobi_iteration_method(coefficient, constant, init_val, iterations)\nTraceback (most recent call last):\n...\nValueError: Iterations must be at least 1", "short_description": "Jacobi Iteration Method:"}, "args": ["coefficient_matrix", "constant_matrix", "init_val", "iterations"], "min_max_lineno": {"min_lineno": 12, "max_lineno": 129}, "calls": ["numpy.concatenate", "jacobi_iteration_method.strictly_diagonally_dominant", "range", "ValueError", "ValueError", "ValueError", "len", "ValueError", "ValueError", "range", "float", "range", "new_val.append", "len"]}, "strictly_diagonally_dominant": {"doc": {"long_description": ">>> strictly_diagonally_dominant(table)\nTrue\n\n>>> table = np.array([[4, 1, 1, 2], [1, 5, 2, -6], [1, 2, 3, -4]])\n>>> strictly_diagonally_dominant(table)\nTraceback (most recent call last):\n...\nValueError: Coefficient matrix is not strictly diagonally dominant", "short_description": ">>> table = np.array([[4, 1, 1, 2], [1, 5, 2, -6], [1, 2, 4, -4]])"}, "args": ["table"], "returns": [["is_diagonally_dominant"]], "min_max_lineno": {"min_lineno": 132, "max_lineno": 161}, "calls": ["range", "range", "ValueError"]}}, "main_info": {"main_flag": 1, "type": "script"}, "is_test": false}