{"file": {"path": "/Users/rakshithagnanasekaran/desktop/Python/arithmetic_analysis/lu_decomposition.py", "fileNameBase": "lu_decomposition", "extension": "py", "doc": {"long_description": "Reference:\n- https://en.wikipedia.org/wiki/LU_decomposition", "short_description": "Lower-Upper (LU) Decomposition.", "full": "Lower-Upper (LU) Decomposition.\n\nReference:\n- https://en.wikipedia.org/wiki/LU_decomposition"}}, "dependencies": [{"from_module": "__future__", "import": "annotations", "type": "external"}, {"import": "numpy", "alias": "np", "type": "external"}, {"import": "numpy", "alias": "NDArray", "type": "external"}, {"from_module": "numpy", "import": "float64", "type": "external"}], "functions": {"lower_upper_decomposition": {"doc": {"long_description": "Example:\n\n>>> matrix = np.array([[2, -2, 1], [0, 1, 2], [5, 3, 1]])\n>>> outcome = lower_upper_decomposition(matrix)\n>>> outcome[0]\narray([[1. , 0. , 0. ],\n       [0. , 1. , 0. ],\n       [2.5, 8. , 1. ]])\n>>> outcome[1]\narray([[  2. ,  -2. ,   1. ],\n       [  0. ,   1. ,   2. ],\n       [  0. ,   0. , -17.5]])\n\n>>> matrix = np.array([[2, -2, 1], [0, 1, 2]])\n>>> lower_upper_decomposition(matrix)\nTraceback (most recent call last):\n...\nValueError: 'table' has to be of square shaped array but got a 2x3 array:\n[[ 2 -2  1]\n [ 0  1  2]]", "short_description": "Lower-Upper (LU) Decomposition"}, "args": ["table"], "returns": [["lower", "upper"]], "min_max_lineno": {"min_lineno": 13, "max_lineno": 62}, "calls": ["numpy.shape", "numpy.zeros", "numpy.zeros", "range", "ValueError", "range", "range", "range", "range"], "store_vars_calls": {"lower": "np.zeros", "upper": "np.zeros"}}}, "main_info": {"main_flag": 1, "type": "script"}, "is_test": false}