{"file": {"path": "/Users/rakshithagnanasekaran/desktop/Python/arithmetic_analysis/newton_method.py", "fileNameBase": "newton_method", "extension": "py", "doc": {"short_description": "Newton's Method.", "full": "Newton's Method."}}, "dependencies": [{"from_module": "collections.abc", "import": "Callable", "type": "external"}], "functions": {"newton": {"doc": {"long_description": "2.0945514815423474\n>>> newton(lambda x: x ** 3 - 1, lambda x: 3 * x ** 2, -2)\n1.0\n>>> newton(lambda x: x ** 3 - 1, lambda x: 3 * x ** 2, -4)\n1.0000000000000102\n>>> import math\n>>> newton(math.sin, math.cos, 1)\n0.0\n>>> newton(math.sin, math.cos, 2)\n3.141592653589793\n>>> newton(math.cos, lambda x: -math.sin(x), 2)\n1.5707963267948966\n>>> newton(math.cos, lambda x: -math.sin(x), 0)\nTraceback (most recent call last):\n...\nZeroDivisionError: Could not find root", "short_description": ">>> newton(lambda x: x ** 3 - 2 * x - 5, lambda x: 3 * x ** 2 - 2, 3)"}, "args": ["function", "derivative", "starting_int"], "returns": [["next_guess"]], "min_max_lineno": {"min_lineno": 10, "max_lineno": 43}, "calls": ["float", "abs", "ZeroDivisionError", "function", "derivative"], "store_vars_calls": {"prev_guess": "float"}}, "f": {"args": ["x"], "min_max_lineno": {"min_lineno": 45, "max_lineno": 47}}, "f1": {"args": ["x"], "min_max_lineno": {"min_lineno": 49, "max_lineno": 51}}}, "main_info": {"main_flag": 1, "main_function": "newton_method.print", "type": "script"}, "is_test": false}