{"file": {"path": "/Users/rakshithagnanasekaran/desktop/Python/arithmetic_analysis/newton_forward_interpolation.py", "fileNameBase": "newton_forward_interpolation", "extension": "py"}, "dependencies": [{"from_module": "__future__", "import": "annotations", "type": "external"}, {"import": "math", "type": "external"}], "functions": {"ucal": {"doc": {"long_description": "0\n>>> ucal(1.1, 2)\n0.11000000000000011\n>>> ucal(1.2, 2)\n0.23999999999999994", "short_description": ">>> ucal(1, 2)"}, "args": ["u", "p"], "returns": [["temp"]], "min_max_lineno": {"min_lineno": 8, "max_lineno": 21}, "calls": ["range"]}, "main": {"min_max_lineno": {"min_lineno": 23, "max_lineno": 54}, "calls": ["int", "range", "range", "print", "list", "print", "range", "int", "range", "range", "print", "input", "y.append", "range", "map", "float", "input", "range", "y[].append", "input().split", "input", "math.factorial", "newton_forward_interpolation.ucal", "input"], "store_vars_calls": {"n": "int", "x": "list", "value": "int"}}}, "main_info": {"main_flag": 1, "main_function": "newton_forward_interpolation.main", "type": "script"}, "is_test": false}