{"file": {"path": "/Users/rakshithagnanasekaran/desktop/Python/arithmetic_analysis/newton_raphson.py", "fileNameBase": "newton_raphson", "extension": "py"}, "dependencies": [{"from_module": "__future__", "import": "annotations", "type": "external"}, {"from_module": "decimal", "import": "Decimal", "type": "external"}, {"from_module": "sympy", "import": "diff", "type": "external"}], "functions": {"newton_raphson": {"doc": {"long_description": ">>> newton_raphson(\"sin(x)\", 2)\n3.1415926536808043\n>>> newton_raphson(\"x**2 - 5*x +2\", 0.4)\n0.4384471871911695\n>>> newton_raphson(\"x**2 - 5\", 0.1)\n2.23606797749979\n>>> newton_raphson(\"log(x)- 1\", 2)\n2.718281828458938", "short_description": "Finds root from the point 'a' onwards by Newton-Raphson method"}, "args": ["func", "a", "precision"], "min_max_lineno": {"min_lineno": 13, "max_lineno": 32}, "calls": ["decimal.Decimal", "abs", "float", "decimal.Decimal", "decimal.Decimal", "eval", "eval", "eval", "str", "sympy.diff"]}}, "main_info": {"main_flag": 1, "main_function": "newton_raphson.print", "type": "script"}, "is_test": false}