{"file": {"path": "/Users/rakshithagnanasekaran/desktop/Python/arithmetic_analysis/secant_method.py", "fileNameBase": "secant_method", "extension": "py", "doc": {"long_description": "Author: dimgrichr", "short_description": "Implementing Secant method in Python", "full": "Implementing Secant method in Python\nAuthor: dimgrichr"}}, "dependencies": [{"from_module": "math", "import": "exp", "type": "external"}], "functions": {"f": {"doc": {"long_description": "39.98652410600183", "short_description": ">>> f(5)"}, "args": ["x"], "min_max_lineno": {"min_lineno": 8, "max_lineno": 14}, "calls": ["math.exp"]}, "secant_method": {"doc": {"long_description": "0.2139409276214589", "short_description": ">>> secant_method(1, 3, 2)"}, "args": ["lower_bound", "upper_bound", "repeats"], "returns": [["x1"]], "min_max_lineno": {"min_lineno": 16, "max_lineno": 26}, "calls": ["range", "secant_method.f", "secant_method.f", "secant_method.f"]}}, "main_info": {"main_flag": 1, "main_function": "secant_method.print", "type": "script"}, "is_test": false}