{"file": {"path": "/Users/rakshithagnanasekaran/desktop/inspect4py/test/test_files/Chowlk/source/chowlk/associations.py", "fileNameBase": "associations", "extension": "py"}, "dependencies": [{"from_module": "source.chowlk.geometry", "import": "get_corners", "type": "external"}, {"from_module": "source.chowlk.geometry", "import": "get_corners_rect_child", "type": "external"}, {"import": "copy", "type": "external"}], "functions": {"resolve_concept_reference": {"doc": {"long_description": "This occur when a concept have two blocks of attributes attacked to it, i.e.\none with domain and the other without domain. The last block have as associated concept\nthe attribute block on top of it instead of the concept itself.\n\n:arg attribute_blocks: list of attribute blocks.\n:arg concepts: list of concepts.\n:return list of attributes with the correct associated concepts.", "short_description": "This function resolves the relative references that attribute blocks could have."}, "args": ["attribute_blocks", "concepts"], "returns": [["attribute_blocks"]], "min_max_lineno": {"min_lineno": 4, "max_lineno": 32}, "calls": ["attribute_blocks.items"]}, "concept_attribute_association": {"args": ["concepts", "attribute_blocks"], "returns": [["associations"]], "min_max_lineno": {"min_lineno": 34, "max_lineno": 48}, "calls": ["concepts.items", "attribute_blocks.items"]}, "concept_relation_association": {"args": ["associations", "relations"], "returns": [["associations", "relations"]], "min_max_lineno": {"min_lineno": 50, "max_lineno": 74}, "calls": ["relations.items", "associations.items", "associations.items"]}, "individual_type_identification": {"args": ["individuals", "associations", "relations"], "returns": [["individuals"]], "min_max_lineno": {"min_lineno": 76, "max_lineno": 127}, "calls": ["relations.items", "individuals.items", "associations.items", "source.chowlk.geometry.get_corners", "associations.items", "individual[].append", "float", "float", "float", "float", "source.chowlk.geometry.get_corners", "abs", "abs", "float", "float", "float", "float", "individual[].append"], "store_vars_calls": {"dx": "abs", "dy": "abs"}}, "enrich_properties": {"args": ["rhombuses", "relations", "attribute_blocks"], "returns": [["relations_copy", "attribute_blocks"]], "min_max_lineno": {"min_lineno": 131, "max_lineno": 210}, "calls": ["copy.deepcopy", "relations.items", "rhombuses.items", "relations.items", "attribute_blocks.items", "enumerate", "type.split"], "store_vars_calls": {"relations_copy": "copy.deepcopy"}}, "individual_type_identification_rdf": {"args": ["individuals", "concepts", "relations"], "returns": [["individuals"]], "min_max_lineno": {"min_lineno": 216, "max_lineno": 245}, "calls": ["relations.items", "individuals.items", "concepts.items", "source.chowlk.geometry.get_corners_rect_child", "abs", "abs", "len", "individual[].append", "source.chowlk.geometry.get_corners_rect_child", "individual[].append"], "store_vars_calls": {"dx": "abs", "dy": "abs"}}, "individual_relation_association": {"args": ["individuals", "relations"], "returns": [["associations"]], "min_max_lineno": {"min_lineno": 248, "max_lineno": 263}, "calls": ["individuals.items", "relations.items"]}, "individual_attribute_association": {"args": ["associations", "values", "relations"], "returns": [["associations"]], "min_max_lineno": {"min_lineno": 265, "max_lineno": 275}, "calls": ["relations.items"]}}, "is_test": false}