{"file": {"path": "/Users/rakshithagnanasekaran/desktop/inspect4py/test/test_files/Chowlk/converter.py", "fileNameBase": "converter", "extension": "py"}, "dependencies": [{"import": "argparse", "type": "external"}, {"from_module": "source.chowlk.transformations", "import": "transform_ontology", "type": "internal"}, {"from_module": "source.chowlk.utils", "import": "read_drawio_xml", "type": "internal"}], "functions": {"main": {"args": ["diagram_path", "output_path", "type", "format"], "min_max_lineno": {"min_lineno": 7, "max_lineno": 20}, "calls": ["source.chowlk.utils.read_drawio_xml", "source.chowlk.transformations.transform_ontology", "open", "open.close", "open.write", "open.write"], "store_vars_calls": {"root": "read_drawio_xml", "file": "open"}}}, "main_info": {"main_flag": 1, "main_function": "converter.argparse.ArgumentParser", "type": "script"}, "is_test": false}