{"file": {"path": "/Users/rakshithagnanasekaran/desktop/inspect4py/test/test_files/Chowlk/source/chowlk/finding.py", "fileNameBase": "finding", "extension": "py"}, "dependencies": [{"import": "re", "type": "external"}, {"import": "string", "type": "external"}, {"from_module": "source.chowlk.geometry", "import": "get_corners_rect_child", "type": "external"}, {"from_module": "source.chowlk.utils", "import": "clean_html_tags", "type": "external"}, {"from_module": "source.chowlk.utils", "import": "clean_uri", "type": "external"}, {"from_module": "source.chowlk.utils", "import": "create_label", "type": "external"}], "classes": {"Finder": {"min_max_lineno": {"min_lineno": 6, "max_lineno": 779}, "methods": {"__init__": {"args": ["self", "root"], "min_max_lineno": {"min_lineno": 8, "max_lineno": 29}}, "find_relations": {"args": ["self"], "min_max_lineno": {"min_lineno": 31, "max_lineno": 225}, "calls": ["source.chowlk.utils.clean_html_tags", "source.chowlk.utils.clean_uri", "[].strip", "[].strip", "[].strip", "re.sub", "source.chowlk.utils.create_label", "re.findall", "len", "finding.Finder.errors[].append", "finding.Finder.errors[].append", "re.sub.split", "finding.Finder.errors[].append", "max_min_card.split.split.split", "finding.Finder.errors[].append", "source.chowlk.utils.clean_html_tags", "len", "len", "finding.Finder.errors[].append", "[].strip().split", "re.sub.split", "re.sub.split", "[].strip", "re.sub.split"], "store_vars_calls": {"uri": "re.sub", "prefix": "[].strip", "max_min_card": "max_min_card.split", "value": "clean_html_tags"}}, "find_namespaces": {"args": ["self"], "min_max_lineno": {"min_lineno": 227, "max_lineno": 253}, "calls": ["source.chowlk.utils.clean_html_tags", "source.chowlk.utils.clean_html_tags.split", "ns.strip.strip.strip", "[].strip", "[].strip", "item.strip", "finding.Finder.errors[].append", "ns.strip.strip.split", "ns.strip.strip.split"], "store_vars_calls": {"text": "clean_html_tags", "namespaces": "text.split", "ns": "ns.strip", "prefix": "[].strip", "ontology_uri": "[].strip"}}, "find_metadata": {"args": ["self"], "min_max_lineno": {"min_lineno": 255, "max_lineno": 288}, "calls": ["source.chowlk.utils.clean_html_tags", "source.chowlk.utils.clean_html_tags.split", "[].strip", "[].strip", "[].strip", "finding.Finder.ontology_metadata[].append", "finding.Finder.errors[].append", "ann.split", "ann.split", "ann.split", "ann.split"], "store_vars_calls": {"text": "clean_html_tags", "annotations": "text.split", "ann_prefix": "[].strip", "ann_type": "[].strip", "ann_value": "[].strip"}}, "find_ellipses": {"args": ["self"], "min_max_lineno": {"min_lineno": 290, "max_lineno": 340}, "calls": ["finding.Finder.relations.items", "len", "ellipse[].append"]}, "find_individuals": {"args": ["self"], "min_max_lineno": {"min_lineno": 342, "max_lineno": 381}, "calls": ["source.chowlk.utils.clean_html_tags", "re.sub", "source.chowlk.utils.clean_html_tags.split", "source.chowlk.utils.clean_html_tags.split", "finding.Finder.errors[].append"], "store_vars_calls": {"value": "clean_html_tags"}}, "find_attribute_values": {"args": ["self"], "min_max_lineno": {"min_lineno": 383, "max_lineno": 429}, "calls": ["source.chowlk.utils.clean_html_tags", "finding.Finder.errors[].append", "source.chowlk.utils.clean_html_tags.split", "source.chowlk.utils.clean_html_tags.split", "re.findall", "source.chowlk.utils.clean_html_tags.split"], "store_vars_calls": {"value": "clean_html_tags"}}, "find_rhombuses": {"args": ["self"], "min_max_lineno": {"min_lineno": 430, "max_lineno": 527}, "calls": ["source.chowlk.utils.clean_html_tags", "[].strip", "[].strip", "[].strip", "[].strip", "[].strip", "re.sub", "finding.Finder.relations.items", "finding.Finder.errors[].append", "re.sub", "source.chowlk.utils.create_label", "finding.Finder.attribute_blocks.items", "relation_uris.append", "source.chowlk.utils.create_label", "[].split", "value_html_clean.split", "[].strip.split", "[].strip.split", "[].strip.split", "attribute_uris.append", "value_html_clean.split"], "store_vars_calls": {"type": "[].strip", "value": "[].strip", "prefix": "[].strip", "uri": "re.sub"}}, "find_concepts_and_attributes": {"args": ["self"], "min_max_lineno": {"min_lineno": 529, "max_lineno": 766}, "calls": ["source.chowlk.geometry.get_corners_rect_child", "source.chowlk.geometry.get_corners_rect_child", "abs", "abs", "source.chowlk.utils.clean_html_tags().strip", "source.chowlk.utils.clean_html_tags", "source.chowlk.utils.clean_html_tags", "source.chowlk.utils.clean_html_tags.split", "finding.Finder.errors[].append", "finding.Finder.errors[].append", "len", "finding.Finder.errors[].append", "len", "finding.Finder.errors[].append", "[].strip", "[].strip", "re.sub", "source.chowlk.utils.create_label", "source.chowlk.utils.clean_uri", "attributes.append", "source.chowlk.utils.clean_html_tags", "source.chowlk.utils.clean_html_tags.split", "source.chowlk.utils.clean_html_tags.split", "finding.Finder.errors[].append", "[].strip", "[].strip", "re.sub", "source.chowlk.utils.create_label", "re.findall", "finding.Finder.errors[].append", "len", "[].strip", "finding.Finder.errors[].append", "max_min_card.split.split.split", "finding.Finder.errors[].append", "source.chowlk.utils.clean_html_tags.split", "source.chowlk.utils.clean_html_tags.split", "attribute_value.split", "final_datatype[].lower", "len", "source.chowlk.utils.clean_uri.split", "source.chowlk.utils.clean_uri.split", "attribute_value.split"], "store_vars_calls": {"dx": "abs", "dy": "abs", "value": "clean_html_tags", "attribute_list": "value.split", "attribute_value_cleaned": "clean_uri", "max_min_card": "max_min_card.split", "final_datatype": "[].strip"}}, "find_elements": {"args": ["self"], "returns": [["concepts", "attribute_blocks", "relations", "individuals", "ellipses", "metadata", "namespaces", "rhombuses", "errors"]], "min_max_lineno": {"min_lineno": 768, "max_lineno": 779}, "calls": ["finding.Finder.find_namespaces", "finding.Finder.find_metadata", "finding.Finder.find_relations", "finding.Finder.find_ellipses", "finding.Finder.find_individuals", "finding.Finder.find_concepts_and_attributes", "finding.Finder.find_rhombuses"], "store_vars_calls": {"namespaces": "self.find_namespaces", "metadata": "self.find_metadata", "relations": "self.find_relations", "ellipses": "self.find_ellipses", "individuals": "self.find_individuals"}}}}}, "is_test": false}