{"file": {"path": "/Users/rakshithagnanasekaran/desktop/inspect4py/test/test_files/Chowlk/source/chowlk/geometry.py", "fileNameBase": "geometry", "extension": "py"}, "functions": {"get_corners": {"args": ["x", "y", "width", "height"], "returns": [["p1", "p2", "p3", "p4"]], "min_max_lineno": {"min_lineno": 3, "max_lineno": 11}}, "get_corners_rect_child": {"args": ["child_element"], "returns": [["p1", "p2", "p3", "p4"]], "min_max_lineno": {"min_lineno": 13, "max_lineno": 22}, "calls": ["geometry.get_corners", "float", "float", "float", "float"]}, "proximity_to_shape": {"args": ["point", "xml_shape", "thr"], "returns": [["near"]], "min_max_lineno": {"min_lineno": 24, "max_lineno": 40}, "calls": ["geometry.get_corners_rect_child", "abs", "abs", "abs", "abs"]}}, "is_test": false}