{"file": {"path": "/Users/rakshithagnanasekaran/desktop/inspect4py/test/test_files/Chowlk/source/chowlk/transformations.py", "fileNameBase": "transformations", "extension": "py"}, "dependencies": [{"import": "tempfile", "type": "external"}, {"import": "sys", "type": "external"}, {"import": "rdflib", "type": "external"}, {"import": "os", "type": "external"}], "functions": {"transform_ontology": {"args": ["root"], "returns": [["turtle_string", "xml_string", "new_namespaces", "errors"]], "min_max_lineno": {"min_lineno": 10, "max_lineno": 67}, "calls": ["Finder", "Finder.find_elements", "Finder.find_attribute_values", "find_prefixes", "enrich_properties", "resolve_concept_reference", "concept_attribute_association", "concept_relation_association", "individual_type_identification", "individual_type_identification_rdf", "individual_relation_association", "individual_attribute_association", "get_ttl_template", "write_ontology_metadata", "write_object_properties", "write_data_properties", "write_concepts", "write_instances", "write_triplets", "write_general_axioms", "write_general_axioms.seek", "tempfile.NamedTemporaryFile", "tempfile.NamedTemporaryFile", "write_general_axioms.read", "rdflib.Graph", "rdflib.Graph.parse", "rdflib.Graph.serialize", "rdflib.Graph.serialize", "tempfile.NamedTemporaryFile.seek", "tempfile.NamedTemporaryFile.seek", "tempfile.NamedTemporaryFile.read().decode", "tempfile.NamedTemporaryFile.read().decode", "print", "print", "tempfile.NamedTemporaryFile.read", "tempfile.NamedTemporaryFile.read", "sys.exc_info", "str", "sys.exc_info"], "store_vars_calls": {"finder": "Finder", "values": "finder.find_attribute_values", "prefixes_identified": "find_prefixes", "attribute_blocks": "resolve_concept_reference", "associations": "concept_attribute_association", "individuals": "individual_type_identification_rdf", "associations_individuals": "individual_attribute_association", "file": "write_general_axioms", "turtle_output_file": "tempfile.NamedTemporaryFile", "xml_output_file": "tempfile.NamedTemporaryFile", "file_read": "file.read", "g": "rdflib.Graph", "turtle_string": "turtle_output_file.read().decode", "xml_string": "xml_output_file.read().decode"}}}, "is_test": false}