{"file": {"path": "/Users/rakshithagnanasekaran/desktop/inspect4py/test/test_files/Chowlk/source/chowlk/utils.py", "fileNameBase": "utils", "extension": "py"}, "dependencies": [{"import": "xml", "alias": "ET", "type": "external"}, {"import": "re", "type": "external"}, {"import": "base64", "type": "external"}, {"from_module": "urllib.parse", "import": "unquote", "type": "external"}, {"import": "zlib", "type": "external"}, {"from_module": "bs4", "import": "BeautifulSoup", "type": "external"}], "functions": {"create_label": {"args": ["uri", "type"], "returns": [["label"]], "min_max_lineno": {"min_lineno": 8, "max_lineno": 31}, "calls": ["enumerate", "enumerate", "char.isupper", "uppers_pos.insert", "words.append", "uppers_pos.append", "len", "word.lower"]}, "clean_html_tags": {"args": ["text", "metadata"], "returns": [["text"]], "min_max_lineno": {"min_lineno": 33, "max_lineno": 43}, "calls": ["bs4.BeautifulSoup", "bs4.BeautifulSoup.get_text", "re.sub"], "store_vars_calls": {"soup": "BeautifulSoup", "text": "re.sub"}}, "read_drawio_xml": {"args": ["diagram_path"], "returns": [["root"]], "min_max_lineno": {"min_lineno": 45, "max_lineno": 74}, "calls": ["xml.parse", "ET.parse.getroot", "base64.b64decode", "urllib.parse.unquote", "xml.fromstring", "root.remove", "root.remove", "zlib.decompress().decode", "zlib.decompress"], "store_vars_calls": {"tree": "ET.parse", "mxfile": "tree.getroot", "coded_xml": "base64.b64decode", "xml_string": "unquote", "mxGraphModel": "ET.fromstring"}}, "find_prefixes": {"args": ["concepts", "relations", "attribute_blocks", "individuals"], "returns": [["prefixes"]], "min_max_lineno": {"min_lineno": 76, "max_lineno": 104}, "calls": ["concepts.items", "relations.items", "individuals.items", "attribute_blocks.items", "prefixes.append", "prefixes.append", "prefixes.append", "prefixes.append"]}, "clean_uri": {"args": ["uri"], "returns": [["uri"]], "min_max_lineno": {"min_lineno": 105, "max_lineno": 119}, "calls": ["re.sub().strip", "re.sub().strip", "re.sub().strip", "re.sub().strip", "re.sub().strip", "re.sub().strip", "re.sub().strip", "re.sub().strip", "re.sub().strip", "re.sub().strip", "re.sub", "re.sub", "re.sub", "re.sub", "re.sub", "re.sub", "re.sub", "re.sub", "re.sub", "re.sub"], "store_vars_calls": {"uri": "re.sub().strip"}}}, "is_test": false}