{"file": {"path": "/Users/rakshithagnanasekaran/desktop/inspect4py/test/test_files/Chowlk/source/chowlk/writer.py", "fileNameBase": "writer", "extension": "py"}, "dependencies": [{"import": "tempfile", "type": "external"}], "functions": {"get_ttl_template": {"args": ["namespaces", "prefixes_fonded"], "returns": [["file", "onto_prefix", "onto_uri", "new_namespaces"]], "min_max_lineno": {"min_lineno": 3, "max_lineno": 45}, "calls": ["tempfile.TemporaryFile", "tempfile.TemporaryFile.write", "dict", "namespaces.items", "dict.items", "tempfile.TemporaryFile.write", "default_uri.format", "len", "tempfile.TemporaryFile.write", "tempfile.TemporaryFile.write", "not_found.append", "list", "list", "dict.keys", "namespaces.keys"], "store_vars_calls": {"file": "tempfile.TemporaryFile", "new_namespaces": "dict"}}, "write_ontology_metadata": {"args": ["file", "metadata", "onto_uri"], "returns": [["file"]], "min_max_lineno": {"min_lineno": 46, "max_lineno": 60}, "calls": ["file.write", "metadata.items", "file.write", "file.write", "file.write", "file.write", "file.write"]}, "write_object_properties": {"args": ["file", "relations", "concepts", "anonymous_concepts", "attribute_blocks"], "returns": [["file"]], "min_max_lineno": {"min_lineno": 62, "max_lineno": 151}, "calls": ["file.write", "relations.items", "file.write", "file.write", "file.write", "file.write", "file.write", "file.write", "file.write", "file.write", "file.write", "file.write", "file.write", "file.write", "file.write", "file.write", "file.write", "file.write", "file.write", "file.write", "file.write", "file.write", "file.write", "file.write", "file.write", "file.write", "file.write", "file.write", "file.write", "file.write", "file.write"]}, "write_data_properties": {"args": ["file", "attribute_blocks", "concepts"], "returns": [["file"]], "min_max_lineno": {"min_lineno": 153, "max_lineno": 203}, "calls": ["file.write", "attribute_blocks.items", "file.write", "file.write", "file.write", "file.write", "file.write", "attributes_reviewed.append", "file.write", "file.write", "file.write", "file.write", "file.write", "file.write", "file.write", "file.write", "file.write", "file.write"]}, "write_concepts": {"args": ["file", "concepts", "anonymous_concepts", "associations"], "returns": [["file"]], "min_max_lineno": {"min_lineno": 205, "max_lineno": 522}, "calls": ["file.write", "associations.items", "file.write", "file.write", "file.write", "relations.items", "attribute_blocks.items", "relations.items", "relations.items", "anonymous_concepts.items", "file.write", "file.write", "file.write", "file.write", "file.write", "len", "file.write", "file.write", "file.write", "file.write", "file.write", "file.write", "file.write", "file.write", "file.write", "file.write", "file.write", "file.write", "file.write", "file.write", "file.write", "file.write", "file.write", "file.write", "file.write", "file.write", "file.write", "file.write", "file.write", "file.write", "file.write", "file.write", "file.write", "blank[].index", "file.write", "file.write", "file.write", "file.write", "file.write", "file.write", "file.write", "file.write", "file.write", "file.write", "file.write", "file.write", "file.write", "file.write", "file.write", "file.write", "file.write", "file.write", "file.write", "file.write", "file.write", "file.write", "file.write", "file.write", "file.write", "file.write", "file.write", "file.write", "file.write", "file.write", "file.write", "file.write", "file.write", "file.write", "file.write", "file.write", "file.write", "blank[].index", "file.write", "file.write", "file.write", "file.write", "file.write", "file.write", "file.write", "file.write", "file.write", "file.write", "file.write", "file.write", "file.write", "blank[].index", "file.write", "file.write", "file.write", "file.write", "file.write", "file.write", "file.write", "file.write", "file.write", "file.write", "file.write", "file.write", "file.write", "file.write", "file.write", "file.write", "file.write", "list", "file.write", "list", "file.write", "association[].items", "association[].items"]}, "write_instances": {"args": ["file", "individuals"], "returns": [["file"]], "min_max_lineno": {"min_lineno": 524, "max_lineno": 546}, "calls": ["file.write", "individuals.items", "file.write", "file.write", "file.write", "file.write", "file.write"]}, "write_general_axioms": {"args": ["file", "concepts", "anonymous_concepts"], "returns": [["file"]], "min_max_lineno": {"min_lineno": 548, "max_lineno": 566}, "calls": ["file.write", "anonymous_concepts.items", "file.write", "file.write", "file.write", "file.write", "len", "file.write"]}, "write_triplets": {"args": ["file", "individuals", "associations", "values"], "returns": [["file"]], "min_max_lineno": {"min_lineno": 567, "max_lineno": 594}, "calls": ["associations.items", "relations.items", "attributes.items", "file.write", "file.write"]}}, "is_test": false}