{"file": {"path": "/Users/rakshithagnanasekaran/desktop/Python/data_structures/heap/binomial_heap.py", "fileNameBase": "binomial_heap", "extension": "py", "doc": {"long_description": "Reference: Advanced Data Structures, Peter Brass", "short_description": "Binomial Heap", "full": "Binomial Heap\nReference: Advanced Data Structures, Peter Brass"}}, "classes": {"Node": {"doc": {"long_description": "- value\n- size of left subtree\n- link to left, right and parent nodes", "short_description": "Node in a doubly-linked binomial tree, containing:", "full": "Node in a doubly-linked binomial tree, containing:\n    - value\n    - size of left subtree\n    - link to left, right and parent nodes"}, "min_max_lineno": {"min_lineno": 9, "max_lineno": 48}, "methods": {"__init__": {"args": ["self", "val"], "min_max_lineno": {"min_lineno": 17, "max_lineno": 24}}, "mergeTrees": {"doc": {"long_description": "Returns the root of the resulting tree", "short_description": "In-place merge of two binomial trees of equal size."}, "args": ["self", "other"], "returns": [["self"], ["other"]], "min_max_lineno": {"min_lineno": 25, "max_lineno": 48}, "store_vars_calls": {"other.right": "self", "other.right.parent": "self"}}}}, "BinomialHeap": {"doc": {"long_description": "structure implemented with the BinomialHeap class. It supports:\n    - Insert element in a heap with n elements: Guaranteed logn, amoratized 1\n    - Merge (meld) heaps of size m and n: O(logn + logm)\n    - Delete Min: O(logn)\n    - Peek (return min without deleting it): O(1)\n\nExample:\n\nCreate a random permutation of 30 integers to be inserted and 19 of them deleted\n>>> import numpy as np\n>>> permutation = np.random.permutation(list(range(30)))\n\nCreate a Heap and insert the 30 integers\n__init__() test\n>>> first_heap = BinomialHeap()\n\n30 inserts - insert() test\n>>> for number in permutation:\n...     first_heap.insert(number)\n\nSize test\n>>> print(first_heap.size)\n30\n\nDeleting - delete() test\n>>> for i in range(25):\n...     print(first_heap.deleteMin(), end=\" \")\n0 1 2 3 4 5 6 7 8 9 10 11 12 13 14 15 16 17 18 19 20 21 22 23 24 \n\nCreate a new Heap\n>>> second_heap = BinomialHeap()\n>>> vals = [17, 20, 31, 34]\n>>> for value in vals:\n...     second_heap.insert(value)\n\n\nThe heap should have the following structure:\n\n                17\n               /  \\\n              #    31\n                  /  \\\n                20    34\n               /  \\  /  \\\n              #    # #   #\n\npreOrder() test\n>>> print(second_heap.preOrder())\n[(17, 0), ('#', 1), (31, 1), (20, 2), ('#', 3), ('#', 3), (34, 2), ('#', 3), ('#', 3)]\n\nprinting Heap - __str__() test\n>>> print(second_heap)\n17\n-#\n-31\n--20\n---#\n---#\n--34\n---#\n---#\n\nmergeHeaps() test\n>>> merged = second_heap.mergeHeaps(first_heap)\n>>> merged.peek()\n17\n\nvalues in merged heap; (merge is inplace)\n>>> while not first_heap.isEmpty():\n...     print(first_heap.deleteMin(), end=\" \")\n17 20 25 26 27 28 29 31 34", "short_description": "Min-oriented priority queue implemented with the Binomial Heap data", "full": "Min-oriented priority queue implemented with the Binomial Heap data\nstructure implemented with the BinomialHeap class. It supports:\n    - Insert element in a heap with n elements: Guaranteed logn, amoratized 1\n    - Merge (meld) heaps of size m and n: O(logn + logm)\n    - Delete Min: O(logn)\n    - Peek (return min without deleting it): O(1)\n\nExample:\n\nCreate a random permutation of 30 integers to be inserted and 19 of them deleted\n>>> import numpy as np\n>>> permutation = np.random.permutation(list(range(30)))\n\nCreate a Heap and insert the 30 integers\n__init__() test\n>>> first_heap = BinomialHeap()\n\n30 inserts - insert() test\n>>> for number in permutation:\n...     first_heap.insert(number)\n\nSize test\n>>> print(first_heap.size)\n30\n\nDeleting - delete() test\n>>> for i in range(25):\n...     print(first_heap.deleteMin(), end=\" \")\n0 1 2 3 4 5 6 7 8 9 10 11 12 13 14 15 16 17 18 19 20 21 22 23 24 \n\nCreate a new Heap\n>>> second_heap = BinomialHeap()\n>>> vals = [17, 20, 31, 34]\n>>> for value in vals:\n...     second_heap.insert(value)\n\n\nThe heap should have the following structure:\n\n                17\n               /  \\\n              #    31\n                  /  \\\n                20    34\n               /  \\  /  \\\n              #    # #   #\n\npreOrder() test\n>>> print(second_heap.preOrder())\n[(17, 0), ('#', 1), (31, 1), (20, 2), ('#', 3), ('#', 3), (34, 2), ('#', 3), ('#', 3)]\n\nprinting Heap - __str__() test\n>>> print(second_heap)\n17\n-#\n-31\n--20\n---#\n---#\n--34\n---#\n---#\n\nmergeHeaps() test\n>>> merged = second_heap.mergeHeaps(first_heap)\n>>> merged.peek()\n17\n\nvalues in merged heap; (merge is inplace)\n>>> while not first_heap.isEmpty():\n...     print(first_heap.deleteMin(), end=\" \")\n17 20 25 26 27 28 29 31 34 "}, "min_max_lineno": {"min_lineno": 50, "max_lineno": 397}, "methods": {"__init__": {"args": ["self", "bottom_root", "min_node", "heap_size"], "min_max_lineno": {"min_lineno": 126, "max_lineno": 130}}, "mergeHeaps": {"doc": {"long_description": "Both of them become the resulting merged heap", "short_description": "In-place merge of two binomial heaps."}, "args": ["self", "other"], "returns": [["self"]], "min_max_lineno": {"min_lineno": 131, "max_lineno": 206}, "calls": ["range", "combined_roots_list.append", "combined_roots_list.append", "len", "i.mergeTrees.mergeTrees.mergeTrees"], "store_vars_calls": {"i": "i.mergeTrees"}}, "insert": {"doc": {"short_description": "insert a value in the heap"}, "args": ["self", "val"], "min_max_lineno": {"min_lineno": 207, "max_lineno": 248}, "calls": ["binomial_heap.Node", "binomial_heap.Node", "binomial_heap.BinomialHeap.bottom_root.mergeTrees"], "store_vars_calls": {"self.bottom_root": "self.bottom_root.mergeTrees", "new_node": "Node"}}, "peek": {"doc": {"short_description": "return min element without deleting it"}, "args": ["self"], "min_max_lineno": {"min_lineno": 249, "max_lineno": 254}}, "isEmpty": {"args": ["self"], "min_max_lineno": {"min_lineno": 255, "max_lineno": 257}}, "deleteMin": {"doc": {"short_description": "delete min element and return it"}, "args": ["self"], "returns": [["min_value"], ["min_value"], ["min_value"], ["min_value"]], "min_max_lineno": {"min_lineno": 258, "max_lineno": 360}, "calls": ["binomial_heap.BinomialHeap", "binomial_heap.BinomialHeap.mergeHeaps"], "store_vars_calls": {"newHeap": "BinomialHeap"}}, "preOrder": {"doc": {"long_description": "values of nodes plus their level distance from the root;\nEmpty nodes appear as #", "short_description": "Returns the Pre-order representation of the heap including"}, "args": ["self"], "returns": [["heap_preOrder"]], "min_max_lineno": {"min_lineno": 361, "max_lineno": 375}, "calls": ["binomial_heap.BinomialHeap.__traversal"]}, "__traversal": {"doc": {"short_description": "Pre-order traversal of nodes"}, "args": ["self", "curr_node", "preorder", "level"], "min_max_lineno": {"min_lineno": 376, "max_lineno": 386}, "calls": ["preorder.append", "binomial_heap.BinomialHeap.__traversal", "binomial_heap.BinomialHeap.__traversal", "preorder.append"]}, "__str__": {"doc": {"long_description": "Performance is poor, so use only for small examples", "short_description": "Overwriting str for a pre-order print of nodes in heap;"}, "args": ["self"], "min_max_lineno": {"min_lineno": 387, "max_lineno": 397}, "calls": ["binomial_heap.BinomialHeap.isEmpty", "binomial_heap.BinomialHeap.preOrder", "str"], "store_vars_calls": {"preorder_heap": "self.preOrder"}}}}}, "main_info": {"main_flag": 1, "type": "script"}, "is_test": false}