{"file": {"path": "/Users/rakshithagnanasekaran/desktop/Python/data_structures/heap/heap_generic.py", "fileNameBase": "heap_generic", "extension": "py"}, "classes": {"Heap": {"doc": {"long_description": "accordingly.", "short_description": "A generic Heap class, can be used as min or max by passing the key function", "full": "A generic Heap class, can be used as min or max by passing the key function\naccordingly."}, "min_max_lineno": {"min_lineno": 1, "max_lineno": 126}, "methods": {"__init__": {"args": ["self", "key"], "min_max_lineno": {"min_lineno": 7, "max_lineno": 17}, "calls": ["list"], "store_vars_calls": {"self.arr": "list"}}, "_parent": {"doc": {"short_description": "Returns parent index of given index if exists else None"}, "args": ["self", "i"], "min_max_lineno": {"min_lineno": 18, "max_lineno": 21}, "calls": ["int"]}, "_left": {"doc": {"short_description": "Returns left-child-index of given index if exists else None"}, "args": ["self", "i"], "min_max_lineno": {"min_lineno": 22, "max_lineno": 26}, "calls": ["int"], "store_vars_calls": {"left": "int"}}, "_right": {"doc": {"short_description": "Returns right-child-index of given index if exists else None"}, "args": ["self", "i"], "min_max_lineno": {"min_lineno": 27, "max_lineno": 31}, "calls": ["int"], "store_vars_calls": {"right": "int"}}, "_swap": {"doc": {"short_description": "Performs changes required for swapping two elements in the heap"}, "args": ["self", "i", "j"], "min_max_lineno": {"min_lineno": 32, "max_lineno": 41}}, "_cmp": {"doc": {"short_description": "Compares the two items using default comparison"}, "args": ["self", "i", "j"], "min_max_lineno": {"min_lineno": 42, "max_lineno": 45}}, "_get_valid_parent": {"doc": {"long_description": "both it's children", "short_description": "Returns index of valid parent as per desired ordering among given index and"}, "args": ["self", "i"], "returns": [["valid_parent"]], "min_max_lineno": {"min_lineno": 46, "max_lineno": 61}, "calls": ["heap_generic.Heap._left", "heap_generic.Heap._right", "heap_generic.Heap._cmp", "heap_generic.Heap._cmp"], "store_vars_calls": {"left": "self._left", "right": "self._right"}}, "_heapify_up": {"doc": {"short_description": "Fixes the heap in upward direction of given index"}, "args": ["self", "index"], "min_max_lineno": {"min_lineno": 62, "max_lineno": 68}, "calls": ["heap_generic.Heap._parent", "heap_generic.Heap._swap", "heap_generic.Heap._cmp", "heap_generic.Heap._parent"], "store_vars_calls": {"parent": "self._parent"}}, "_heapify_down": {"doc": {"short_description": "Fixes the heap in downward direction of given index"}, "args": ["self", "index"], "min_max_lineno": {"min_lineno": 69, "max_lineno": 75}, "calls": ["heap_generic.Heap._get_valid_parent", "heap_generic.Heap._swap", "heap_generic.Heap._get_valid_parent"], "store_vars_calls": {"valid_parent": "self._get_valid_parent"}}, "update_item": {"doc": {"short_description": "Updates given item value in heap if present"}, "args": ["self", "item", "item_value"], "min_max_lineno": {"min_lineno": 76, "max_lineno": 86}, "calls": ["heap_generic.Heap._heapify_up", "heap_generic.Heap._heapify_down", "heap_generic.Heap.key"]}, "delete_item": {"doc": {"short_description": "Deletes given item from heap if present"}, "args": ["self", "item"], "min_max_lineno": {"min_lineno": 87, "max_lineno": 101}, "calls": ["heap_generic.Heap._heapify_up", "heap_generic.Heap._heapify_down"]}, "insert_item": {"doc": {"short_description": "Inserts given item with given value in heap"}, "args": ["self", "item", "item_value"], "min_max_lineno": {"min_lineno": 102, "max_lineno": 112}, "calls": ["len", "heap_generic.Heap._heapify_up", "heap_generic.Heap.arr.append", "heap_generic.Heap.key", "heap_generic.Heap.key"], "store_vars_calls": {"arr_len": "len"}}, "get_top": {"doc": {"short_description": "Returns top item tuple (Calculated value, item) from heap if present"}, "args": ["self"], "min_max_lineno": {"min_lineno": 113, "max_lineno": 116}}, "extract_top": {"doc": {"long_description": "if present", "short_description": "Return top item tuple (Calculated value, item) from heap and removes it as well"}, "args": ["self"], "returns": [["top_item_tuple"]], "min_max_lineno": {"min_lineno": 117, "max_lineno": 126}, "calls": ["heap_generic.Heap.get_top", "heap_generic.Heap.delete_item"], "store_vars_calls": {"top_item_tuple": "self.get_top"}}}}}, "functions": {"test_heap": {"doc": {"long_description": ">>> h.insert_item(5, 34)\n>>> h.insert_item(6, 31)\n>>> h.insert_item(7, 37)\n>>> h.get_top()\n[7, 37]\n>>> h.extract_top()\n[7, 37]\n>>> h.extract_top()\n[5, 34]\n>>> h.extract_top()\n[6, 31]\n>>> h = Heap(key=lambda x: -x)  # Min heap\n>>> h.insert_item(5, 34)\n>>> h.insert_item(6, 31)\n>>> h.insert_item(7, 37)\n>>> h.get_top()\n[6, -31]\n>>> h.extract_top()\n[6, -31]\n>>> h.extract_top()\n[5, -34]\n>>> h.extract_top()\n[7, -37]\n>>> h.insert_item(8, 45)\n>>> h.insert_item(9, 40)\n>>> h.insert_item(10, 50)\n>>> h.get_top()\n[9, -40]\n>>> h.update_item(10, 30)\n>>> h.get_top()\n[10, -30]\n>>> h.delete_item(10)\n>>> h.get_top()\n[9, -40]", "short_description": ">>> h = Heap()  # Max-heap"}, "min_max_lineno": {"min_lineno": 128, "max_lineno": 167}}}, "main_info": {"main_flag": 1, "type": "script"}, "is_test": false}