{"file": {"path": "/Users/rakshithagnanasekaran/desktop/Python/data_structures/heap/heap.py", "fileNameBase": "heap", "extension": "py"}, "dependencies": [{"from_module": "__future__", "import": "annotations", "type": "external"}, {"from_module": "collections.abc", "import": "Iterable", "type": "external"}], "classes": {"Heap": {"doc": {"long_description": ">>> unsorted = [103, 9, 1, 7, 11, 15, 25, 201, 209, 107, 5]\n>>> h = Heap()\n>>> h.build_max_heap(unsorted)\n>>> print(h)\n[209, 201, 25, 103, 107, 15, 1, 9, 7, 11, 5]\n>>>\n>>> h.extract_max()\n209\n>>> print(h)\n[201, 107, 25, 103, 11, 15, 1, 9, 7, 5]\n>>>\n>>> h.insert(100)\n>>> print(h)\n[201, 107, 25, 103, 100, 15, 1, 9, 7, 5, 11]\n>>>\n>>> h.heap_sort()\n>>> print(h)\n[1, 5, 7, 9, 11, 15, 25, 100, 103, 107, 201]", "short_description": "A Max Heap Implementation", "full": "A Max Heap Implementation\n\n>>> unsorted = [103, 9, 1, 7, 11, 15, 25, 201, 209, 107, 5]\n>>> h = Heap()\n>>> h.build_max_heap(unsorted)\n>>> print(h)\n[209, 201, 25, 103, 107, 15, 1, 9, 7, 11, 5]\n>>>\n>>> h.extract_max()\n209\n>>> print(h)\n[201, 107, 25, 103, 11, 15, 1, 9, 7, 5]\n>>>\n>>> h.insert(100)\n>>> print(h)\n[201, 107, 25, 103, 100, 15, 1, 9, 7, 5, 11]\n>>>\n>>> h.heap_sort()\n>>> print(h)\n[1, 5, 7, 9, 11, 15, 25, 100, 103, 107, 201]"}, "min_max_lineno": {"min_lineno": 6, "max_lineno": 128}, "methods": {"__init__": {"args": ["self"], "min_max_lineno": {"min_lineno": 29, "max_lineno": 32}}, "__repr__": {"args": ["self"], "min_max_lineno": {"min_lineno": 33, "max_lineno": 35}, "calls": ["str"]}, "parent_index": {"doc": {"short_description": "return the parent index of given child"}, "args": ["self", "child_idx"], "min_max_lineno": {"min_lineno": 36, "max_lineno": 41}}, "left_child_idx": {"doc": {"long_description": "if not, return None.", "short_description": "return the left child index if the left child exists."}, "args": ["self", "parent_idx"], "returns": [["left_child_index"]], "min_max_lineno": {"min_lineno": 42, "max_lineno": 51}}, "right_child_idx": {"doc": {"long_description": "if not, return None.", "short_description": "return the right child index if the right child exists."}, "args": ["self", "parent_idx"], "returns": [["right_child_index"]], "min_max_lineno": {"min_lineno": 52, "max_lineno": 61}}, "max_heapify": {"doc": {"short_description": "correct a single violation of the heap property in a subtree's root."}, "args": ["self", "index"], "min_max_lineno": {"min_lineno": 62, "max_lineno": 81}, "calls": ["heap.Heap.left_child_idx", "heap.Heap.right_child_idx", "heap.Heap.max_heapify"], "store_vars_calls": {"left_child": "self.left_child_idx", "right_child": "self.right_child_idx"}}, "build_max_heap": {"doc": {"short_description": "build max heap from an unsorted array"}, "args": ["self", "collection"], "min_max_lineno": {"min_lineno": 82, "max_lineno": 90}, "calls": ["list", "len", "range", "heap.Heap.max_heapify"], "store_vars_calls": {"self.h": "list", "self.heap_size": "len"}}, "max": {"doc": {"short_description": "return the max in the heap"}, "args": ["self"], "min_max_lineno": {"min_lineno": 91, "max_lineno": 97}, "calls": ["Exception"]}, "extract_max": {"doc": {"short_description": "get and remove max from heap"}, "args": ["self"], "returns": [["me"]], "min_max_lineno": {"min_lineno": 98, "max_lineno": 111}, "calls": ["heap.Heap.h.pop", "heap.Heap.max_heapify", "heap.Heap.h.pop", "Exception"]}, "insert": {"doc": {"short_description": "insert a new value into the max heap"}, "args": ["self", "value"], "min_max_lineno": {"min_lineno": 112, "max_lineno": 120}, "calls": ["heap.Heap.h.append", "heap.Heap.max_heapify"]}, "heap_sort": {"args": ["self"], "min_max_lineno": {"min_lineno": 121, "max_lineno": 128}, "calls": ["range", "heap.Heap.max_heapify"]}}}}, "main_info": {"main_flag": 1, "type": "script"}, "is_test": false}