{"file": {"path": "/Users/rakshithagnanasekaran/desktop/Python/data_structures/heap/max_heap.py", "fileNameBase": "max_heap", "extension": "py"}, "classes": {"BinaryHeap": {"doc": {"long_description": ">>> binary_heap = BinaryHeap()\n>>> binary_heap.insert(6)\n>>> binary_heap.insert(10)\n>>> binary_heap.insert(15)\n>>> binary_heap.insert(12)\n>>> binary_heap.pop()\n15\n>>> binary_heap.pop()\n12\n>>> binary_heap.get_list\n[10, 6]\n>>> len(binary_heap)\n2", "short_description": "A max-heap implementation in Python", "full": "A max-heap implementation in Python\n>>> binary_heap = BinaryHeap()\n>>> binary_heap.insert(6)\n>>> binary_heap.insert(10)\n>>> binary_heap.insert(15)\n>>> binary_heap.insert(12)\n>>> binary_heap.pop()\n15\n>>> binary_heap.pop()\n12\n>>> binary_heap.get_list\n[10, 6]\n>>> len(binary_heap)\n2"}, "min_max_lineno": {"min_lineno": 1, "max_lineno": 70}, "methods": {"__init__": {"args": ["self"], "min_max_lineno": {"min_lineno": 19, "max_lineno": 22}}, "__swap_up": {"doc": {"short_description": "Swap the element up"}, "args": ["self", "i"], "min_max_lineno": {"min_lineno": 23, "max_lineno": 31}}, "insert": {"doc": {"short_description": "Insert new element"}, "args": ["self", "value"], "min_max_lineno": {"min_lineno": 32, "max_lineno": 37}, "calls": ["max_heap.BinaryHeap.__heap.append", "max_heap.BinaryHeap.__swap_up"]}, "__swap_down": {"doc": {"short_description": "Swap the element down"}, "args": ["self", "i"], "min_max_lineno": {"min_lineno": 38, "max_lineno": 53}}, "pop": {"doc": {"short_description": "Pop the root element"}, "args": ["self"], "returns": [["max_value"]], "min_max_lineno": {"min_lineno": 54, "max_lineno": 62}, "calls": ["max_heap.BinaryHeap.__heap.pop", "max_heap.BinaryHeap.__swap_down"]}, "get_list": {"args": ["self"], "min_max_lineno": {"min_lineno": 63, "max_lineno": 66}}, "__len__": {"doc": {"short_description": "Length of the array"}, "args": ["self"], "min_max_lineno": {"min_lineno": 67, "max_lineno": 70}}}}}, "main_info": {"main_flag": 1, "type": "script"}, "is_test": false}