{"file": {"path": "/Users/rakshithagnanasekaran/desktop/Python/data_structures/heap/min_heap.py", "fileNameBase": "min_heap", "extension": "py"}, "classes": {"Node": {"min_max_lineno": {"min_lineno": 5, "max_lineno": 15}, "methods": {"__init__": {"args": ["self", "name", "val"], "min_max_lineno": {"min_lineno": 6, "max_lineno": 9}}, "__str__": {"args": ["self"], "min_max_lineno": {"min_lineno": 10, "max_lineno": 12}}, "__lt__": {"args": ["self", "other"], "min_max_lineno": {"min_lineno": 13, "max_lineno": 15}}}}, "MinHeap": {"doc": {"long_description": ">>> b = Node(\"B\", 6)\n>>> a = Node(\"A\", 3)\n>>> x = Node(\"X\", 1)\n>>> e = Node(\"E\", 4)\n>>> print(b)\nNode(B, 6)\n>>> myMinHeap = MinHeap([r, b, a, x, e])\n>>> myMinHeap.decrease_key(b, -17)\n>>> print(b)\nNode(B, -17)\n>>> print(myMinHeap[\"B\"])\n-17", "short_description": ">>> r = Node(\"R\", -1)", "full": ">>> r = Node(\"R\", -1)\n>>> b = Node(\"B\", 6)\n>>> a = Node(\"A\", 3)\n>>> x = Node(\"X\", 1)\n>>> e = Node(\"E\", 4)\n>>> print(b)\nNode(B, 6)\n>>> myMinHeap = MinHeap([r, b, a, x, e])\n>>> myMinHeap.decrease_key(b, -17)\n>>> print(b)\nNode(B, -17)\n>>> print(myMinHeap[\"B\"])\n-17"}, "min_max_lineno": {"min_lineno": 17, "max_lineno": 133}, "methods": {"__init__": {"args": ["self", "array"], "min_max_lineno": {"min_lineno": 34, "max_lineno": 38}, "calls": ["min_heap.MinHeap.build_heap"], "store_vars_calls": {"self.heap": "self.build_heap"}}, "__getitem__": {"args": ["self", "key"], "min_max_lineno": {"min_lineno": 39, "max_lineno": 41}, "calls": ["min_heap.MinHeap.get_value"]}, "get_parent_idx": {"args": ["self", "idx"], "min_max_lineno": {"min_lineno": 42, "max_lineno": 44}}, "get_left_child_idx": {"args": ["self", "idx"], "min_max_lineno": {"min_lineno": 45, "max_lineno": 47}}, "get_right_child_idx": {"args": ["self", "idx"], "min_max_lineno": {"min_lineno": 48, "max_lineno": 50}}, "get_value": {"args": ["self", "key"], "min_max_lineno": {"min_lineno": 51, "max_lineno": 53}}, "build_heap": {"args": ["self", "array"], "returns": [["array"]], "min_max_lineno": {"min_lineno": 54, "max_lineno": 65}, "calls": ["min_heap.MinHeap.get_parent_idx", "enumerate", "range", "len", "min_heap.MinHeap.sift_down"], "store_vars_calls": {"startFrom": "self.get_parent_idx"}}, "sift_down": {"args": ["self", "idx", "array"], "min_max_lineno": {"min_lineno": 67, "max_lineno": 90}, "calls": ["min_heap.MinHeap.get_left_child_idx", "min_heap.MinHeap.get_right_child_idx", "len", "len"], "store_vars_calls": {"l": "self.get_left_child_idx", "r": "self.get_right_child_idx"}}, "sift_up": {"args": ["self", "idx"], "min_max_lineno": {"min_lineno": 91, "max_lineno": 101}, "calls": ["min_heap.MinHeap.get_parent_idx", "min_heap.MinHeap.get_parent_idx"], "store_vars_calls": {"p": "self.get_parent_idx"}}, "peek": {"args": ["self"], "min_max_lineno": {"min_lineno": 102, "max_lineno": 104}}, "remove": {"args": ["self"], "returns": [["x"]], "min_max_lineno": {"min_lineno": 105, "max_lineno": 116}, "calls": ["min_heap.MinHeap.heap.pop", "min_heap.MinHeap.sift_down"], "store_vars_calls": {"x": "self.heap.pop"}}, "insert": {"args": ["self", "node"], "min_max_lineno": {"min_lineno": 117, "max_lineno": 122}, "calls": ["min_heap.MinHeap.heap.append", "min_heap.MinHeap.sift_up", "len", "len"]}, "is_empty": {"args": ["self"], "min_max_lineno": {"min_lineno": 123, "max_lineno": 125}, "calls": ["len"]}, "decrease_key": {"args": ["self", "node", "newValue"], "min_max_lineno": {"min_lineno": 126, "max_lineno": 133}, "calls": ["min_heap.MinHeap.sift_up"]}}}}, "body": {"calls": ["min_heap.Node", "min_heap.Node", "min_heap.Node", "min_heap.Node", "min_heap.Node", "min_heap.MinHeap", "print", "print", "min_heap.MinHeap.decrease_key"], "store_vars_calls": {"r": "Node", "b": "Node", "a": "Node", "x": "Node", "e": "Node", "myMinHeap": "MinHeap"}}, "main_info": {"main_flag": 1, "type": "script"}, "is_test": false}