{"file": {"path": "/Users/rakshithagnanasekaran/desktop/Python/data_structures/heap/randomized_heap.py", "fileNameBase": "randomized_heap", "extension": "py"}, "dependencies": [{"from_module": "__future__", "import": "annotations", "type": "external"}, {"import": "random", "type": "external"}, {"from_module": "collections.abc", "import": "Iterable", "type": "external"}, {"from_module": "typing", "import": "Any", "type": "external"}, {"from_module": "typing", "import": "Generic", "type": "external"}, {"from_module": "typing", "import": "TypeVar", "type": "external"}], "classes": {"RandomizedHeapNode": {"doc": {"long_description": "two children.", "short_description": "One node of the randomized heap. Contains the value and references to", "full": "One node of the randomized heap. Contains the value and references to\ntwo children."}, "min_max_lineno": {"min_lineno": 12, "max_lineno": 48}, "methods": {"__init__": {"args": ["self", "value"], "min_max_lineno": {"min_lineno": 18, "max_lineno": 22}}, "value": {"doc": {"short_description": "Return the value of the node."}, "args": ["self"], "min_max_lineno": {"min_lineno": 23, "max_lineno": 27}}, "merge": {"doc": {"short_description": "Merge 2 nodes together."}, "args": ["root1", "root2"], "returns": [["root1"], ["root2"], ["root1"]], "min_max_lineno": {"min_lineno": 28, "max_lineno": 48}, "calls": ["random.choice", "randomized_heap.RandomizedHeapNode.merge"], "store_vars_calls": {"root1.left": "RandomizedHeapNode.merge"}}}}, "RandomizedHeap": {"doc": {"long_description": "values. Both operations take O(logN) time where N is the size of the\nstructure.\nWiki: https://en.wikipedia.org/wiki/Randomized_meldable_heap\n\n>>> RandomizedHeap([2, 3, 1, 5, 1, 7]).to_sorted_list()\n[1, 1, 2, 3, 5, 7]\n\n>>> rh = RandomizedHeap()\n>>> rh.pop()\nTraceback (most recent call last):\n    ...\nIndexError: Can't get top element for the empty heap.\n\n>>> rh.insert(1)\n>>> rh.insert(-1)\n>>> rh.insert(0)\n>>> rh.to_sorted_list()\n[-1, 0, 1]", "short_description": "A data structure that allows inserting a new value and to pop the smallest", "full": "A data structure that allows inserting a new value and to pop the smallest\nvalues. Both operations take O(logN) time where N is the size of the\nstructure.\nWiki: https://en.wikipedia.org/wiki/Randomized_meldable_heap\n\n>>> RandomizedHeap([2, 3, 1, 5, 1, 7]).to_sorted_list()\n[1, 1, 2, 3, 5, 7]\n\n>>> rh = RandomizedHeap()\n>>> rh.pop()\nTraceback (most recent call last):\n    ...\nIndexError: Can't get top element for the empty heap.\n\n>>> rh.insert(1)\n>>> rh.insert(-1)\n>>> rh.insert(0)\n>>> rh.to_sorted_list()\n[-1, 0, 1]"}, "min_max_lineno": {"min_lineno": 50, "max_lineno": 191}, "methods": {"__init__": {"doc": {"long_description": ">>> rh.to_sorted_list()\n[1, 3, 3, 7]", "short_description": ">>> rh = RandomizedHeap([3, 1, 3, 7])"}, "args": ["self", "data"], "min_max_lineno": {"min_lineno": 73, "max_lineno": 84}, "calls": ["randomized_heap.RandomizedHeap.insert"]}, "insert": {"doc": {"long_description": ">>> rh = RandomizedHeap()\n>>> rh.insert(3)\n>>> rh.insert(1)\n>>> rh.insert(3)\n>>> rh.insert(7)\n>>> rh.to_sorted_list()\n[1, 3, 3, 7]", "short_description": "Insert the value into the heap."}, "args": ["self", "value"], "min_max_lineno": {"min_lineno": 85, "max_lineno": 98}, "calls": ["randomized_heap.RandomizedHeapNode.merge", "randomized_heap.RandomizedHeapNode"], "store_vars_calls": {"self._root": "RandomizedHeapNode.merge"}}, "pop": {"doc": {"long_description": ">>> rh = RandomizedHeap([3, 1, 3, 7])\n>>> rh.pop()\n1\n>>> rh.pop()\n3\n>>> rh.pop()\n3\n>>> rh.pop()\n7\n>>> rh.pop()\nTraceback (most recent call last):\n    ...\nIndexError: Can't get top element for the empty heap.", "short_description": "Pop the smallest value from the heap and return it."}, "args": ["self"], "returns": [["result"]], "min_max_lineno": {"min_lineno": 99, "max_lineno": 126}, "calls": ["randomized_heap.RandomizedHeap.top", "randomized_heap.RandomizedHeapNode.merge"], "store_vars_calls": {"result": "self.top", "self._root": "RandomizedHeapNode.merge"}}, "top": {"doc": {"long_description": ">>> rh = RandomizedHeap()\n>>> rh.insert(3)\n>>> rh.top()\n3\n>>> rh.insert(1)\n>>> rh.top()\n1\n>>> rh.insert(3)\n>>> rh.top()\n1\n>>> rh.insert(7)\n>>> rh.top()\n1", "short_description": "Return the smallest value from the heap."}, "args": ["self"], "min_max_lineno": {"min_lineno": 127, "max_lineno": 148}, "calls": ["IndexError"]}, "clear": {"doc": {"long_description": ">>> rh = RandomizedHeap([3, 1, 3, 7])\n>>> rh.clear()\n>>> rh.pop()\nTraceback (most recent call last):\n    ...\nIndexError: Can't get top element for the empty heap.", "short_description": "Clear the heap."}, "args": ["self"], "min_max_lineno": {"min_lineno": 149, "max_lineno": 161}}, "to_sorted_list": {"doc": {"long_description": ">>> rh = RandomizedHeap([3, 1, 3, 7])\n>>> rh.to_sorted_list()\n[1, 3, 3, 7]", "short_description": "Returns sorted list containing all the values in the heap."}, "args": ["self"], "returns": [["result"]], "min_max_lineno": {"min_lineno": 162, "max_lineno": 175}, "calls": ["result.append", "randomized_heap.RandomizedHeap.pop"]}, "__bool__": {"doc": {"long_description": ">>> rh = RandomizedHeap()\n>>> bool(rh)\nFalse\n>>> rh.insert(1)\n>>> bool(rh)\nTrue\n>>> rh.clear()\n>>> bool(rh)\nFalse", "short_description": "Check if the heap is not empty."}, "args": ["self"], "min_max_lineno": {"min_lineno": 176, "max_lineno": 191}}}}}, "body": {"calls": ["typing.TypeVar"], "store_vars_calls": {"T": "TypeVar"}}, "main_info": {"main_flag": 1, "type": "script"}, "is_test": false}