{"file": {"path": "/Users/rakshithagnanasekaran/desktop/Python/data_structures/heap/skew_heap.py", "fileNameBase": "skew_heap", "extension": "py"}, "dependencies": [{"from_module": "__future__", "import": "annotations", "type": "external"}, {"from_module": "collections.abc", "import": "Iterable", "type": "external"}, {"from_module": "collections.abc", "import": "Iterator", "type": "external"}, {"from_module": "typing", "import": "Any", "type": "external"}, {"from_module": "typing", "import": "Generic", "type": "external"}, {"from_module": "typing", "import": "TypeVar", "type": "external"}], "classes": {"SkewNode": {"doc": {"long_description": "two children.", "short_description": "One node of the skew heap. Contains the value and references to", "full": "One node of the skew heap. Contains the value and references to\ntwo children."}, "min_max_lineno": {"min_lineno": 11, "max_lineno": 47}, "methods": {"__init__": {"args": ["self", "value"], "min_max_lineno": {"min_lineno": 17, "max_lineno": 21}}, "value": {"doc": {"short_description": "Return the value of the node."}, "args": ["self"], "min_max_lineno": {"min_lineno": 22, "max_lineno": 26}}, "merge": {"doc": {"short_description": "Merge 2 nodes together."}, "args": ["root1", "root2"], "returns": [["result"], ["root2"], ["root1"]], "min_max_lineno": {"min_lineno": 27, "max_lineno": 47}, "calls": ["skew_heap.SkewNode.merge"], "store_vars_calls": {"result.left": "SkewNode.merge"}}}}, "SkewHeap": {"doc": {"long_description": "values. Both operations take O(logN) time where N is the size of the\nstructure.\nWiki: https://en.wikipedia.org/wiki/Skew_heap\nVisualization: https://www.cs.usfca.edu/~galles/visualization/SkewHeap.html\n\n>>> list(SkewHeap([2, 3, 1, 5, 1, 7]))\n[1, 1, 2, 3, 5, 7]\n\n>>> sh = SkewHeap()\n>>> sh.pop()\nTraceback (most recent call last):\n    ...\nIndexError: Can't get top element for the empty heap.\n\n>>> sh.insert(1)\n>>> sh.insert(-1)\n>>> sh.insert(0)\n>>> list(sh)\n[-1, 0, 1]", "short_description": "A data structure that allows inserting a new value and to pop the smallest", "full": "A data structure that allows inserting a new value and to pop the smallest\nvalues. Both operations take O(logN) time where N is the size of the\nstructure.\nWiki: https://en.wikipedia.org/wiki/Skew_heap\nVisualization: https://www.cs.usfca.edu/~galles/visualization/SkewHeap.html\n\n>>> list(SkewHeap([2, 3, 1, 5, 1, 7]))\n[1, 1, 2, 3, 5, 7]\n\n>>> sh = SkewHeap()\n>>> sh.pop()\nTraceback (most recent call last):\n    ...\nIndexError: Can't get top element for the empty heap.\n\n>>> sh.insert(1)\n>>> sh.insert(-1)\n>>> sh.insert(0)\n>>> list(sh)\n[-1, 0, 1]"}, "min_max_lineno": {"min_lineno": 49, "max_lineno": 192}, "methods": {"__init__": {"doc": {"long_description": ">>> list(sh)\n[1, 3, 3, 7]", "short_description": ">>> sh = SkewHeap([3, 1, 3, 7])"}, "args": ["self", "data"], "min_max_lineno": {"min_lineno": 73, "max_lineno": 84}, "calls": ["skew_heap.SkewHeap.insert"]}, "__bool__": {"doc": {"long_description": ">>> sh = SkewHeap()\n>>> bool(sh)\nFalse\n>>> sh.insert(1)\n>>> bool(sh)\nTrue\n>>> sh.clear()\n>>> bool(sh)\nFalse", "short_description": "Check if the heap is not empty."}, "args": ["self"], "min_max_lineno": {"min_lineno": 85, "max_lineno": 100}}, "__iter__": {"doc": {"long_description": ">>> sh = SkewHeap([3, 1, 3, 7])\n>>> list(sh)\n[1, 3, 3, 7]", "short_description": "Returns sorted list containing all the values in the heap."}, "args": ["self"], "min_max_lineno": {"min_lineno": 101, "max_lineno": 118}, "calls": ["iter", "result.append", "skew_heap.SkewHeap.insert", "skew_heap.SkewHeap.pop"]}, "insert": {"doc": {"long_description": ">>> sh = SkewHeap()\n>>> sh.insert(3)\n>>> sh.insert(1)\n>>> sh.insert(3)\n>>> sh.insert(7)\n>>> list(sh)\n[1, 3, 3, 7]", "short_description": "Insert the value into the heap."}, "args": ["self", "value"], "min_max_lineno": {"min_lineno": 119, "max_lineno": 132}, "calls": ["skew_heap.SkewNode.merge", "skew_heap.SkewNode"], "store_vars_calls": {"self._root": "SkewNode.merge"}}, "pop": {"doc": {"long_description": ">>> sh = SkewHeap([3, 1, 3, 7])\n>>> sh.pop()\n1\n>>> sh.pop()\n3\n>>> sh.pop()\n3\n>>> sh.pop()\n7\n>>> sh.pop()\nTraceback (most recent call last):\n    ...\nIndexError: Can't get top element for the empty heap.", "short_description": "Pop the smallest value from the heap and return it."}, "args": ["self"], "returns": [["result"]], "min_max_lineno": {"min_lineno": 133, "max_lineno": 157}, "calls": ["skew_heap.SkewHeap.top", "skew_heap.SkewNode.merge"], "store_vars_calls": {"result": "self.top"}}, "top": {"doc": {"long_description": ">>> sh = SkewHeap()\n>>> sh.insert(3)\n>>> sh.top()\n3\n>>> sh.insert(1)\n>>> sh.top()\n1\n>>> sh.insert(3)\n>>> sh.top()\n1\n>>> sh.insert(7)\n>>> sh.top()\n1", "short_description": "Return the smallest value from the heap."}, "args": ["self"], "min_max_lineno": {"min_lineno": 158, "max_lineno": 179}, "calls": ["IndexError"]}, "clear": {"doc": {"long_description": ">>> sh = SkewHeap([3, 1, 3, 7])\n>>> sh.clear()\n>>> sh.pop()\nTraceback (most recent call last):\n    ...\nIndexError: Can't get top element for the empty heap.", "short_description": "Clear the heap."}, "args": ["self"], "min_max_lineno": {"min_lineno": 180, "max_lineno": 192}}}}}, "body": {"calls": ["typing.TypeVar"], "store_vars_calls": {"T": "TypeVar"}}, "main_info": {"main_flag": 1, "type": "script"}, "is_test": false}