{"file": {"path": "/Users/rakshithagnanasekaran/desktop/inspect4py/inspect4py/cli.py", "fileNameBase": "cli", "extension": "py"}, "dependencies": [{"import": "json", "type": "external"}, {"import": "tokenize", "type": "external"}, {"import": "types", "type": "external"}, {"import": "builtins", "type": "external"}, {"import": "click", "type": "external"}, {"from_module": "cdmcfparser", "import": "getControlFlowFromFile", "type": "external"}, {"from_module": "docstring_parser", "import": "parse", "alias": "doc_parse", "type": "external"}, {"from_module": "inspect4py", "import": "__version__", "type": "external"}, {"from_module": "inspect4py.staticfg", "import": "builder", "type": "external"}], "classes": {"CodeInspection": {"min_max_lineno": {"min_lineno": 29, "max_lineno": 1142}, "methods": {"__init__": {"doc": {"short_description": "init method initializes the Code_Inspection object", "args": {"self": {"description": "represent the instance of the class", "type_name": "self", "is_optional": false}, "path": {"description": "the file to inspect", "type_name": "str", "is_optional": false}, "out_control_flow_path": {"description": "the output directory to store the control flow information", "type_name": "str", "is_optional": false}, "out_json_path": {"description": "the output directory to store the json file with features extracted from the ast tree.", "type_name": "str", "is_optional": false}, "flag_png": {"description": "flag to indicate to generate or not control flow figures", "type_name": "int", "is_optional": false}, "control_flow": {"description": "boolean to indicate to generate the control flow", "type_name": "bool", "is_optional": false}}}, "args": ["self", "path", "out_control_flow_path", "out_json_path", "flag_png", "control_flow"], "min_max_lineno": {"min_lineno": 30, "max_lineno": 58}, "calls": ["cli.CodeInspection.parser_file", "cli.CodeInspection.inspect_file", "cli.CodeInspection.inspect_dependencies", "cli.CodeInspection.inspect_classes_funcs", "cli.CodeInspection.inspect_body", "cli.CodeInspection.file_json", "cli.CodeInspection.inspect_controlflow"], "store_vars_calls": {"self.tree": "self.parser_file", "self.fileInfo": "self.inspect_file", "self.depInfo": "self.inspect_dependencies", "self.bodyInfo": "self.inspect_body", "self.fileJson": "self.file_json", "self.controlFlowInfo": "self.inspect_controlflow"}}, "parser_file": {"doc": {"short_description": "parse_file method parsers a file as an AST tree", "args": {"self": {"description": "represent the instance of the class", "type_name": "self", "is_optional": false}}, "returns": {"description": "the file as an ast tree", "type_name": "ast.tree", "is_generator": false}}, "args": ["self"], "min_max_lineno": {"min_lineno": 59, "max_lineno": 70}, "calls": ["tokenize.open", "ast.parse", "f.read"]}, "inspect_file": {"doc": {"long_description": "Those features are path, fileNameBase, extension, docstring.\nThe method support several levels of docstrings extraction,\nsuch as file's long, short a full descrition.\n:param self self: represent the instance of the class\n:return dictionary a dictionary with the file information extracted", "short_description": "inspect_file method extracts the features at file level."}, "args": ["self"], "returns": [["file_info"]], "min_max_lineno": {"min_lineno": 71, "max_lineno": 95}, "calls": ["os.path.basename().split", "ast.get_docstring", "os.path.abspath", "docstring_parser.parse", "os.path.basename"], "store_vars_calls": {"file_name": "os.path.basename().split", "ds_m": "ast.get_docstring", "docstring": "doc_parse"}}, "inspect_controlflow": {"doc": {"long_description": "extracting the controlflow of a file. One as a\ntext and another as a figure (PNG/PDF/DOT).", "short_description": "inspect_controlFlow uses two methods for", "args": {"self": {"description": "represent the instance of the class", "type_name": "self", "is_optional": false}, "format": {"description": "represent the format to save the figure", "type_name": "str", "is_optional": false}}, "returns": {"description": "a dictionary with the all information extracted (at file level)", "type_name": "dictionary", "is_generator": false}}, "args": ["self", "format"], "returns": [["control_info"]], "min_max_lineno": {"min_lineno": 96, "max_lineno": 126}, "calls": ["cdmcfparser.getControlFlowFromFile", "cli.CodeInspection._formatFlow", "str", "open", "outfile.write", "inspect4py.staticfg.builder.CFGBuilder().build_from_file", "inspect4py.staticfg.builder.CFGBuilder().build_from_file.build_visual", "os.remove", "inspect4py.staticfg.builder.CFGBuilder"], "store_vars_calls": {"cfg": "getControlFlowFromFile", "cfg_txt": "self._formatFlow", "cfg_visual": "builder.CFGBuilder().build_from_file"}}, "inspect_classes_funcs": {"doc": {"long_description": "and features.", "short_description": "inspect classes and functions and detects all the functions, classes and their methods,", "args": {"self": {"description": "represent the instance of the class", "type_name": "self", "is_optional": false}}, "returns": {"description": "a dictionary with the all classes information extracted", "type_name": "dictionary", "is_generator": false}}, "args": ["self"], "returns": [["funcs_info", "classes_info"]], "min_max_lineno": {"min_lineno": 127, "max_lineno": 139}, "calls": ["cli.CodeInspection.inspect_classes", "cli.CodeInspection.inspect_functions", "cli.CodeInspection.re_fill_call_list"], "store_vars_calls": {"classes_info": "self.inspect_classes"}}, "inspect_functions": {"doc": {"long_description": "to _f_definitions method to extracts all the features at function level.", "short_description": "inspect_functions detects all the functions in a AST tree, and calls", "args": {"self": {"description": "represent the instance of the class", "type_name": "self", "is_optional": false}, "classes_info": {"description": "information about the classes in the program"}}, "returns": {"description": "a dictionary with the all functions information extracted", "type_name": "dictionary", "is_generator": false}}, "args": ["self", "classes_info"], "returns": [["functions_info", "classes_info"]], "min_max_lineno": {"min_lineno": 140, "max_lineno": 157}, "calls": ["cli.CodeInspection._f_definitions", "cli.CodeInspection._fill_call_name", "cli.CodeInspection._check_dynamic_calls", "isinstance"], "store_vars_calls": {"function_definition_info": "self._f_definitions", "functions_info": "self._fill_call_name"}}, "inspect_classes": {"doc": {"long_description": "and extracts their features. It also calls to _f_definitions method\nto extract features at method level.\nThe features extracted are name, docstring (this information is further analysed\nand classified into several categories), extends, start\nand end of the line and methods.", "short_description": "inspect_classes detects all the classes and their methods,", "args": {"self": {"description": "represent the instance of the class", "type_name": "self", "is_optional": false}}, "returns": {"description": "a dictionary with the all classes information extracted", "type_name": "dictionary", "is_generator": false}}, "args": ["self"], "returns": [["classes_info"]], "min_max_lineno": {"min_lineno": 158, "max_lineno": 219}, "calls": ["ast.get_docstring", "cli.CodeInspection._compute_interval", "cli.CodeInspection._f_definitions", "cli.CodeInspection._fill_call_name", "isinstance", "docstring_parser.parse", "isinstance", "isinstance", "hasattr", "extend.append", "extend.append", "extend.append", "extend.append"], "store_vars_calls": {"ds_c": "ast.get_docstring", "docstring": "doc_parse"}}, "re_fill_call_list": {"doc": {"short_description": "re fill call list,", "args": {"self": {"description": "represent the instance of the class", "type_name": "self", "is_optional": false}}, "returns": {"description": "a dictionary with the all classes information extracted", "type_name": "dictionary", "is_generator": false}}, "args": ["self", "classes_info", "funcs_info"], "returns": [["funcs_info", "classes_info"]], "min_max_lineno": {"min_lineno": 220, "max_lineno": 235}, "calls": ["cli.CodeInspection._check_dynamic_calls", "cli.CodeInspection._fill_call_name", "isinstance"]}, "inspect_body": {"args": ["self"], "returns": [["body_info"]], "min_max_lineno": {"min_lineno": 236, "max_lineno": 318}, "calls": ["cli.CodeInspection._fill_call_name", "isinstance", "isinstance", "body_nodes.append", "isinstance", "isinstance", "cli.CodeInspection._get_func_name", "cli.CodeInspection._get_func_name", "isinstance", "isinstance", "isinstance", "isinstance", "cli.CodeInspection.append", "cli.CodeInspection._get_arguments_calls", "cli.CodeInspection._skip_dynamic_calls", "cli.CodeInspection.append", "cli.CodeInspection._get_arguments_calls", "cli.CodeInspection._skip_dynamic_calls", "cli.CodeInspection._get_func_name", "body_store_vars.keys", "cli.CodeInspection._dynamic_calls", "body_store_vars.keys", "cli.CodeInspection._dynamic_calls", "cli.CodeInspection.split", "cli.CodeInspection.split"], "store_vars_calls": {"body_info": "self._fill_call_name", "body_name": "self._get_func_name", "body_calls": "self._get_arguments_calls", "skip": "self._skip_dynamic_calls", "target_name": "self._get_func_name"}}, "inspect_dependencies": {"doc": {"long_description": "Those features are module , name, and alias.", "short_description": "inspect_dependencies method extracts the features at dependencies level.", "args": {"self": {"description": "represent the instance of the class", "type_name": "self", "is_optional": false}}, "returns": {"description": "a dictionary with the all dependencies information extracted", "type_name": "dictionary", "is_generator": false}}, "args": ["self"], "returns": [["dep_info"]], "min_max_lineno": {"min_lineno": 319, "max_lineno": 357}, "calls": ["ast.iter_child_nodes", "isinstance", "isinstance", "list_functions_classes_from_module", "type_module", "dep_info.append", "dep_info.append", "n.name.split"], "store_vars_calls": {"type": "type_module"}}, "_ast_if_test": {"doc": {"short_description": "Function that returns True if the file is a test"}, "args": ["self"], "min_max_lineno": {"min_lineno": 358, "max_lineno": 406}, "calls": ["ast.iter_child_nodes", "cli.CodeInspection.funcsInfo.values", "cli.CodeInspection.classesInfo.values", "isinstance", "any", "cl[].values", "isinstance", "any", "imports.lower", "isinstance", "import_dep.lower"]}, "_ast_if_main": {"doc": {"long_description": "and if it calls a method (e.g. main, version) or not.", "short_description": "Method for getting if the file has a if __name__ == \"__main__\"", "args": {"self": {"description": "represent the instance of the class", "type_name": "self", "is_optional": false}}, "returns": {"description": "dictionary with a flag stored in \"main_flag\" (1 if the if __name__ == main is found, 0 otherwise)\nand then \"main_function\" with the name of the function that is called.", "type_name": "main_info", "is_generator": false}}, "args": ["self"], "returns": [["main_info"]], "min_max_lineno": {"min_lineno": 407, "max_lineno": 441}, "calls": ["isinstance", "cli.CodeInspection._get_func_name", "isinstance"]}, "file_json": {"doc": {"long_description": "extracted from a given file such as, functions, classes\nand dependencies levels into the same dictionary.\n\nIt also writes this new dictionary to a json file.", "short_description": "file_json method aggregates all the features previously", "args": {"self": {"description": "represent the instance of the class", "type_name": "self", "is_optional": false}}, "returns": {"description": "a dictionary with the all information extracted (at file level)", "type_name": "dictionary", "is_generator": false}}, "args": ["self"], "returns": [["file_dict", "json_file"]], "min_max_lineno": {"min_lineno": 442, "max_lineno": 467}, "calls": ["cli.CodeInspection._ast_if_main", "cli.CodeInspection._ast_if_test", "open", "json.dump", "prune_json"]}, "_f_definitions": {"doc": {"long_description": "returns, raises of a list of functions or a methods.\nFurthermore, it also extracts automatically several values\nfrom a docstring, such as long and short description, arguments'\nname, description, type, default values and if it they are optional\nor not.", "short_description": "_f_definitions extracts the name, args, docstring", "args": {"self": {"description": "represent the instance of the class", "type_name": "self", "is_optional": false}, "functions_definitions": {"description": "represent a list with all functions or methods nodes", "type_name": "list", "is_optional": false}}, "returns": {"description": "a dictionary with the all the information at function/method level", "type_name": "dictionary", "is_generator": false}}, "args": ["self", "functions_definitions"], "returns": [["funcs_info"]], "min_max_lineno": {"min_lineno": 468, "max_lineno": 563}, "calls": ["ast.get_docstring", "cli.CodeInspection._compute_interval", "cli.CodeInspection._f_definitions", "[].copy", "docstring_parser.parse", "enumerate", "cli.CodeInspection._get_ids", "cli.CodeInspection._get_func_name", "[].copy", "ast.walk", "isinstance", "ast.walk", "isinstance", "ast.walk", "isinstance", "isinstance", "isinstance", "ast.walk", "isinstance", "nested_definitions.remove", "[].index", "cli.CodeInspection._get_func_name", "cli.CodeInspection._get_func_name", "[].pop", "cli.CodeInspection._get_func_name"], "store_vars_calls": {"ds_f": "ast.get_docstring", "docstring": "doc_parse", "remove_index": "[].index", "target_name": "self._get_func_name", "func_name": "self._get_func_name"}}, "_skip_dynamic_calls": {"args": ["self", "funcs_info", "classes_info", "check_name", "name", "var_name"], "returns": [["skip"]], "min_max_lineno": {"min_lineno": 564, "max_lineno": 571}, "calls": ["funcs_info.keys", "funcs_info.keys", "funcs_info.keys", "classes_info.keys", "classes_info.keys"]}, "_check_dynamic_calls": {"args": ["self", "functions_defintions", "funcs_info", "classes_info", "type"], "returns": [["funcs_info", "classes_info"]], "min_max_lineno": {"min_lineno": 572, "max_lineno": 607}, "calls": ["cli.CodeInspection._get_func_name", "ast.walk", "isinstance", "cli.CodeInspection._skip_dynamic_calls", "store_vars.keys", "cli.CodeInspection._dynamic_calls", "cli.CodeInspection.split"], "store_vars_calls": {"func_name_id": "self._get_func_name", "skip": "self._skip_dynamic_calls"}}, "_dynamic_calls": {"args": ["self", "f_args", "f_name_id", "funcs_info", "classes_info", "store_vars"], "min_max_lineno": {"min_lineno": 608, "max_lineno": 797}, "calls": ["cli.CodeInspection._get_func_name", "f_name_id.split", "f_name_id.split", "store_vars.keys", "print", "f_name.split", "funcs_info.keys", "[].append", "cli.CodeInspection.split", "cli.CodeInspection.split", "store_vars.keys", "classes_info.keys", "[].remove", "module_call_name.split", "[].keys", "[].append", "print", "[].append", "[].append", "[].append", "[].remove", "[].remove", "[].remove", "[].append", "[].append", "[].remove", "[].append", "[].append", "print", "[].append", "print", "[].remove", "[].remove", "[].remove", "[].remove", "[].remove", "[].append", "print", "[].append", "print", "[].remove", "[].remove"], "store_vars_calls": {"call_name": "self._get_func_name"}}, "_get_arguments_calls": {"args": ["self", "f_args", "list_calls"], "returns": [["list_calls"]], "min_max_lineno": {"min_lineno": 798, "max_lineno": 804}, "calls": ["isinstance", "cli.CodeInspection._get_func_name", "list_calls.append"], "store_vars_calls": {"name": "self._get_func_name"}}, "_get_func_name": {"args": ["self", "func"], "returns": [["func_name"], ["func_name"], ["func_name"], ["func_name"]], "min_max_lineno": {"min_lineno": 805, "max_lineno": 851}, "calls": ["isinstance", "isinstance", "isinstance", "isinstance", "isinstance", "isinstance", "cli.CodeInspection._get_func_name", "cli.CodeInspection._get_func_name"], "store_vars_calls": {"func_name": "self._get_func_name"}}, "_dfs": {"args": ["self", "extend", "rest_call_name", "renamed", "classes_info", "renamed_calls"], "returns": [["renamed"], ["renamed"], ["renamed"]], "min_max_lineno": {"min_lineno": 852, "max_lineno": 875}, "calls": ["hasattr", "renamed_calls.append", "cli.CodeInspection._dfs", "renamed_calls.append"], "store_vars_calls": {"renamed": "self._dfs"}}, "_fill_call_name": {"doc": {"args": {"type": {"description": "1 represents body, 2 represents re_fill_call, 3 represents nested call"}}}, "args": ["self", "function_definition_info", "classes_info", "class_name", "extend", "type", "additional_info"], "returns": [["function_definition_info"]], "min_max_lineno": {"min_lineno": 876, "max_lineno": 1054}, "calls": ["cli.CodeInspection._fill_call_name", "f_store_vars.items", "call_name.split", "call_name.split", "renamed_calls.append", "module_call_name.split", "renamed_calls.append", "cli.CodeInspection._dfs", "renamed_calls.append", "renamed_calls.append", "renamed_calls.append", "renamed_calls.append", "renamed_calls.append", "renamed_calls.append", "function_definition_info.keys", "renamed_calls.append", "renamed_calls.append", "renamed_calls.append", "[].keys", "additional_info.keys", "[].keys", "rest_call_name.split", "renamed_calls.append", "renamed_calls.append", "[].keys", "cli.CodeInspection._dfs", "renamed_calls.append", "renamed_calls.append", "renamed_calls.append", "[].keys", "renamed_calls.append", "renamed_calls.append"], "store_vars_calls": {"renamed": "self._dfs"}}, "_get_ids": {"doc": {"long_description": "If not return None", "short_description": "_get_ids extracts identifiers if present.", "args": {"self": {"description": "represent the instance of the class", "type_name": "self", "is_optional": false}, "elt": {"description": "AST node", "type_name": "ast.node", "is_optional": false}}, "returns": {"description": "list of identifiers", "type_name": "list", "is_generator": false}}, "args": ["self", "elt"], "min_max_lineno": {"min_lineno": 1055, "max_lineno": 1067}, "calls": ["isinstance", "isinstance", "isinstance", "isinstance"]}, "_compute_interval": {"doc": {"long_description": "for a given class, function or method.", "short_description": "_compute_interval extract the lines (min and max)", "args": {"self": {"description": "represent the instance of the class", "type_name": "self", "is_optional": false}, "node": {"description": "AST node", "type_name": "ast.node", "is_optional": false}}, "returns": {"description": "min and max lines", "type_name": "set", "is_generator": false}}, "args": ["self", "node"], "min_max_lineno": {"min_lineno": 1068, "max_lineno": 1082}, "calls": ["ast.walk", "hasattr", "min", "max"], "store_vars_calls": {"min_lineno": "min", "max_lineno": "max"}}, "_formatFlow": {"doc": {"long_description": "as a text.", "short_description": "_formatFlow reformats the control flow output", "args": {"self": {"description": "represent the instance of the class", "type_name": "self", "is_optional": false}, "s": {"description": "control flow graph", "type_name": "cfg_graph", "is_optional": false}}, "returns": {"description": "cfg formated as a text", "type_name": "str", "is_generator": false}}, "args": ["self", "s"], "returns": [["result"]], "min_max_lineno": {"min_lineno": 1083, "max_lineno": 1142}, "calls": ["range", "len", "len", "cli.CodeInspection._formatFlow.is_next_list"], "functions": {"is_next_list": {"args": ["index", "maxIndex", "buf"], "min_max_lineno": {"min_lineno": 1096, "max_lineno": 1105}}}}}}}, "functions": {"create_output_dirs": {"doc": {"long_description": "to save the results. ControlFlow to save the\ncfg information (txt and PNG) and JsonFiles to\nsave the aggregated json file with all the information\nextracted per file.", "short_description": "create_output_dirs creates two subdirectories", "args": {"output_dir": {"description": "Output Directory in which the new subdirectories\nwill be created.", "type_name": "str", "is_optional": false}, "control_flow": {"description": "Boolean to indicate the generation of the control flow", "type_name": "bool", "is_optional": false}}}, "args": ["output_dir", "control_flow"], "returns": [["control_flow_dir", "json_dir"]], "min_max_lineno": {"min_lineno": 1144, "max_lineno": 1174}, "calls": ["os.path.exists", "print", "os.makedirs", "os.path.abspath", "os.path.exists", "print", "os.makedirs"]}, "main": {"args": ["input_path", "fig", "output_dir", "ignore_dir_pattern", "ignore_file_pattern", "requirements", "html_output", "call_list", "control_flow", "directory_tree", "software_invocation"], "min_max_lineno": {"min_lineno": 1176, "max_lineno": 1305}, "calls": ["click.command", "click.version_option", "click.option", "click.option", "click.option", "click.option", "click.option", "click.option", "click.option", "click.option", "click.option", "click.option", "click.option", "os.path.isfile", "print", "sys.exit", "cli.create_output_dirs", "cli.CodeInspection", "call_list_file", "os.walk", "call_list_dir", "prune_json", "prune_json", "print_summary", "os.path.isfile", "os.path.isdir", "prune_json", "generate_output_html", "open", "json.load", "generate_output_html", "generate_output_html", "extract_requirements", "extract_directory_tree", "open", "json.dump", "generate_output_html", "open", "json.dump", "open", "readme_file.read", "open", "json.dump", "extract_software_invocation", "rank_software_invocation", "os.path.join", "len", "open", "readme_file.read", "print", "open.endswith", "os.path.join", "cli.create_output_dirs", "cli.CodeInspection", "test_info_list.append", "rank_software_invocation.append", "os.path.join", "d.startswith", "open.startswith", "os.path.basename", "print", "dir_info[].append", "sys.exc_info"], "store_vars_calls": {"code_info": "CodeInspection", "call_list_data": "call_list_dir", "pruned_call_list_data": "prune_json", "pruned_json": "prune_json", "f": "open", "data": "json.load", "directory_tree_info": "extract_directory_tree", "readme": "readme_file.read", "all_soft_invocation_info_list": "extract_software_invocation", "soft_invocation_info_list": "rank_software_invocation", "path": "os.path.join"}}}, "main_info": {"main_flag": 1, "main_function": "cli.main", "type": "script"}, "is_test": false}