{"file": {"path": "/Users/rakshithagnanasekaran/desktop/inspect4py/inspect4py/parse_setup_files.py", "fileNameBase": "parse_setup_files", "extension": "py"}, "dependencies": [{"import": "os", "type": "external"}, {"import": "sys", "type": "external"}, {"import": "subprocess", "type": "external"}, {"import": "tempfile", "type": "external"}, {"from_module": "pathlib", "import": "Path", "type": "external"}, {"from_module": "unittest", "import": "mock", "type": "external"}, {"import": "configparser", "type": "external"}, {"import": "setuptools", "type": "external"}, {"import": "re", "type": "external"}], "functions": {"normalize": {"doc": {"long_description": "characters that are not 'a',...,'z'.", "short_description": "Normalize a word by converting it to lower-case and removing all", "args": {"word": {"description": "Word to normalize"}}, "returns": {"description": "normalized word", "is_generator": false}}, "args": ["word"], "min_max_lineno": {"min_lineno": 14, "max_lineno": 24}, "calls": ["re.sub", "word.lower"]}, "parse_setup_py": {"args": ["parent_dir"], "returns": [["setup_info"], ["setup_info"]], "min_max_lineno": {"min_lineno": 26, "max_lineno": 82}, "calls": ["open().read().split", "[].replace", "open().read", "elem.split", "cs_list.append", "setup_info[].append", "cs[].strip().replace().split", "parse_setup_files.normalize", "open", "[].split", "elem.split", "cs[].strip().replace", "setup_info[].append", "cs_list.append", "os.path.join", "cs[].strip().replace", "parse_setup_files.normalize", "cs[].strip", "setup_content[].split", "cs[].strip"], "store_vars_calls": {"setup_content": "open().read().split", "name": "[].replace", "cs": "elem.split", "cs_string": "cs[].strip().replace"}}, "inspect_setup_cfg": {"args": ["parent_dir", "name", "error"], "returns": [["setup_info"], ["setup_info"], ["setup_info"], ["setup_info"], ["setup_info"], ["setup_info"]], "min_max_lineno": {"min_lineno": 84, "max_lineno": 182}, "calls": ["os.path.join", "pathlib.Path().is_file", "configparser.ConfigParser", "parse_setup_files.normalize", "pathlib.Path", "open", "configparser.ConfigParser.read_file", "parse_setup_files.parse_setup_py", "dict", "dict", "parse_setup_files.setuptools_method", "subprocess.getoutput", "subprocess.getoutput", "data[].splitlines", "data[].splitlines.remove", "subprocess.getoutput", "cs.split.split", "cs[].rstrip", "setup_info[].append", "cs_list.append", "subprocess.getoutput.split", "subprocess.getoutput.split", "parse_setup_files.normalize", "setup_info[].append", "subprocess.getoutput.split", "subprocess.getoutput.split"], "store_vars_calls": {"setup_cfg": "os.path.join", "parser": "configparser.ConfigParser", "name_norm": "normalize", "setup_info": "parse_setup_py", "metadata": "dict", "data": "dict", "name": "subprocess.getoutput", "console_scripts": "data[].splitlines", "cs": "cs.split", "cs_string": "cs[].rstrip"}}, "inspect_setup": {"args": ["parent_dir", "elem"], "returns": [["setup_info"], ["setup_info"], ["setup_info"], ["setup_info"], ["setup_info"], ["setup_info"], ["setup_info"], ["setup_info"]], "min_max_lineno": {"min_lineno": 184, "max_lineno": 281}, "calls": ["os.path.abspath", "sys.path.insert", "os.getcwd", "os.chdir", "parse_setup_files.inspect_setup_cfg", "os.chdir", "tempfile.NamedTemporaryFile", "open", "temp_fh.write", "temp_fh.flush", "kwargs.get", "kwargs.get", "os.path.join", "pathlib.Path().is_file", "os.path.join", "setup_fh.read", "unittest.mock.patch.object", "__import__", "parse_setup_files.inspect_setup_cfg", "os.chdir", "parse_setup_files.parse_setup_py", "os.remove", "parse_setup_files.inspect_setup_cfg", "os.chdir", "os.chdir", "parse_setup_files.inspect_setup_cfg", "parse_setup_files.parse_setup_py", "os.chdir", "os.path.basename().split", "len", "len", "parse_setup_files.normalize", "pathlib.Path", "os.chdir", "parse_setup_files.parse_setup_py", "os.chdir", "cs.split.split", "cs[].rstrip", "setup_info[].append", "cs_list.append", "os.path.basename", "parse_setup_files.normalize", "setup_info[].append"], "store_vars_calls": {"abs_parent_dir": "os.path.abspath", "current_dir": "os.getcwd", "setup_info": "parse_setup_py", "name": "kwargs.get", "entry_point": "kwargs.get", "setup_cfg": "os.path.join", "setup_info_aux": "parse_setup_py", "name_norm": "normalize", "cs": "cs.split", "cs_string": "cs[].rstrip"}}, "setuptools_method": {"min_max_lineno": {"min_lineno": 283, "max_lineno": 290}, "calls": ["open().read", "open"], "store_vars_calls": {"content": "open().read"}}, "setup": {"min_max_lineno": {"min_lineno": 292, "max_lineno": 294}, "calls": ["print"]}}, "body": {"calls": ["re.compile"], "store_vars_calls": {"NON_AZ_REGEXP": "re.compile"}}, "is_test": false}