{"file": {"path": "/Users/rakshithagnanasekaran/desktop/inspect4py/setup.py", "fileNameBase": "setup", "extension": "py"}, "dependencies": [{"import": "os", "type": "external"}, {"from_module": "distutils.core", "import": "setup", "type": "external"}, {"from_module": "setuptools", "import": "find_packages", "type": "external"}], "functions": {"read": {"args": ["fname"], "min_max_lineno": {"min_lineno": 6, "max_lineno": 8}, "calls": ["open().read", "open", "os.path.join", "os.path.dirname"]}}, "body": {"calls": ["setuptools.find_packages", "distutils.core.setup"], "store_vars_calls": {"packages": "find_packages"}}, "is_test": false}