{"file": {"path": "/Users/rakshithagnanasekaran/desktop/inspect4py/inspect4py/structure_tree.py", "fileNameBase": "structure_tree", "extension": "py"}, "dependencies": [{"import": "os", "type": "external"}, {"from_module": "functools", "import": "reduce", "type": "external"}, {"from_module": "pathlib", "import": "Path", "type": "external"}], "classes": {"DisplayablePath": {"extend": ["object"], "min_max_lineno": {"min_lineno": 6, "max_lineno": 80}, "methods": {"__init__": {"args": ["self", "path", "parent_path", "is_last"], "min_max_lineno": {"min_lineno": 12, "max_lineno": 20}, "calls": ["pathlib.Path", "str"], "store_vars_calls": {"self.path": "Path"}}, "displayname": {"args": ["self"], "min_max_lineno": {"min_lineno": 55, "max_lineno": 60}, "calls": ["structure_tree.DisplayablePath.path.is_dir"]}, "make_tree": {"args": ["cls", "root", "parent", "is_last", "criteria"], "min_max_lineno": {"min_lineno": 27, "max_lineno": 50}, "calls": ["pathlib.Path", "cls", "sorted", "str", "list", "path.is_dir", "len", "str().lower", "cls.make_tree", "cls", "pathlib.Path.iterdir", "criteria", "str"], "store_vars_calls": {"root": "Path", "displayable_root": "cls", "children": "sorted"}}, "_default_criteria": {"args": ["cls", "path"], "min_max_lineno": {"min_lineno": 51, "max_lineno": 54}}, "displayable": {"args": ["self"], "min_max_lineno": {"min_lineno": 61, "max_lineno": 80}, "calls": ["parts.append", "reversed"]}}}}, "functions": {"get_directory_structure": {"doc": {"short_description": "Creates a nested dictionary that represents the folder structure of rootdir"}, "args": ["rootdir", "ignore_set"], "returns": [["dir"]], "min_max_lineno": {"min_lineno": 82, "max_lineno": 103}, "calls": ["rootdir.rstrip.rstrip", "os.walk", "rootdir.rstrip.rfind", "path[].split", "dict.fromkeys", "structure_tree.dict_clean", "functools.reduce"], "store_vars_calls": {"rootdir": "rootdir.rstrip", "folders": "path[].split", "subdir": "dict_clean", "parent": "reduce"}}, "dict_clean": {"args": ["dictionary"], "returns": [["result"]], "min_max_lineno": {"min_lineno": 105, "max_lineno": 148}, "calls": ["dictionary.items", "key.split", "key_extension.lower", "key_extension.lower", "key_extension.lower", "key_extension.lower"]}}, "is_test": false}