{"file": {"path": "/Users/rakshithagnanasekaran/desktop/inspect4py/inspect4py/utils.py", "fileNameBase": "utils", "extension": "py"}, "dependencies": [{"import": "ast", "type": "external"}, {"import": "os", "type": "external"}, {"import": "subprocess", "type": "external"}, {"from_module": "pathlib", "import": "Path", "type": "external"}, {"from_module": "inspect4py.parse_setup_files", "import": "inspect_setup", "type": "external"}, {"from_module": "inspect4py.structure_tree", "import": "DisplayablePath", "type": "external"}, {"from_module": "inspect4py.structure_tree", "import": "get_directory_structure", "type": "external"}], "functions": {"print_summary": {"doc": {"long_description": "At the moment this method is only invoked when a directory with multiple files is passed.", "short_description": "This method prints a small summary of the classes and properties recognized during the analysis."}, "args": ["json_dict"], "min_max_lineno": {"min_lineno": 12, "max_lineno": 40}, "calls": ["json_dict.items", "print", "print", "print", "print", "print", "print", "isinstance", "len", "len", "len"]}, "extract_directory_tree": {"doc": {"long_description": "The ignored directories and files that were inputted are also ignored.\n:input_path path of the repo to", "short_description": "Method to obtain the directory tree of a repository."}, "args": ["input_path", "ignore_dirs", "ignore_files", "visual"], "min_max_lineno": {"min_lineno": 42, "max_lineno": 56}, "calls": ["tuple", "inspect4py.structure_tree.get_directory_structure", "inspect4py.structure_tree.DisplayablePath.make_tree", "pathlib.Path", "print", "list", "list", "path.displayable", "os.path.join().endswith", "os.path.join"], "store_vars_calls": {"ignore_set": "tuple", "paths": "DisplayablePath.make_tree"}}, "prune_json": {"doc": {"long_description": "This method simplifies the resultant JSON.\n:param json_dict input JSON file to prune\n:return JSON file removing empty values", "short_description": "Method that given a JSON object, removes all its empty fields."}, "args": ["json_dict"], "returns": [["final_dict"], ["json_dict"]], "min_max_lineno": {"min_lineno": 58, "max_lineno": 83}, "calls": ["isinstance", "json_dict.items", "isinstance", "isinstance", "utils.prune_json", "isinstance", "list", "filter", "len", "utils.prune_json"], "store_vars_calls": {"aux_dict": "prune_json", "aux_list": "list"}}, "extract_requirements": {"args": ["input_path"], "returns": [["req_dict"]], "min_max_lineno": {"min_lineno": 85, "max_lineno": 118}, "calls": ["print", "subprocess.Popen", "subprocess.Popen.communicate", "file.close", "os.system", "cmd.encode", "open", "print", "os.path.basename", "file.readlines", "line.split", "splitLine[].split"], "store_vars_calls": {"proc": "subprocess.Popen", "splitLine": "line.split"}}, "extract_software_invocation": {"doc": {"long_description": "We distinguish four main types: script, package, library and service. Some can be more than one.\n:dir_info json containing all the extracted information about the software repository\n:dir_tree_info json containing the directory information of the target repo\n:input_path path of the repository to analyze\n:call_list json file containing the list of calls per file and functions or methods.\n:readme content of the readme file of the project (if any)", "short_description": "Method to detect the directory type of a software project. This method also detects tests"}, "args": ["dir_info", "dir_tree_info", "input_path", "call_list", "readme"], "returns": [["software_invocation_info"]], "min_max_lineno": {"min_lineno": 120, "max_lineno": 268}, "calls": ["range", "range", "range", "range", "len", "len", "len", "utils.find_file_calls", "utils.extract_relations", "import_mains.append", "len", "software_invocation_info.append", "len", "software_invocation_info.append", "len", "software_invocation_info.append", "utils.service_check", "range", "imported_by[].append", "software_invocation_info.append", "len", "software_invocation_info.append", "software_invocation_info.append", "os.path.basename", "os.path.basename", "os.path.basename", "inspect4py.parse_setup_files.inspect_setup", "main_files.index", "os.path.normpath", "os.path.normpath", "os.path.normpath", "python_files.append", "os.path.basename", "test_files_main.append", "main_files.append", "test_files_no_main.append", "main_files.index", "main_files.index", "os.path.abspath", "os.path.normpath", "utils.service_check", "body_only_files.append", "main_files.index", "main_files.append"], "store_vars_calls": {"m_calls": "find_file_calls", "m_imports": "extract_relations"}}, "generate_output_html": {"doc": {"long_description": ":pruned_json JSON to print out\n:output_file_html path where to write the HTML", "short_description": "Method to generate a simple HTML view of the obtained JSON."}, "args": ["pruned_json", "output_file_html"], "min_max_lineno": {"min_lineno": 271, "max_lineno": 281}, "calls": ["json2html.convert", "open", "ht.write"], "store_vars_calls": {"html": "json2html.convert"}}, "top_level_functions": {"args": ["body"], "min_max_lineno": {"min_lineno": 283, "max_lineno": 285}, "calls": ["isinstance"]}, "top_level_classes": {"args": ["body"], "min_max_lineno": {"min_lineno": 287, "max_lineno": 289}, "calls": ["isinstance"]}, "parse_module": {"args": ["filename"], "min_max_lineno": {"min_lineno": 291, "max_lineno": 294}, "calls": ["open", "ast.parse", "file.read"]}, "list_functions_classes_from_module": {"args": ["m", "path"], "returns": [["functions_classes", "type"]], "min_max_lineno": {"min_lineno": 296, "max_lineno": 319}, "calls": ["m.replace.replace", "pathlib.Path().parent.absolute", "os.path.abspath", "utils.parse_module", "utils.top_level_functions", "utils.top_level_classes", "functions_classes.append", "functions_classes.append", "pathlib.Path"], "store_vars_calls": {"m": "m.replace", "repo_path": "Path().parent.absolute", "abs_repo_path": "os.path.abspath", "tree": "parse_module"}}, "type_module": {"args": ["m", "i", "path"], "min_max_lineno": {"min_lineno": 321, "max_lineno": 353}, "calls": ["pathlib.Path().parent.absolute", "os.path.abspath", "pathlib.Path", "pathlib.Path.is_file", "m.replace.replace", "m.replace.replace", "pathlib.Path", "pathlib.Path.is_file", "os.path.exists", "pathlib.Path", "pathlib.Path", "pathlib.Path.is_file"], "store_vars_calls": {"repo_path": "Path().parent.absolute", "abs_repo_path": "os.path.abspath", "file_module_path": "Path", "m": "m.replace"}}, "extract_call_functions": {"args": ["funcs_info", "body"], "returns": [["call_list"]], "min_max_lineno": {"min_lineno": 355, "max_lineno": 368}, "calls": ["utils.extract_call_functions"]}, "extract_call_methods": {"args": ["classes_info"], "returns": [["call_list"]], "min_max_lineno": {"min_lineno": 370, "max_lineno": 379}, "calls": ["utils.extract_call_methods"]}, "call_list_file": {"args": ["code_info"], "returns": [["call_list"]], "min_max_lineno": {"min_lineno": 381, "max_lineno": 388}, "calls": ["utils.extract_call_functions", "utils.extract_call_functions", "utils.extract_call_methods"]}, "call_list_dir": {"args": ["dir_info"], "returns": [["call_list"]], "min_max_lineno": {"min_lineno": 390, "max_lineno": 400}, "calls": ["utils.extract_call_functions", "utils.extract_call_methods"]}, "find_file_calls": {"args": ["file_name", "call_list"], "min_max_lineno": {"min_lineno": 402, "max_lineno": 407}}, "find_module_calls": {"args": ["module", "call_list"], "min_max_lineno": {"min_lineno": 409, "max_lineno": 415}}, "file_in_call": {"args": ["base", "call", "file", "m_imports", "call_list", "orig_base", "level"], "min_max_lineno": {"min_lineno": 419, "max_lineno": 451}, "calls": ["m_imports.append", "m_imports.count", "utils.find_module_calls", "call.split", "utils.extract_data"], "store_vars_calls": {"m_calls_extern": "find_module_calls", "flag_found": "extract_data"}}, "extract_local_function": {"args": ["base", "m_calls_local", "file", "m_imports", "flag_found", "call_list", "orig_base", "level"], "returns": [["flag_found"], ["flag_found"]], "min_max_lineno": {"min_lineno": 453, "max_lineno": 459}, "calls": ["utils.file_in_call"], "store_vars_calls": {"flag_found": "file_in_call"}}, "extract_nested_function": {"args": ["base", "m_calls_nested", "file", "m_imports", "flag_found", "call_list", "orig_base", "level"], "returns": [["flag_found"], ["flag_found"]], "min_max_lineno": {"min_lineno": 461, "max_lineno": 467}, "calls": ["utils.extract_data"], "store_vars_calls": {"flag_found": "extract_data"}}, "extract_data": {"args": ["base", "m_calls", "file", "m_imports", "flag_found", "call_list", "orig_base", "level"], "returns": [["flag_found"], ["flag_found"]], "min_max_lineno": {"min_lineno": 469, "max_lineno": 482}, "calls": ["utils.extract_local_function", "utils.extract_nested_function", "utils.extract_data"], "store_vars_calls": {"flag_found": "extract_data"}}, "extract_relations": {"args": ["file_name", "m_calls", "main_files", "call_list"], "returns": [["m_imports"]], "min_max_lineno": {"min_lineno": 486, "max_lineno": 505}, "calls": ["os.path.basename", "os.path.splitext", "os.path.basename", "os.path.splitext", "utils.extract_data"], "store_vars_calls": {"orig_base": "os.path.basename", "base": "os.path.basename", "flag_found": "extract_data"}}, "service_check": {"args": ["elem", "software_invocation_info", "server_dependencies", "has_structure", "readme"], "returns": [["flag_service", "software_invocation_info"], ["flag_service", "software_invocation_info"], ["flag_service", "software_invocation_info"]], "min_max_lineno": {"min_lineno": 507, "max_lineno": 522}, "calls": ["utils.service_in_set", "utils.service_in_set"]}, "service_in_set": {"args": ["data", "server_dependencies", "elem", "software_invocation_info", "has_structure", "readme"], "returns": [["flag_service", "software_invocation_info"]], "min_max_lineno": {"min_lineno": 524, "max_lineno": 547}, "calls": ["isinstance", "data_dep.lower", "data.lower", "software_invocation_info.append", "software_invocation_info.append"]}, "rank_software_invocation": {"doc": {"long_description": "If two elements have the same position in the ranking, it means that there is no priority among them.\nHeuristic to order the invocation list is as follows, in decreasing order of prioritization:\n    - If package or library is detected, this will be always first.\n    - If something (script or service) is mentioned in the readme file, it is considered a priority.\n    - Services are prioritized over scripts\n    - Scripts with main are prioritized over script with body.\n    - Scripts with body are prioritized over scripts with no body.\n    TO DOs:\n    - If a script imports other scripts (or service), it gets prioritized (TO DO when examples are available)\n    - If several scripts are available, those at root level are prioritized (TO DO when examples are available)\n:param soft_invocation_info_list JSON list with the different ways to execute a program.", "short_description": "Function to create a ranking over the different ways of executing a program."}, "args": ["soft_invocation_info_list"], "returns": [["soft_invocation_info_list"], ["soft_invocation_info_list"]], "min_max_lineno": {"min_lineno": 549, "max_lineno": 600}, "calls": ["soft_invocation_info_list.sort", "len"]}}, "is_test": false}