{"file": {"path": "/Users/rakshithagnanasekaran/desktop/Python/digital_image_processing/change_brightness.py", "fileNameBase": "change_brightness", "extension": "py"}, "dependencies": [{"from_module": "PIL", "import": "Image", "type": "external"}], "functions": {"change_brightness": {"doc": {"short_description": "Change the brightness of a PIL Image to a given level."}, "args": ["img", "level"], "min_max_lineno": {"min_lineno": 4, "max_lineno": 19}, "calls": ["img.point", "ValueError"], "functions": {"brightness": {"doc": {"long_description": "every bit.", "short_description": "Fundamental Transformation/Operation that'll be performed on"}, "args": ["c"], "min_max_lineno": {"min_lineno": 9, "max_lineno": 15}}}}}, "main_info": {"main_flag": 1, "type": "script"}, "is_test": false}