{"file": {"path": "/Users/rakshithagnanasekaran/desktop/Python/digital_image_processing/change_contrast.py", "fileNameBase": "change_contrast", "extension": "py", "doc": {"long_description": "This algorithm is used in\nhttps://noivce.pythonanywhere.com/ Python web app.\n\npython/black: True\nflake8 : True", "short_description": "Changing contrast with PIL", "full": "Changing contrast with PIL\n\nThis algorithm is used in\nhttps://noivce.pythonanywhere.com/ Python web app.\n\npython/black: True\nflake8 : True"}}, "dependencies": [{"from_module": "PIL", "import": "Image", "type": "external"}], "functions": {"change_contrast": {"doc": {"short_description": "Function to change contrast"}, "args": ["img", "level"], "min_max_lineno": {"min_lineno": 14, "max_lineno": 28}, "calls": ["img.point", "int"], "functions": {"contrast": {"doc": {"long_description": "every bit.", "short_description": "Fundamental Transformation/Operation that'll be performed on"}, "args": ["c"], "min_max_lineno": {"min_lineno": 20, "max_lineno": 26}, "calls": ["int"]}}}}, "main_info": {"main_flag": 1, "type": "script"}, "is_test": false}