{"file": {"path": "/Users/rakshithagnanasekaran/desktop/Python/digital_image_processing/convert_to_negative.py", "fileNameBase": "convert_to_negative", "extension": "py", "doc": {"short_description": "Implemented an algorithm using opencv to convert a colored image into its negative", "full": "Implemented an algorithm using opencv to convert a colored image into its negative"}}, "dependencies": [{"from_module": "cv2", "import": "destroyAllWindows", "type": "external"}, {"from_module": "cv2", "import": "imread", "type": "external"}, {"from_module": "cv2", "import": "imshow", "type": "external"}, {"from_module": "cv2", "import": "waitKey", "type": "external"}], "functions": {"convert_to_negative": {"args": ["img"], "returns": [["img"]], "min_max_lineno": {"min_lineno": 7, "max_lineno": 17}, "calls": ["range", "range"]}}, "main_info": {"main_flag": 1, "main_function": "convert_to_negative.imread", "type": "script"}, "is_test": false}