{"file": {"path": "/Users/rakshithagnanasekaran/desktop/Python/digital_image_processing/index_calculation.py", "fileNameBase": "index_calculation", "extension": "py"}, "dependencies": [{"import": "numpy", "alias": "np", "type": "external"}], "classes": {"IndexCalculation": {"doc": {"long_description": "This algorithm consists in calculating vegetation indices, these\n    indices can be used for precision agriculture for example (or remote\n    sensing). There are functions to define the data and to calculate the\n    implemented indices.\n\n# Vegetation index\n    https://en.wikipedia.org/wiki/Vegetation_Index\n    A Vegetation Index (VI) is a spectral transformation of two or more bands\n    designed to enhance the contribution of vegetation properties and allow\n    reliable spatial and temporal inter-comparisons of terrestrial\n    photosynthetic activity and canopy structural variations\n\n# Information about channels (Wavelength range for each)\n    * nir - near-infrared\n        https://www.malvernpanalytical.com/br/products/technology/near-infrared-spectroscopy\n        Wavelength Range 700 nm to 2500 nm\n    * Red Edge\n        https://en.wikipedia.org/wiki/Red_edge\n        Wavelength Range 680 nm to 730 nm\n    * red\n        https://en.wikipedia.org/wiki/Color\n        Wavelength Range 635 nm to 700 nm\n    * blue\n        https://en.wikipedia.org/wiki/Color\n        Wavelength Range 450 nm to 490 nm\n    * green\n        https://en.wikipedia.org/wiki/Color\n        Wavelength Range 520 nm to 560 nm\n\n\n# Implemented index list\n        #\"abbreviationOfIndexName\" -- list of channels used\n\n        #\"ARVI2\"            --  red, nir\n        #\"CCCI\"             --  red, redEdge, nir\n        #\"CVI\"              --  red, green, nir\n        #\"GLI\"              --  red, green, blue\n        #\"NDVI\"             --  red, nir\n        #\"BNDVI\"            --  blue, nir\n        #\"redEdgeNDVI\"      --  red, redEdge\n        #\"GNDVI\"            --  green, nir\n        #\"GBNDVI\"           --  green, blue, nir\n        #\"GRNDVI\"           --  red, green, nir\n        #\"RBNDVI\"           --  red, blue, nir\n        #\"PNDVI\"            --  red, green, blue, nir\n        #\"ATSAVI\"           --  red, nir\n        #\"BWDRVI\"           --  blue, nir\n        #\"CIgreen\"          --  green, nir\n        #\"CIrededge\"        --  redEdge, nir\n        #\"CI\"               --  red, blue\n        #\"CTVI\"             --  red, nir\n        #\"GDVI\"             --  green, nir\n        #\"EVI\"              --  red, blue, nir\n        #\"GEMI\"             --  red, nir\n        #\"GOSAVI\"           --  green, nir\n        #\"GSAVI\"            --  green, nir\n        #\"Hue\"              --  red, green, blue\n        #\"IVI\"              --  red, nir\n        #\"IPVI\"             --  red, nir\n        #\"I\"                --  red, green, blue\n        #\"RVI\"              --  red, nir\n        #\"MRVI\"             --  red, nir\n        #\"MSAVI\"            --  red, nir\n        #\"NormG\"            --  red, green, nir\n        #\"NormNIR\"          --  red, green, nir\n        #\"NormR\"            --  red, green, nir\n        #\"NGRDI\"            --  red, green\n        #\"RI\"               --  red, green\n        #\"S\"                --  red, green, blue\n        #\"IF\"               --  red, green, blue\n        #\"DVI\"              --  red, nir\n        #\"TVI\"              --  red, nir\n        #\"NDRE\"               --  redEdge, nir\n\n#list of all index implemented\n    #allIndex = [\"ARVI2\", \"CCCI\", \"CVI\", \"GLI\", \"NDVI\", \"BNDVI\", \"redEdgeNDVI\",\n                \"GNDVI\", \"GBNDVI\", \"GRNDVI\", \"RBNDVI\", \"PNDVI\", \"ATSAVI\",\n                \"BWDRVI\", \"CIgreen\", \"CIrededge\", \"CI\", \"CTVI\", \"GDVI\", \"EVI\",\n                \"GEMI\", \"GOSAVI\", \"GSAVI\", \"Hue\", \"IVI\", \"IPVI\", \"I\", \"RVI\",\n                \"MRVI\", \"MSAVI\", \"NormG\", \"NormNIR\", \"NormR\", \"NGRDI\", \"RI\",\n                \"S\", \"IF\", \"DVI\", \"TVI\", \"NDRE\"]\n\n#list of index with not blue channel\n    #notBlueIndex = [\"ARVI2\", \"CCCI\", \"CVI\", \"NDVI\", \"redEdgeNDVI\", \"GNDVI\",\n                     \"GRNDVI\", \"ATSAVI\", \"CIgreen\", \"CIrededge\", \"CTVI\", \"GDVI\",\n                     \"GEMI\", \"GOSAVI\", \"GSAVI\", \"IVI\", \"IPVI\", \"RVI\", \"MRVI\",\n                     \"MSAVI\", \"NormG\", \"NormNIR\", \"NormR\", \"NGRDI\", \"RI\", \"DVI\",\n                     \"TVI\", \"NDRE\"]\n\n#list of index just with RGB channels\n    #RGBIndex = [\"GLI\", \"CI\", \"Hue\", \"I\", \"NGRDI\", \"RI\", \"S\", \"IF\"]", "short_description": "# Class Summary", "full": "# Class Summary\n        This algorithm consists in calculating vegetation indices, these\n    indices can be used for precision agriculture for example (or remote\n    sensing). There are functions to define the data and to calculate the\n    implemented indices.\n\n# Vegetation index\n    https://en.wikipedia.org/wiki/Vegetation_Index\n    A Vegetation Index (VI) is a spectral transformation of two or more bands\n    designed to enhance the contribution of vegetation properties and allow\n    reliable spatial and temporal inter-comparisons of terrestrial\n    photosynthetic activity and canopy structural variations\n\n# Information about channels (Wavelength range for each)\n    * nir - near-infrared\n        https://www.malvernpanalytical.com/br/products/technology/near-infrared-spectroscopy\n        Wavelength Range 700 nm to 2500 nm\n    * Red Edge\n        https://en.wikipedia.org/wiki/Red_edge\n        Wavelength Range 680 nm to 730 nm\n    * red\n        https://en.wikipedia.org/wiki/Color\n        Wavelength Range 635 nm to 700 nm\n    * blue\n        https://en.wikipedia.org/wiki/Color\n        Wavelength Range 450 nm to 490 nm\n    * green\n        https://en.wikipedia.org/wiki/Color\n        Wavelength Range 520 nm to 560 nm\n\n\n# Implemented index list\n        #\"abbreviationOfIndexName\" -- list of channels used\n\n        #\"ARVI2\"            --  red, nir\n        #\"CCCI\"             --  red, redEdge, nir\n        #\"CVI\"              --  red, green, nir\n        #\"GLI\"              --  red, green, blue\n        #\"NDVI\"             --  red, nir\n        #\"BNDVI\"            --  blue, nir\n        #\"redEdgeNDVI\"      --  red, redEdge\n        #\"GNDVI\"            --  green, nir\n        #\"GBNDVI\"           --  green, blue, nir\n        #\"GRNDVI\"           --  red, green, nir\n        #\"RBNDVI\"           --  red, blue, nir\n        #\"PNDVI\"            --  red, green, blue, nir\n        #\"ATSAVI\"           --  red, nir\n        #\"BWDRVI\"           --  blue, nir\n        #\"CIgreen\"          --  green, nir\n        #\"CIrededge\"        --  redEdge, nir\n        #\"CI\"               --  red, blue\n        #\"CTVI\"             --  red, nir\n        #\"GDVI\"             --  green, nir\n        #\"EVI\"              --  red, blue, nir\n        #\"GEMI\"             --  red, nir\n        #\"GOSAVI\"           --  green, nir\n        #\"GSAVI\"            --  green, nir\n        #\"Hue\"              --  red, green, blue\n        #\"IVI\"              --  red, nir\n        #\"IPVI\"             --  red, nir\n        #\"I\"                --  red, green, blue\n        #\"RVI\"              --  red, nir\n        #\"MRVI\"             --  red, nir\n        #\"MSAVI\"            --  red, nir\n        #\"NormG\"            --  red, green, nir\n        #\"NormNIR\"          --  red, green, nir\n        #\"NormR\"            --  red, green, nir\n        #\"NGRDI\"            --  red, green\n        #\"RI\"               --  red, green\n        #\"S\"                --  red, green, blue\n        #\"IF\"               --  red, green, blue\n        #\"DVI\"              --  red, nir\n        #\"TVI\"              --  red, nir\n        #\"NDRE\"               --  redEdge, nir\n\n#list of all index implemented\n    #allIndex = [\"ARVI2\", \"CCCI\", \"CVI\", \"GLI\", \"NDVI\", \"BNDVI\", \"redEdgeNDVI\",\n                \"GNDVI\", \"GBNDVI\", \"GRNDVI\", \"RBNDVI\", \"PNDVI\", \"ATSAVI\",\n                \"BWDRVI\", \"CIgreen\", \"CIrededge\", \"CI\", \"CTVI\", \"GDVI\", \"EVI\",\n                \"GEMI\", \"GOSAVI\", \"GSAVI\", \"Hue\", \"IVI\", \"IPVI\", \"I\", \"RVI\",\n                \"MRVI\", \"MSAVI\", \"NormG\", \"NormNIR\", \"NormR\", \"NGRDI\", \"RI\",\n                \"S\", \"IF\", \"DVI\", \"TVI\", \"NDRE\"]\n\n#list of index with not blue channel\n    #notBlueIndex = [\"ARVI2\", \"CCCI\", \"CVI\", \"NDVI\", \"redEdgeNDVI\", \"GNDVI\",\n                     \"GRNDVI\", \"ATSAVI\", \"CIgreen\", \"CIrededge\", \"CTVI\", \"GDVI\",\n                     \"GEMI\", \"GOSAVI\", \"GSAVI\", \"IVI\", \"IPVI\", \"RVI\", \"MRVI\",\n                     \"MSAVI\", \"NormG\", \"NormNIR\", \"NormR\", \"NGRDI\", \"RI\", \"DVI\",\n                     \"TVI\", \"NDRE\"]\n\n#list of index just with RGB channels\n    #RGBIndex = [\"GLI\", \"CI\", \"Hue\", \"I\", \"NGRDI\", \"RI\", \"S\", \"IF\"]"}, "min_max_lineno": {"min_lineno": 11, "max_lineno": 531}, "methods": {"__init__": {"args": ["self", "red", "green", "blue", "redEdge", "nir"], "min_max_lineno": {"min_lineno": 107, "max_lineno": 110}, "calls": ["index_calculation.IndexCalculation.setMatrices"]}, "setMatrices": {"args": ["self", "red", "green", "blue", "redEdge", "nir"], "min_max_lineno": {"min_lineno": 111, "max_lineno": 123}}, "calculation": {"doc": {"short_description": "performs the calculation of the index with the values instantiated in the class"}, "args": ["self", "index", "red", "green", "blue", "redEdge", "nir"], "min_max_lineno": {"min_lineno": 124, "max_lineno": 180}, "calls": ["index_calculation.IndexCalculation.setMatrices", "print"]}, "ARVI2": {"doc": {"long_description": "https://www.indexdatabase.de/db/i-single.php?id=396", "short_description": "Atmospherically Resistant Vegetation Index 2", "returns": {"description": "index\n\u22120.18+1.17*(self.nir\u2212self.red)/(self.nir+self.red)", "is_generator": false}}, "args": ["self"], "min_max_lineno": {"min_lineno": 181, "max_lineno": 189}}, "CCCI": {"doc": {"long_description": "https://www.indexdatabase.de/db/i-single.php?id=224", "short_description": "Canopy Chlorophyll Content Index", "returns": {"description": "index", "is_generator": false}}, "args": ["self"], "min_max_lineno": {"min_lineno": 190, "max_lineno": 198}}, "CVI": {"doc": {"long_description": "https://www.indexdatabase.de/db/i-single.php?id=391", "short_description": "Chlorophyll vegetation index", "returns": {"description": "index", "is_generator": false}}, "args": ["self"], "min_max_lineno": {"min_lineno": 200, "max_lineno": 207}}, "GLI": {"doc": {"long_description": "https://www.indexdatabase.de/db/i-single.php?id=375", "short_description": "self.green leaf index", "returns": {"description": "index", "is_generator": false}}, "args": ["self"], "min_max_lineno": {"min_lineno": 208, "max_lineno": 216}}, "NDVI": {"doc": {"long_description": "Index, Calibrated NDVI - CDVI\nhttps://www.indexdatabase.de/db/i-single.php?id=58", "short_description": "Normalized Difference self.nir/self.red Normalized Difference Vegetation", "returns": {"description": "index", "is_generator": false}}, "args": ["self"], "min_max_lineno": {"min_lineno": 218, "max_lineno": 226}}, "BNDVI": {"doc": {"long_description": "vegetation index\nhttps://www.indexdatabase.de/db/i-single.php?id=135", "short_description": "Normalized Difference self.nir/self.blue self.blue-normalized difference", "returns": {"description": "index", "is_generator": false}}, "args": ["self"], "min_max_lineno": {"min_lineno": 227, "max_lineno": 235}}, "redEdgeNDVI": {"doc": {"long_description": "https://www.indexdatabase.de/db/i-single.php?id=235", "short_description": "Normalized Difference self.rededge/self.red", "returns": {"description": "index", "is_generator": false}}, "args": ["self"], "min_max_lineno": {"min_lineno": 236, "max_lineno": 243}}, "GNDVI": {"doc": {"long_description": "https://www.indexdatabase.de/db/i-single.php?id=401", "short_description": "Normalized Difference self.nir/self.green self.green NDVI", "returns": {"description": "index", "is_generator": false}}, "args": ["self"], "min_max_lineno": {"min_lineno": 244, "max_lineno": 251}}, "GBNDVI": {"doc": {"long_description": "https://www.indexdatabase.de/db/i-single.php?id=186", "short_description": "self.green-self.blue NDVI", "returns": {"description": "index", "is_generator": false}}, "args": ["self"], "min_max_lineno": {"min_lineno": 252, "max_lineno": 260}}, "GRNDVI": {"doc": {"long_description": "https://www.indexdatabase.de/db/i-single.php?id=185", "short_description": "self.green-self.red NDVI", "returns": {"description": "index", "is_generator": false}}, "args": ["self"], "min_max_lineno": {"min_lineno": 262, "max_lineno": 270}}, "RBNDVI": {"doc": {"long_description": "https://www.indexdatabase.de/db/i-single.php?id=187", "short_description": "self.red-self.blue NDVI", "returns": {"description": "index", "is_generator": false}}, "args": ["self"], "min_max_lineno": {"min_lineno": 272, "max_lineno": 279}}, "PNDVI": {"doc": {"long_description": "https://www.indexdatabase.de/db/i-single.php?id=188", "short_description": "Pan NDVI", "returns": {"description": "index", "is_generator": false}}, "args": ["self"], "min_max_lineno": {"min_lineno": 280, "max_lineno": 288}}, "ATSAVI": {"doc": {"long_description": "https://www.indexdatabase.de/db/i-single.php?id=209", "short_description": "Adjusted transformed soil-adjusted VI", "returns": {"description": "index", "is_generator": false}}, "args": ["self", "X", "a", "b"], "min_max_lineno": {"min_lineno": 290, "max_lineno": 299}}, "BWDRVI": {"doc": {"long_description": "https://www.indexdatabase.de/db/i-single.php?id=136", "short_description": "self.blue-wide dynamic range vegetation index", "returns": {"description": "index", "is_generator": false}}, "args": ["self"], "min_max_lineno": {"min_lineno": 301, "max_lineno": 308}}, "CIgreen": {"doc": {"long_description": "https://www.indexdatabase.de/db/i-single.php?id=128", "short_description": "Chlorophyll Index self.green", "returns": {"description": "index", "is_generator": false}}, "args": ["self"], "min_max_lineno": {"min_lineno": 309, "max_lineno": 316}}, "CIrededge": {"doc": {"long_description": "https://www.indexdatabase.de/db/i-single.php?id=131", "short_description": "Chlorophyll Index self.redEdge", "returns": {"description": "index", "is_generator": false}}, "args": ["self"], "min_max_lineno": {"min_lineno": 317, "max_lineno": 324}}, "CI": {"doc": {"long_description": "https://www.indexdatabase.de/db/i-single.php?id=11", "short_description": "Coloration Index", "returns": {"description": "index", "is_generator": false}}, "args": ["self"], "min_max_lineno": {"min_lineno": 325, "max_lineno": 332}}, "CTVI": {"doc": {"long_description": "https://www.indexdatabase.de/db/i-single.php?id=244", "short_description": "Corrected Transformed Vegetation Index", "returns": {"description": "index", "is_generator": false}}, "args": ["self"], "min_max_lineno": {"min_lineno": 333, "max_lineno": 341}, "calls": ["index_calculation.IndexCalculation.NDVI", "abs", "abs"], "store_vars_calls": {"ndvi": "self.NDVI"}}, "GDVI": {"doc": {"long_description": "https://www.indexdatabase.de/db/i-single.php?id=27", "short_description": "Difference self.nir/self.green self.green Difference Vegetation Index", "returns": {"description": "index", "is_generator": false}}, "args": ["self"], "min_max_lineno": {"min_lineno": 342, "max_lineno": 349}}, "EVI": {"doc": {"long_description": "https://www.indexdatabase.de/db/i-single.php?id=16", "short_description": "Enhanced Vegetation Index", "returns": {"description": "index", "is_generator": false}}, "args": ["self"], "min_max_lineno": {"min_lineno": 350, "max_lineno": 358}}, "GEMI": {"doc": {"long_description": "https://www.indexdatabase.de/db/i-single.php?id=25", "short_description": "Global Environment Monitoring Index", "returns": {"description": "index", "is_generator": false}}, "args": ["self"], "min_max_lineno": {"min_lineno": 360, "max_lineno": 370}}, "GOSAVI": {"doc": {"long_description": "https://www.indexdatabase.de/db/i-single.php?id=29\nmit Y = 0,16", "short_description": "self.green Optimized Soil Adjusted Vegetation Index", "returns": {"description": "index", "is_generator": false}}, "args": ["self", "Y"], "min_max_lineno": {"min_lineno": 371, "max_lineno": 379}}, "GSAVI": {"doc": {"long_description": "https://www.indexdatabase.de/db/i-single.php?id=31\nmit L = 0,5", "short_description": "self.green Soil Adjusted Vegetation Index", "returns": {"description": "index", "is_generator": false}}, "args": ["self", "L"], "min_max_lineno": {"min_lineno": 380, "max_lineno": 388}}, "Hue": {"doc": {"long_description": "https://www.indexdatabase.de/db/i-single.php?id=34", "short_description": "Hue", "returns": {"description": "index", "is_generator": false}}, "args": ["self"], "min_max_lineno": {"min_lineno": 389, "max_lineno": 397}, "calls": ["numpy.arctan"]}, "IVI": {"doc": {"long_description": "https://www.indexdatabase.de/db/i-single.php?id=276\nb=intercept of vegetation line\na=soil line slope", "short_description": "Ideal vegetation index", "returns": {"description": "index", "is_generator": false}}, "args": ["self", "a", "b"], "min_max_lineno": {"min_lineno": 399, "max_lineno": 408}}, "IPVI": {"doc": {"long_description": "https://www.indexdatabase.de/db/i-single.php?id=35", "short_description": "Infraself.red percentage vegetation index", "returns": {"description": "index", "is_generator": false}}, "args": ["self"], "min_max_lineno": {"min_lineno": 409, "max_lineno": 416}, "calls": ["index_calculation.IndexCalculation.NDVI"]}, "I": {"doc": {"long_description": "https://www.indexdatabase.de/db/i-single.php?id=36", "short_description": "Intensity", "returns": {"description": "index", "is_generator": false}}, "args": ["self"], "min_max_lineno": {"min_lineno": 417, "max_lineno": 424}}, "RVI": {"doc": {"long_description": "http://www.seos-project.eu/modules/remotesensing/remotesensing-c03-s01-p01.html", "short_description": "Ratio-Vegetation-Index", "returns": {"description": "index", "is_generator": false}}, "args": ["self"], "min_max_lineno": {"min_lineno": 425, "max_lineno": 432}}, "MRVI": {"doc": {"long_description": "https://www.indexdatabase.de/db/i-single.php?id=275", "short_description": "Modified Normalized Difference Vegetation Index RVI", "returns": {"description": "index", "is_generator": false}}, "args": ["self"], "min_max_lineno": {"min_lineno": 433, "max_lineno": 440}, "calls": ["index_calculation.IndexCalculation.RVI", "index_calculation.IndexCalculation.RVI"]}, "MSAVI": {"doc": {"long_description": "https://www.indexdatabase.de/db/i-single.php?id=44", "short_description": "Modified Soil Adjusted Vegetation Index", "returns": {"description": "index", "is_generator": false}}, "args": ["self"], "min_max_lineno": {"min_lineno": 441, "max_lineno": 451}}, "NormG": {"doc": {"long_description": "https://www.indexdatabase.de/db/i-single.php?id=50", "short_description": "Norm G", "returns": {"description": "index", "is_generator": false}}, "args": ["self"], "min_max_lineno": {"min_lineno": 452, "max_lineno": 459}}, "NormNIR": {"doc": {"long_description": "https://www.indexdatabase.de/db/i-single.php?id=51", "short_description": "Norm self.nir", "returns": {"description": "index", "is_generator": false}}, "args": ["self"], "min_max_lineno": {"min_lineno": 460, "max_lineno": 467}}, "NormR": {"doc": {"long_description": "https://www.indexdatabase.de/db/i-single.php?id=52", "short_description": "Norm R", "returns": {"description": "index", "is_generator": false}}, "args": ["self"], "min_max_lineno": {"min_lineno": 468, "max_lineno": 475}}, "NGRDI": {"doc": {"long_description": "difference index, Visible Atmospherically Resistant Indices self.green\n(VIself.green)\nhttps://www.indexdatabase.de/db/i-single.php?id=390", "short_description": "Normalized Difference self.green/self.red Normalized self.green self.red", "returns": {"description": "index", "is_generator": false}}, "args": ["self"], "min_max_lineno": {"min_lineno": 476, "max_lineno": 485}}, "RI": {"doc": {"long_description": "https://www.indexdatabase.de/db/i-single.php?id=74", "short_description": "Normalized Difference self.red/self.green self.redness Index", "returns": {"description": "index", "is_generator": false}}, "args": ["self"], "min_max_lineno": {"min_lineno": 486, "max_lineno": 493}}, "S": {"doc": {"long_description": "https://www.indexdatabase.de/db/i-single.php?id=77", "short_description": "Saturation", "returns": {"description": "index", "is_generator": false}}, "args": ["self"], "min_max_lineno": {"min_lineno": 494, "max_lineno": 503}, "calls": ["numpy.max", "numpy.min", "numpy.max", "numpy.max", "numpy.max", "numpy.min", "numpy.min", "numpy.min"], "store_vars_calls": {"max": "np.max", "min": "np.min"}}, "IF": {"doc": {"long_description": "https://www.indexdatabase.de/db/i-single.php?id=79", "short_description": "Shape Index", "returns": {"description": "index", "is_generator": false}}, "args": ["self"], "min_max_lineno": {"min_lineno": 504, "max_lineno": 511}}, "DVI": {"doc": {"long_description": "Number (VIN)\nhttps://www.indexdatabase.de/db/i-single.php?id=12", "short_description": "Simple Ratio self.nir/self.red Difference Vegetation Index, Vegetation Index", "returns": {"description": "index", "is_generator": false}}, "args": ["self"], "min_max_lineno": {"min_lineno": 512, "max_lineno": 520}}, "TVI": {"doc": {"long_description": "https://www.indexdatabase.de/db/i-single.php?id=98", "short_description": "Transformed Vegetation Index", "returns": {"description": "index", "is_generator": false}}, "args": ["self"], "min_max_lineno": {"min_lineno": 521, "max_lineno": 528}, "calls": ["index_calculation.IndexCalculation.NDVI"]}, "NDRE": {"args": ["self"], "min_max_lineno": {"min_lineno": 529, "max_lineno": 531}}}}}, "is_test": false}