{"file": {"path": "/Users/rakshithagnanasekaran/desktop/Python/digital_image_processing/sepia.py", "fileNameBase": "sepia", "extension": "py", "doc": {"short_description": "Implemented an algorithm using opencv to tone an image with sepia technique", "full": "Implemented an algorithm using opencv to tone an image with sepia technique"}}, "dependencies": [{"from_module": "cv2", "import": "destroyAllWindows", "type": "external"}, {"from_module": "cv2", "import": "imread", "type": "external"}, {"from_module": "cv2", "import": "imshow", "type": "external"}, {"from_module": "cv2", "import": "waitKey", "type": "external"}], "functions": {"make_sepia": {"doc": {"long_description": "Source: https://en.wikipedia.org/wiki/Sepia_(color)", "short_description": "Function create sepia tone."}, "args": ["img", "factor"], "returns": [["img"]], "min_max_lineno": {"min_lineno": 7, "max_lineno": 35}, "calls": ["range", "min", "range", "int", "sepia.make_sepia.to_grayscale"], "store_vars_calls": {"greyscale": "int"}, "functions": {"to_grayscale": {"doc": {"long_description": "Src: https://pl.wikipedia.org/wiki/YUV", "short_description": "Helper function to create pixel's greyscale representation"}, "args": ["blue", "green", "red"], "min_max_lineno": {"min_lineno": 14, "max_lineno": 20}}, "normalize": {"doc": {"short_description": "Helper function to normalize R/G/B value -> return 255 if value > 255"}, "args": ["value"], "min_max_lineno": {"min_lineno": 21, "max_lineno": 24}, "calls": ["min"]}}}}, "main_info": {"main_flag": 1, "type": "script"}, "is_test": false}