{"file": {"path": "/Users/rakshithagnanasekaran/desktop/Python/audio_filters/butterworth_filter.py", "fileNameBase": "butterworth_filter", "extension": "py"}, "dependencies": [{"from_module": "math", "import": "cos", "type": "external"}, {"from_module": "math", "import": "sin", "type": "external"}, {"from_module": "math", "import": "sqrt", "type": "external"}, {"from_module": "math", "import": "tau", "type": "external"}, {"from_module": "audio_filters.iir_filter", "import": "IIRFilter", "type": "external"}], "functions": {"make_lowpass": {"doc": {"long_description": ">>> filter = make_lowpass(1000, 48000)\n>>> filter.a_coeffs + filter.b_coeffs  # doctest: +NORMALIZE_WHITESPACE\n[1.0922959556412573, -1.9828897227476208, 0.9077040443587427, 0.004277569313094809,\n 0.008555138626189618, 0.004277569313094809]", "short_description": "Creates a low-pass filter"}, "args": ["frequency", "samplerate", "q_factor"], "returns": [["filt"]], "min_max_lineno": {"min_lineno": 13, "max_lineno": 39}, "calls": ["math.sin", "math.cos", "audio_filters.iir_filter.IIRFilter", "audio_filters.iir_filter.IIRFilter.set_coefficients", "math.sqrt"], "store_vars_calls": {"_sin": "sin", "_cos": "cos", "filt": "IIRFilter"}}, "make_highpass": {"doc": {"long_description": ">>> filter = make_highpass(1000, 48000)\n>>> filter.a_coeffs + filter.b_coeffs  # doctest: +NORMALIZE_WHITESPACE\n[1.0922959556412573, -1.9828897227476208, 0.9077040443587427, 0.9957224306869052,\n -1.9914448613738105, 0.9957224306869052]", "short_description": "Creates a high-pass filter"}, "args": ["frequency", "samplerate", "q_factor"], "returns": [["filt"]], "min_max_lineno": {"min_lineno": 41, "max_lineno": 67}, "calls": ["math.sin", "math.cos", "audio_filters.iir_filter.IIRFilter", "audio_filters.iir_filter.IIRFilter.set_coefficients", "math.sqrt"], "store_vars_calls": {"_sin": "sin", "_cos": "cos", "filt": "IIRFilter"}}, "make_bandpass": {"doc": {"long_description": ">>> filter = make_bandpass(1000, 48000)\n>>> filter.a_coeffs + filter.b_coeffs  # doctest: +NORMALIZE_WHITESPACE\n[1.0922959556412573, -1.9828897227476208, 0.9077040443587427, 0.06526309611002579,\n 0, -0.06526309611002579]", "short_description": "Creates a band-pass filter"}, "args": ["frequency", "samplerate", "q_factor"], "returns": [["filt"]], "min_max_lineno": {"min_lineno": 69, "max_lineno": 96}, "calls": ["math.sin", "math.cos", "audio_filters.iir_filter.IIRFilter", "audio_filters.iir_filter.IIRFilter.set_coefficients", "math.sqrt"], "store_vars_calls": {"_sin": "sin", "_cos": "cos", "filt": "IIRFilter"}}, "make_allpass": {"doc": {"long_description": ">>> filter = make_allpass(1000, 48000)\n>>> filter.a_coeffs + filter.b_coeffs  # doctest: +NORMALIZE_WHITESPACE\n[1.0922959556412573, -1.9828897227476208, 0.9077040443587427, 0.9077040443587427,\n -1.9828897227476208, 1.0922959556412573]", "short_description": "Creates an all-pass filter"}, "args": ["frequency", "samplerate", "q_factor"], "returns": [["filt"]], "min_max_lineno": {"min_lineno": 98, "max_lineno": 121}, "calls": ["math.sin", "math.cos", "audio_filters.iir_filter.IIRFilter", "audio_filters.iir_filter.IIRFilter.set_coefficients", "math.sqrt"], "store_vars_calls": {"_sin": "sin", "_cos": "cos", "filt": "IIRFilter"}}, "make_peak": {"doc": {"long_description": ">>> filter = make_peak(1000, 48000, 6)\n>>> filter.a_coeffs + filter.b_coeffs  # doctest: +NORMALIZE_WHITESPACE\n[1.0653405327119334, -1.9828897227476208, 0.9346594672880666, 1.1303715025601122,\n -1.9828897227476208, 0.8696284974398878]", "short_description": "Creates a peak filter"}, "args": ["frequency", "samplerate", "gain_db", "q_factor"], "returns": [["filt"]], "min_max_lineno": {"min_lineno": 123, "max_lineno": 150}, "calls": ["math.sin", "math.cos", "audio_filters.iir_filter.IIRFilter", "audio_filters.iir_filter.IIRFilter.set_coefficients", "math.sqrt"], "store_vars_calls": {"_sin": "sin", "_cos": "cos", "filt": "IIRFilter"}}, "make_lowshelf": {"doc": {"long_description": ">>> filter = make_lowshelf(1000, 48000, 6)\n>>> filter.a_coeffs + filter.b_coeffs  # doctest: +NORMALIZE_WHITESPACE\n[3.0409336710888786, -5.608870992220748, 2.602157875636628, 3.139954022810743,\n -5.591841778072785, 2.5201667380627257]", "short_description": "Creates a low-shelf filter"}, "args": ["frequency", "samplerate", "gain_db", "q_factor"], "returns": [["filt"]], "min_max_lineno": {"min_lineno": 152, "max_lineno": 184}, "calls": ["math.sin", "math.cos", "audio_filters.iir_filter.IIRFilter", "audio_filters.iir_filter.IIRFilter.set_coefficients", "math.sqrt", "math.sqrt"], "store_vars_calls": {"_sin": "sin", "_cos": "cos", "filt": "IIRFilter"}}, "make_highshelf": {"doc": {"long_description": ">>> filter = make_highshelf(1000, 48000, 6)\n>>> filter.a_coeffs + filter.b_coeffs  # doctest: +NORMALIZE_WHITESPACE\n[2.2229172136088806, -3.9587208137297303, 1.7841414181566304, 4.295432981120543,\n -7.922740859457287, 3.6756456963725253]", "short_description": "Creates a high-shelf filter"}, "args": ["frequency", "samplerate", "gain_db", "q_factor"], "returns": [["filt"]], "min_max_lineno": {"min_lineno": 186, "max_lineno": 218}, "calls": ["math.sin", "math.cos", "audio_filters.iir_filter.IIRFilter", "audio_filters.iir_filter.IIRFilter.set_coefficients", "math.sqrt", "math.sqrt"], "store_vars_calls": {"_sin": "sin", "_cos": "cos", "filt": "IIRFilter"}}}, "is_test": false}