{"file": {"path": "/Users/rakshithagnanasekaran/desktop/Python/audio_filters/iir_filter.py", "fileNameBase": "iir_filter", "extension": "py"}, "dependencies": [{"from_module": "__future__", "import": "annotations", "type": "external"}], "classes": {"IIRFilter": {"doc": {"long_description": "Assumes working with float samples normalized on [-1, 1]\n\n---\n\nImplementation details:\nBased on the 2nd-order function from\n https://en.wikipedia.org/wiki/Digital_biquad_filter,\nthis generalized N-order function was made.\n\nUsing the following transfer function\nH(z)=\\frac{b_{0}+b_{1}z^{-1}+b_{2}z^{-2}+...+b_{k}z^{-k}}{a_{0}+a_{1}z^{-1}+a_{2}z^{-2}+...+a_{k}z^{-k}}\nwe can rewrite this to\ny[n]={\\frac{1}{a_{0}}}\\left(\\left(b_{0}x[n]+b_{1}x[n-1]+b_{2}x[n-2]+...+b_{k}x[n-k]\\right)-\\left(a_{1}y[n-1]+a_{2}y[n-2]+...+a_{k}y[n-k]\\right)\\right)", "short_description": "N-Order IIR filter", "full": "N-Order IIR filter\nAssumes working with float samples normalized on [-1, 1]\n\n---\n\nImplementation details:\nBased on the 2nd-order function from\n https://en.wikipedia.org/wiki/Digital_biquad_filter,\nthis generalized N-order function was made.\n\nUsing the following transfer function\nH(z)=\\frac{b_{0}+b_{1}z^{-1}+b_{2}z^{-2}+...+b_{k}z^{-k}}{a_{0}+a_{1}z^{-1}+a_{2}z^{-2}+...+a_{k}z^{-k}}\nwe can rewrite this to\ny[n]={\\frac{1}{a_{0}}}\\left(\\left(b_{0}x[n]+b_{1}x[n-1]+b_{2}x[n-2]+...+b_{k}x[n-k]\\right)-\\left(a_{1}y[n-1]+a_{2}y[n-2]+...+a_{k}y[n-k]\\right)\\right)"}, "min_max_lineno": {"min_lineno": 4, "max_lineno": 93}, "methods": {"__init__": {"args": ["self", "order"], "min_max_lineno": {"min_lineno": 22, "max_lineno": 34}}, "set_coefficients": {"doc": {"long_description": "a_0 may be left out, and it will use 1.0 as default value.\n\nThis method works well with scipy's filter design functions\n    >>> # Make a 2nd-order 1000Hz butterworth lowpass filter\n    >>> import scipy.signal\n    >>> b_coeffs, a_coeffs = scipy.signal.butter(2, 1000,\n    ...                                          btype='lowpass',\n    ...                                          fs=48000)\n    >>> filt = IIRFilter(2)\n    >>> filt.set_coefficients(a_coeffs, b_coeffs)", "short_description": "Set the coefficients for the IIR filter. These should both be of size order + 1."}, "args": ["self", "a_coeffs", "b_coeffs"], "min_max_lineno": {"min_lineno": 35, "max_lineno": 66}, "calls": ["len", "len", "ValueError", "len", "ValueError", "len", "len"]}, "process": {"doc": {"long_description": ">>> filt = IIRFilter(2)\n>>> filt.process(0)\n0.0", "short_description": "Calculate y[n]"}, "args": ["self", "sample"], "returns": [["result"]], "min_max_lineno": {"min_lineno": 67, "max_lineno": 93}, "calls": ["range"]}}}}, "is_test": false}