{"file": {"path": "/Users/rakshithagnanasekaran/desktop/Python/audio_filters/show_response.py", "fileNameBase": "show_response", "extension": "py"}, "dependencies": [{"from_module": "__future__", "import": "annotations", "type": "external"}, {"from_module": "math", "import": "pi", "type": "external"}, {"from_module": "typing", "import": "Protocol", "type": "external"}, {"import": "matplotlib", "alias": "plt", "type": "external"}, {"import": "numpy", "alias": "np", "type": "external"}], "classes": {"FilterType": {"extend": ["Protocol"], "min_max_lineno": {"min_lineno": 10, "max_lineno": 19}, "methods": {"process": {"doc": {"long_description": ">>> issubclass(FilterType, Protocol)\nTrue", "short_description": "Calculate y[n]"}, "args": ["self", "sample"], "min_max_lineno": {"min_lineno": 11, "max_lineno": 19}}}}}, "functions": {"get_bounds": {"doc": {"long_description": ">>> import numpy\n>>> array = numpy.linspace(-20.0, 20.0, 1000)\n>>> get_bounds(array, 1000)\n(-20, 20)", "short_description": "Get bounds for printing fft results"}, "args": ["fft_results", "samplerate"], "returns": [["lowest", "highest"]], "min_max_lineno": {"min_lineno": 21, "max_lineno": 35}, "calls": ["min", "max", "numpy.min", "numpy.max"], "store_vars_calls": {"lowest": "min", "highest": "max"}}, "show_frequency_response": {"doc": {"long_description": ">>> from audio_filters.iir_filter import IIRFilter\n>>> filt = IIRFilter(4)\n>>> show_frequency_response(filt, 48000)", "short_description": "Show frequency response of a filter"}, "args": ["filter", "samplerate"], "min_max_lineno": {"min_lineno": 37, "max_lineno": 67}, "calls": ["numpy.abs", "matplotlib.xlim", "matplotlib.xlabel", "matplotlib.xscale", "show_response.get_bounds", "matplotlib.ylim", "matplotlib.ylabel", "matplotlib.plot", "matplotlib.show", "filter.process", "numpy.fft.fft", "numpy.log10", "max", "min"], "store_vars_calls": {"fft_out": "np.abs", "bounds": "get_bounds"}}, "show_phase_response": {"doc": {"long_description": ">>> from audio_filters.iir_filter import IIRFilter\n>>> filt = IIRFilter(4)\n>>> show_phase_response(filt, 48000)", "short_description": "Show phase response of a filter"}, "args": ["filter", "samplerate"], "min_max_lineno": {"min_lineno": 69, "max_lineno": 95}, "calls": ["numpy.angle", "matplotlib.xlim", "matplotlib.xlabel", "matplotlib.xscale", "matplotlib.ylim", "matplotlib.ylabel", "matplotlib.plot", "matplotlib.show", "filter.process", "numpy.fft.fft", "numpy.unwrap"], "store_vars_calls": {"fft_out": "np.angle"}}}, "is_test": false}