{"file": {"path": "/Users/rakshithagnanasekaran/desktop/Python/data_structures/linked_list/__init__.py", "fileNameBase": "__init__", "extension": "py", "doc": {"long_description": "Nodes contain data and also may link to other nodes:\n    - Head Node: First node, the address of the\n                 head node gives us access of the complete list\n    - Last node: points to null", "short_description": "Linked Lists consists of Nodes.", "full": "Linked Lists consists of Nodes.\nNodes contain data and also may link to other nodes:\n    - Head Node: First node, the address of the\n                 head node gives us access of the complete list\n    - Last node: points to null"}}, "dependencies": [{"from_module": "__future__", "import": "annotations", "type": "external"}, {"from_module": "typing", "import": "Any", "type": "external"}], "classes": {"Node": {"min_max_lineno": {"min_lineno": 13, "max_lineno": 17}, "methods": {"__init__": {"args": ["self", "item", "next"], "min_max_lineno": {"min_lineno": 14, "max_lineno": 17}}}}, "LinkedList": {"min_max_lineno": {"min_lineno": 19, "max_lineno": 85}, "methods": {"__init__": {"args": ["self"], "min_max_lineno": {"min_lineno": 20, "max_lineno": 23}}, "add": {"args": ["self", "item"], "min_max_lineno": {"min_lineno": 24, "max_lineno": 27}, "calls": ["__init__.Node"], "store_vars_calls": {"self.head": "Node"}}, "remove": {"args": ["self"], "returns": [["item"]], "min_max_lineno": {"min_lineno": 28, "max_lineno": 39}}, "is_empty": {"args": ["self"], "min_max_lineno": {"min_lineno": 40, "max_lineno": 42}}, "__str__": {"doc": {"long_description": ">>> linked_list.add(23)\n>>> linked_list.add(14)\n>>> linked_list.add(9)\n>>> print(linked_list)\n9 --> 14 --> 23", "short_description": ">>> linked_list = LinkedList()"}, "args": ["self"], "returns": [["item_str"]], "min_max_lineno": {"min_lineno": 43, "max_lineno": 65}, "calls": ["item_list.append", "str"]}, "__len__": {"doc": {"long_description": ">>> len(linked_list)\n0\n>>> linked_list.add(\"a\")\n>>> len(linked_list)\n1\n>>> linked_list.add(\"b\")\n>>> len(linked_list)\n2\n>>> _ = linked_list.remove()\n>>> len(linked_list)\n1\n>>> _ = linked_list.remove()\n>>> len(linked_list)\n0", "short_description": ">>> linked_list = LinkedList()"}, "args": ["self"], "min_max_lineno": {"min_lineno": 66, "max_lineno": 85}}}}}, "is_test": false}