{"file": {"path": "/Users/rakshithagnanasekaran/desktop/Python/data_structures/linked_list/circular_linked_list.py", "fileNameBase": "circular_linked_list", "extension": "py"}, "dependencies": [{"from_module": "__future__", "import": "annotations", "type": "external"}, {"from_module": "collections.abc", "import": "Iterator", "type": "external"}, {"from_module": "typing", "import": "Any", "type": "external"}], "classes": {"Node": {"min_max_lineno": {"min_lineno": 7, "max_lineno": 11}, "methods": {"__init__": {"args": ["self", "data"], "min_max_lineno": {"min_lineno": 8, "max_lineno": 11}}}}, "CircularLinkedList": {"min_max_lineno": {"min_lineno": 13, "max_lineno": 84}, "methods": {"__init__": {"args": ["self"], "min_max_lineno": {"min_lineno": 14, "max_lineno": 17}}, "__iter__": {"args": ["self"], "min_max_lineno": {"min_lineno": 18, "max_lineno": 25}}, "__len__": {"args": ["self"], "min_max_lineno": {"min_lineno": 26, "max_lineno": 28}, "calls": ["len", "tuple", "iter"]}, "__repr__": {"args": ["self"], "min_max_lineno": {"min_lineno": 29, "max_lineno": 31}, "calls": ["str", "iter"]}, "insert_tail": {"args": ["self", "data"], "min_max_lineno": {"min_lineno": 32, "max_lineno": 34}, "calls": ["circular_linked_list.CircularLinkedList.insert_nth", "len"]}, "insert_head": {"args": ["self", "data"], "min_max_lineno": {"min_lineno": 35, "max_lineno": 37}, "calls": ["circular_linked_list.CircularLinkedList.insert_nth"]}, "insert_nth": {"args": ["self", "index", "data"], "min_max_lineno": {"min_lineno": 38, "max_lineno": 56}, "calls": ["circular_linked_list.Node", "IndexError", "len", "range", "len"], "store_vars_calls": {"new_node": "Node"}}, "delete_front": {"args": ["self"], "min_max_lineno": {"min_lineno": 57, "max_lineno": 59}, "calls": ["circular_linked_list.CircularLinkedList.delete_nth"]}, "delete_tail": {"args": ["self"], "min_max_lineno": {"min_lineno": 60, "max_lineno": 62}, "calls": ["circular_linked_list.CircularLinkedList.delete_nth", "len"]}, "delete_nth": {"args": ["self", "index"], "min_max_lineno": {"min_lineno": 63, "max_lineno": 81}, "calls": ["IndexError", "len", "range", "len"]}, "is_empty": {"args": ["self"], "min_max_lineno": {"min_lineno": 82, "max_lineno": 84}, "calls": ["len"]}}}}, "functions": {"test_circular_linked_list": {"doc": {"short_description": ">>> test_circular_linked_list()"}, "min_max_lineno": {"min_lineno": 86, "max_lineno": 139}, "calls": ["circular_linked_list.CircularLinkedList", "range", "circular_linked_list.CircularLinkedList.insert_tail", "circular_linked_list.CircularLinkedList.insert_head", "circular_linked_list.CircularLinkedList.insert_nth", "len", "circular_linked_list.CircularLinkedList.is_empty", "str", "circular_linked_list.CircularLinkedList.delete_front", "circular_linked_list.CircularLinkedList.delete_tail", "circular_linked_list.CircularLinkedList.delete_nth", "circular_linked_list.CircularLinkedList.delete_nth", "circular_linked_list.CircularLinkedList.is_empty", "circular_linked_list.CircularLinkedList.insert_nth", "str", "str", "str", "circular_linked_list.CircularLinkedList.delete_front", "circular_linked_list.CircularLinkedList.delete_tail", "str", "circular_linked_list.CircularLinkedList.delete_nth", "str", "circular_linked_list.CircularLinkedList.is_empty", "len", "str", "str", "str", "str", "str", "range", "range", "range", "range", "range"], "store_vars_calls": {"circular_linked_list": "CircularLinkedList"}}}, "main_info": {"main_flag": 1, "type": "script"}, "is_test": true}