{"file": {"path": "/Users/rakshithagnanasekaran/desktop/Python/data_structures/linked_list/deque_doubly.py", "fileNameBase": "deque_doubly", "extension": "py", "doc": {"long_description": "Operations:\n    1. insertion in the front -> O(1)\n    2. insertion in the end -> O(1)\n    3. remove from the front -> O(1)\n    4. remove from the end -> O(1)", "short_description": "Implementing Deque using DoublyLinkedList ...", "full": "Implementing Deque using DoublyLinkedList ...\nOperations:\n    1. insertion in the front -> O(1)\n    2. insertion in the end -> O(1)\n    3. remove from the front -> O(1)\n    4. remove from the end -> O(1)"}}, "classes": {"_DoublyLinkedBase": {"doc": {"short_description": "A Private class (to be inherited)", "full": "A Private class (to be inherited)"}, "min_max_lineno": {"min_lineno": 11, "max_lineno": 60}, "methods": {"__init__": {"args": ["self"], "min_max_lineno": {"min_lineno": 27, "max_lineno": 33}, "calls": ["deque_doubly._DoublyLinkedBase._Node", "deque_doubly._DoublyLinkedBase._Node"], "store_vars_calls": {"self._header": "self._Node", "self._trailer": "self._Node"}}, "__len__": {"args": ["self"], "min_max_lineno": {"min_lineno": 34, "max_lineno": 36}}, "is_empty": {"args": ["self"], "min_max_lineno": {"min_lineno": 37, "max_lineno": 39}, "calls": ["deque_doubly._DoublyLinkedBase.__len__"]}, "_insert": {"args": ["self", "predecessor", "e", "successor"], "returns": [["self"]], "min_max_lineno": {"min_lineno": 40, "max_lineno": 48}, "calls": ["deque_doubly._DoublyLinkedBase._Node"], "store_vars_calls": {"new_node": "self._Node"}}, "_delete": {"args": ["self", "node"], "returns": [["temp"]], "min_max_lineno": {"min_lineno": 49, "max_lineno": 60}}}}, "LinkedDeque": {"extend": ["_DoublyLinkedBase"], "min_max_lineno": {"min_lineno": 62, "max_lineno": 144}, "methods": {"first": {"doc": {"long_description": ">>> d = LinkedDeque()\n>>> d.add_first('A').first()\n'A'\n>>> d.add_first('B').first()\n'B'", "short_description": "return first element"}, "args": ["self"], "min_max_lineno": {"min_lineno": 63, "max_lineno": 74}, "calls": ["deque_doubly.LinkedDeque.is_empty", "Exception"]}, "last": {"doc": {"long_description": ">>> d = LinkedDeque()\n>>> d.add_last('A').last()\n'A'\n>>> d.add_last('B').last()\n'B'", "short_description": "return last element"}, "args": ["self"], "min_max_lineno": {"min_lineno": 75, "max_lineno": 86}, "calls": ["deque_doubly.LinkedDeque.is_empty", "Exception"]}, "add_first": {"doc": {"long_description": ">>> LinkedDeque().add_first('AV').first()\n'AV'", "short_description": "insertion in the front"}, "args": ["self", "element"], "min_max_lineno": {"min_lineno": 89, "max_lineno": 95}, "calls": ["deque_doubly.LinkedDeque._insert"]}, "add_last": {"doc": {"long_description": ">>> LinkedDeque().add_last('B').last()\n'B'", "short_description": "insertion in the end"}, "args": ["self", "element"], "min_max_lineno": {"min_lineno": 96, "max_lineno": 102}, "calls": ["deque_doubly.LinkedDeque._insert"]}, "remove_first": {"doc": {"long_description": ">>> d = LinkedDeque()\n>>> d.is_empty()\nTrue\n>>> d.remove_first()\nTraceback (most recent call last):\n   ...\nIndexError: remove_first from empty list\n>>> d.add_first('A') # doctest: +ELLIPSIS\n<data_structures.linked_list.deque_doubly.LinkedDeque object at ...\n>>> d.remove_first()\n'A'\n>>> d.is_empty()\nTrue", "short_description": "removal from the front"}, "args": ["self"], "min_max_lineno": {"min_lineno": 105, "max_lineno": 124}, "calls": ["deque_doubly.LinkedDeque.is_empty", "deque_doubly.LinkedDeque._delete", "IndexError"]}, "remove_last": {"doc": {"long_description": ">>> d = LinkedDeque()\n>>> d.is_empty()\nTrue\n>>> d.remove_last()\nTraceback (most recent call last):\n   ...\nIndexError: remove_first from empty list\n>>> d.add_first('A') # doctest: +ELLIPSIS\n<data_structures.linked_list.deque_doubly.LinkedDeque object at ...\n>>> d.remove_last()\n'A'\n>>> d.is_empty()\nTrue", "short_description": "removal in the end"}, "args": ["self"], "min_max_lineno": {"min_lineno": 125, "max_lineno": 144}, "calls": ["deque_doubly.LinkedDeque.is_empty", "deque_doubly.LinkedDeque._delete", "IndexError"]}}}}, "is_test": false}