{"file": {"path": "/Users/rakshithagnanasekaran/desktop/Python/data_structures/linked_list/doubly_linked_list.py", "fileNameBase": "doubly_linked_list", "extension": "py", "doc": {"short_description": "https://en.wikipedia.org/wiki/Doubly_linked_list", "full": "https://en.wikipedia.org/wiki/Doubly_linked_list"}}, "classes": {"Node": {"min_max_lineno": {"min_lineno": 6, "max_lineno": 14}, "methods": {"__init__": {"args": ["self", "data"], "min_max_lineno": {"min_lineno": 7, "max_lineno": 11}}, "__str__": {"args": ["self"], "min_max_lineno": {"min_lineno": 12, "max_lineno": 14}}}}, "DoublyLinkedList": {"min_max_lineno": {"min_lineno": 16, "max_lineno": 185}, "methods": {"__init__": {"args": ["self"], "min_max_lineno": {"min_lineno": 17, "max_lineno": 20}}, "__iter__": {"doc": {"long_description": ">>> linked_list.insert_at_head('b')\n>>> linked_list.insert_at_head('a')\n>>> linked_list.insert_at_tail('c')\n>>> tuple(linked_list)\n('a', 'b', 'c')", "short_description": ">>> linked_list = DoublyLinkedList()"}, "args": ["self"], "min_max_lineno": {"min_lineno": 21, "max_lineno": 34}}, "__str__": {"doc": {"long_description": ">>> linked_list.insert_at_tail('a')\n>>> linked_list.insert_at_tail('b')\n>>> linked_list.insert_at_tail('c')\n>>> str(linked_list)\n'a->b->c'", "short_description": ">>> linked_list = DoublyLinkedList()"}, "args": ["self"], "min_max_lineno": {"min_lineno": 35, "max_lineno": 45}, "calls": ["str"]}, "__len__": {"doc": {"long_description": ">>> for i in range(0, 5):\n...     linked_list.insert_at_nth(i, i + 1)\n>>> len(linked_list) == 5\nTrue", "short_description": ">>> linked_list = DoublyLinkedList()"}, "args": ["self"], "min_max_lineno": {"min_lineno": 46, "max_lineno": 55}, "calls": ["len", "tuple", "iter"]}, "insert_at_head": {"args": ["self", "data"], "min_max_lineno": {"min_lineno": 56, "max_lineno": 58}, "calls": ["doubly_linked_list.DoublyLinkedList.insert_at_nth"]}, "insert_at_tail": {"args": ["self", "data"], "min_max_lineno": {"min_lineno": 59, "max_lineno": 61}, "calls": ["doubly_linked_list.DoublyLinkedList.insert_at_nth", "len"]}, "insert_at_nth": {"doc": {"long_description": ">>> linked_list.insert_at_nth(-1, 666)\nTraceback (most recent call last):\n....\nIndexError: list index out of range\n>>> linked_list.insert_at_nth(1, 666)\nTraceback (most recent call last):\n....\nIndexError: list index out of range\n>>> linked_list.insert_at_nth(0, 2)\n>>> linked_list.insert_at_nth(0, 1)\n>>> linked_list.insert_at_nth(2, 4)\n>>> linked_list.insert_at_nth(2, 3)\n>>> str(linked_list)\n'1->2->3->4'\n>>> linked_list.insert_at_nth(5, 5)\nTraceback (most recent call last):\n....\nIndexError: list index out of range", "short_description": ">>> linked_list = DoublyLinkedList()"}, "args": ["self", "index", "data"], "min_max_lineno": {"min_lineno": 62, "max_lineno": 105}, "calls": ["doubly_linked_list.Node", "IndexError", "len", "len", "range"], "store_vars_calls": {"new_node": "Node"}}, "delete_head": {"args": ["self"], "min_max_lineno": {"min_lineno": 106, "max_lineno": 108}, "calls": ["doubly_linked_list.DoublyLinkedList.delete_at_nth"]}, "delete_tail": {"args": ["self"], "min_max_lineno": {"min_lineno": 109, "max_lineno": 111}, "calls": ["doubly_linked_list.DoublyLinkedList.delete_at_nth", "len"]}, "delete_at_nth": {"doc": {"long_description": ">>> linked_list.delete_at_nth(0)\nTraceback (most recent call last):\n....\nIndexError: list index out of range\n>>> for i in range(0, 5):\n...     linked_list.insert_at_nth(i, i + 1)\n>>> linked_list.delete_at_nth(0) == 1\nTrue\n>>> linked_list.delete_at_nth(3) == 5\nTrue\n>>> linked_list.delete_at_nth(1) == 3\nTrue\n>>> str(linked_list)\n'2->4'\n>>> linked_list.delete_at_nth(2)\nTraceback (most recent call last):\n....\nIndexError: list index out of range", "short_description": ">>> linked_list = DoublyLinkedList()"}, "args": ["self", "index"], "min_max_lineno": {"min_lineno": 112, "max_lineno": 154}, "calls": ["IndexError", "len", "len", "range", "len"]}, "delete": {"args": ["self", "data"], "returns": [["data"]], "min_max_lineno": {"min_lineno": 155, "max_lineno": 174}, "calls": ["doubly_linked_list.DoublyLinkedList.delete_head", "doubly_linked_list.DoublyLinkedList.delete_tail"]}, "is_empty": {"doc": {"long_description": ">>> linked_list.is_empty()\nTrue\n>>> linked_list.insert_at_tail(1)\n>>> linked_list.is_empty()\nFalse", "short_description": ">>> linked_list = DoublyLinkedList()"}, "args": ["self"], "min_max_lineno": {"min_lineno": 175, "max_lineno": 185}, "calls": ["len"]}}}}, "functions": {"test_doubly_linked_list": {"doc": {"short_description": ">>> test_doubly_linked_list()"}, "min_max_lineno": {"min_lineno": 187, "max_lineno": 221}, "calls": ["doubly_linked_list.DoublyLinkedList", "range", "doubly_linked_list.DoublyLinkedList.insert_at_head", "doubly_linked_list.DoublyLinkedList.insert_at_tail", "doubly_linked_list.DoublyLinkedList.is_empty", "str", "doubly_linked_list.DoublyLinkedList.delete_head", "doubly_linked_list.DoublyLinkedList.delete_tail", "doubly_linked_list.DoublyLinkedList.insert_at_nth", "str", "str", "doubly_linked_list.DoublyLinkedList.delete_head", "doubly_linked_list.DoublyLinkedList.delete_at_nth", "doubly_linked_list.DoublyLinkedList.delete_tail", "len", "str", "len", "str", "str", "str", "range", "range", "range"], "store_vars_calls": {"linked_list": "DoublyLinkedList"}}}, "main_info": {"main_flag": 1, "type": "script"}, "is_test": true}