{"file": {"path": "/Users/rakshithagnanasekaran/desktop/Python/data_structures/linked_list/doubly_linked_list_two.py", "fileNameBase": "doubly_linked_list_two", "extension": "py", "doc": {"long_description": "list do not have indexes.\n- This is an example of a double ended, doubly linked list.\n- Each link references the next link and the previous one.\n- A Doubly Linked List (DLL) contains an extra pointer, typically called previous\n    pointer, together with next pointer and data which are there in singly linked list.\n - Advantages over SLL - It can be traversed in both forward and backward direction.\n     Delete operation is more efficient", "short_description": "- A linked list is similar to an array, it holds values. However, links in a linked", "full": "- A linked list is similar to an array, it holds values. However, links in a linked\n    list do not have indexes.\n- This is an example of a double ended, doubly linked list.\n- Each link references the next link and the previous one.\n- A Doubly Linked List (DLL) contains an extra pointer, typically called previous\n    pointer, together with next pointer and data which are there in singly linked list.\n - Advantages over SLL - It can be traversed in both forward and backward direction.\n     Delete operation is more efficient"}}, "classes": {"Node": {"min_max_lineno": {"min_lineno": 13, "max_lineno": 30}, "methods": {"__init__": {"args": ["self", "data", "previous", "next_node"], "min_max_lineno": {"min_lineno": 14, "max_lineno": 18}}, "__str__": {"args": ["self"], "min_max_lineno": {"min_lineno": 19, "max_lineno": 21}}, "get_data": {"args": ["self"], "min_max_lineno": {"min_lineno": 22, "max_lineno": 24}}, "get_next": {"args": ["self"], "min_max_lineno": {"min_lineno": 25, "max_lineno": 27}}, "get_previous": {"args": ["self"], "min_max_lineno": {"min_lineno": 28, "max_lineno": 30}}}}, "LinkedListIterator": {"min_max_lineno": {"min_lineno": 32, "max_lineno": 46}, "methods": {"__init__": {"args": ["self", "head"], "min_max_lineno": {"min_lineno": 33, "max_lineno": 35}}, "__iter__": {"args": ["self"], "returns": [["self"]], "min_max_lineno": {"min_lineno": 36, "max_lineno": 38}}, "__next__": {"args": ["self"], "returns": [["value"]], "min_max_lineno": {"min_lineno": 39, "max_lineno": 46}, "calls": ["doubly_linked_list_two.LinkedListIterator.current.get_data", "doubly_linked_list_two.LinkedListIterator.current.get_next"], "store_vars_calls": {"value": "self.current.get_data", "self.current": "self.current.get_next"}}}}, "LinkedList": {"min_max_lineno": {"min_lineno": 48, "max_lineno": 170}, "methods": {"__init__": {"args": ["self"], "min_max_lineno": {"min_lineno": 49, "max_lineno": 52}}, "__str__": {"args": ["self"], "min_max_lineno": {"min_lineno": 53, "max_lineno": 60}, "calls": ["nodes.append", "current.get_next.get_next.get_next", "current.get_next.get_next.get_data", "str"], "store_vars_calls": {"current": "current.get_next"}}, "__contains__": {"args": ["self", "value"], "min_max_lineno": {"min_lineno": 61, "max_lineno": 68}, "calls": ["current.get_next.get_next.get_next", "current.get_next.get_next.get_data"], "store_vars_calls": {"current": "current.get_next"}}, "__iter__": {"args": ["self"], "min_max_lineno": {"min_lineno": 69, "max_lineno": 71}, "calls": ["doubly_linked_list_two.LinkedListIterator"]}, "get_head_data": {"args": ["self"], "min_max_lineno": {"min_lineno": 72, "max_lineno": 76}, "calls": ["doubly_linked_list_two.LinkedList.head.get_data"]}, "get_tail_data": {"args": ["self"], "min_max_lineno": {"min_lineno": 77, "max_lineno": 81}, "calls": ["doubly_linked_list_two.LinkedList.tail.get_data"]}, "set_head": {"args": ["self", "node"], "min_max_lineno": {"min_lineno": 82, "max_lineno": 89}, "calls": ["doubly_linked_list_two.LinkedList.insert_before_node"]}, "set_tail": {"args": ["self", "node"], "min_max_lineno": {"min_lineno": 90, "max_lineno": 95}, "calls": ["doubly_linked_list_two.LinkedList.set_head", "doubly_linked_list_two.LinkedList.insert_after_node"]}, "insert": {"args": ["self", "value"], "min_max_lineno": {"min_lineno": 96, "max_lineno": 102}, "calls": ["doubly_linked_list_two.Node", "doubly_linked_list_two.LinkedList.set_head", "doubly_linked_list_two.LinkedList.set_tail"], "store_vars_calls": {"node": "Node"}}, "insert_before_node": {"args": ["self", "node", "node_to_insert"], "min_max_lineno": {"min_lineno": 103, "max_lineno": 113}, "calls": ["node.get_previous"]}, "insert_after_node": {"args": ["self", "node", "node_to_insert"], "min_max_lineno": {"min_lineno": 114, "max_lineno": 124}, "calls": ["node.get_next"]}, "insert_at_position": {"args": ["self", "position", "value"], "min_max_lineno": {"min_lineno": 125, "max_lineno": 136}, "calls": ["doubly_linked_list_two.Node", "doubly_linked_list_two.LinkedList.insert_after_node", "doubly_linked_list_two.LinkedList.insert_before_node"], "store_vars_calls": {"new_node": "Node"}}, "get_node": {"args": ["self", "item"], "returns": [["node"]], "min_max_lineno": {"min_lineno": 137, "max_lineno": 144}, "calls": ["Exception", "node.get_next.get_next.get_next", "node.get_next.get_next.get_data"], "store_vars_calls": {"node": "node.get_next"}}, "delete_value": {"args": ["self", "value"], "min_max_lineno": {"min_lineno": 145, "max_lineno": 156}, "calls": ["doubly_linked_list_two.LinkedList.get_node", "doubly_linked_list_two.LinkedList.remove_node_pointers", "doubly_linked_list_two.LinkedList.head.get_next", "doubly_linked_list_two.LinkedList.tail.get_previous"], "store_vars_calls": {"node": "self.get_node", "self.head": "self.head.get_next", "self.tail": "self.tail.get_previous"}}, "remove_node_pointers": {"args": ["node"], "min_max_lineno": {"min_lineno": 157, "max_lineno": 167}, "calls": ["node.get_next", "node.get_previous"]}, "is_empty": {"args": ["self"], "min_max_lineno": {"min_lineno": 168, "max_lineno": 170}}}}}, "functions": {"create_linked_list": {"doc": {"long_description": ">>> new_linked_list.get_head_data() is None\nTrue\n>>> new_linked_list.get_tail_data() is None\nTrue\n>>> new_linked_list.is_empty()\nTrue\n>>> new_linked_list.insert(10)\n>>> new_linked_list.get_head_data()\n10\n>>> new_linked_list.get_tail_data()\n10\n>>> new_linked_list.insert_at_position(position=3, value=20)\n>>> new_linked_list.get_head_data()\n10\n>>> new_linked_list.get_tail_data()\n20\n>>> new_linked_list.set_head(Node(1000))\n>>> new_linked_list.get_head_data()\n1000\n>>> new_linked_list.get_tail_data()\n20\n>>> new_linked_list.set_tail(Node(2000))\n>>> new_linked_list.get_head_data()\n1000\n>>> new_linked_list.get_tail_data()\n2000\n>>> for value in new_linked_list:\n...    print(value)\n1000\n10\n20\n2000\n>>> new_linked_list.is_empty()\nFalse\n>>> for value in new_linked_list:\n...    print(value)\n1000\n10\n20\n2000\n>>> 10 in new_linked_list\nTrue\n>>> new_linked_list.delete_value(value=10)\n>>> 10 in new_linked_list\nFalse\n>>> new_linked_list.delete_value(value=2000)\n>>> new_linked_list.get_tail_data()\n20\n>>> new_linked_list.delete_value(value=1000)\n>>> new_linked_list.get_tail_data()\n20\n>>> new_linked_list.get_head_data()\n20\n>>> for value in new_linked_list:\n...    print(value)\n20\n>>> new_linked_list.delete_value(value=20)\n>>> for value in new_linked_list:\n...    print(value)\n>>> for value in range(1,10):\n...    new_linked_list.insert(value=value)\n>>> for value in new_linked_list:\n...    print(value)\n1\n2\n3\n4\n5\n6\n7\n8\n9", "short_description": ">>> new_linked_list = LinkedList()"}, "min_max_lineno": {"min_lineno": 172, "max_lineno": 248}}}, "main_info": {"main_flag": 1, "type": "script"}, "is_test": false}