{"file": {"path": "/Users/rakshithagnanasekaran/desktop/Python/data_structures/linked_list/from_sequence.py", "fileNameBase": "from_sequence", "extension": "py"}, "classes": {"Node": {"min_max_lineno": {"min_lineno": 5, "max_lineno": 19}, "methods": {"__init__": {"args": ["self", "data"], "min_max_lineno": {"min_lineno": 6, "max_lineno": 9}}, "__repr__": {"doc": {"short_description": "Returns a visual representation of the node and all its following nodes."}, "args": ["self"], "returns": [["string_rep"]], "min_max_lineno": {"min_lineno": 10, "max_lineno": 19}, "store_vars_calls": {"temp": "self"}}}}}, "functions": {"make_linked_list": {"doc": {"long_description": "(list/tuple) and returns the head of the Linked List.", "short_description": "Creates a Linked List from the elements of the given sequence"}, "args": ["elements_list"], "returns": [["head"]], "min_max_lineno": {"min_lineno": 21, "max_lineno": 37}, "calls": ["from_sequence.Node", "Exception", "from_sequence.Node"], "store_vars_calls": {"head": "Node", "current.next": "Node"}}}, "body": {"calls": ["from_sequence.make_linked_list", "print", "print", "print", "print"], "store_vars_calls": {"linked_list": "make_linked_list"}}, "is_test": false}