{"file": {"path": "/Users/rakshithagnanasekaran/desktop/Python/data_structures/linked_list/has_loop.py", "fileNameBase": "has_loop", "extension": "py"}, "dependencies": [{"from_module": "__future__", "import": "annotations", "type": "external"}, {"from_module": "typing", "import": "Any", "type": "external"}], "classes": {"ContainsLoopError": {"extend": ["Exception"], "min_max_lineno": {"min_lineno": 6, "max_lineno": 8}}, "Node": {"min_max_lineno": {"min_lineno": 10, "max_lineno": 44}, "methods": {"__init__": {"args": ["self", "data"], "min_max_lineno": {"min_lineno": 11, "max_lineno": 14}}, "__iter__": {"args": ["self"], "min_max_lineno": {"min_lineno": 15, "max_lineno": 24}, "calls": ["visited.append"], "store_vars_calls": {"node": "self"}}, "has_loop": {"doc": {"long_description": ">>> root_node = Node(1)\n>>> root_node.next_node = Node(2)\n>>> root_node.next_node.next_node = Node(3)\n>>> root_node.next_node.next_node.next_node = Node(4)\n>>> root_node.has_loop\nFalse\n>>> root_node.next_node.next_node.next_node = root_node.next_node\n>>> root_node.has_loop\nTrue", "short_description": "A loop is when the exact same Node appears more than once in a linked list."}, "args": ["self"], "min_max_lineno": {"min_lineno": 25, "max_lineno": 44}, "calls": ["list"]}}}}, "main_info": {"main_flag": 1, "main_function": "has_loop.Node", "type": "script"}, "is_test": false}