{"file": {"path": "/Users/rakshithagnanasekaran/desktop/Python/data_structures/linked_list/is_palindrome.py", "fileNameBase": "is_palindrome", "extension": "py"}, "functions": {"is_palindrome": {"args": ["head"], "min_max_lineno": {"min_lineno": 1, "max_lineno": 26}}, "is_palindrome_stack": {"args": ["head"], "min_max_lineno": {"min_lineno": 28, "max_lineno": 50}, "calls": ["stack.append", "stack.pop"]}, "is_palindrome_dict": {"args": ["head"], "min_max_lineno": {"min_lineno": 52, "max_lineno": 78}, "calls": ["d.values", "d.keys", "d[].append", "range", "len", "len", "len"]}}, "is_test": false}