{"file": {"path": "/Users/rakshithagnanasekaran/desktop/Python/data_structures/linked_list/merge_two_lists.py", "fileNameBase": "merge_two_lists", "extension": "py", "doc": {"short_description": "Algorithm that merges two sorted linked lists into one sorted linked list.", "full": "Algorithm that merges two sorted linked lists into one sorted linked list."}}, "dependencies": [{"from_module": "__future__", "import": "annotations", "type": "external"}, {"from_module": "collections.abc", "import": "Iterable", "type": "external"}, {"from_module": "collections.abc", "import": "Iterator", "type": "external"}, {"from_module": "dataclasses", "import": "dataclass", "type": "external"}], "classes": {"Node": {"min_max_lineno": {"min_lineno": 13, "max_lineno": 17}}, "SortedLinkedList": {"min_max_lineno": {"min_lineno": 19, "max_lineno": 59}, "methods": {"__init__": {"args": ["self", "ints"], "min_max_lineno": {"min_lineno": 20, "max_lineno": 24}, "calls": ["reversed", "sorted", "merge_two_lists.Node"], "store_vars_calls": {"self.head": "Node"}}, "__iter__": {"doc": {"long_description": "True\n>>> tuple(SortedLinkedList(test_data_even)) == tuple(sorted(test_data_even))\nTrue", "short_description": ">>> tuple(SortedLinkedList(test_data_odd)) == tuple(sorted(test_data_odd))"}, "args": ["self"], "min_max_lineno": {"min_lineno": 25, "max_lineno": 36}}, "__len__": {"doc": {"long_description": "...     len(SortedLinkedList(range(i))) == i\nTrue\nTrue\nTrue\n>>> len(SortedLinkedList(test_data_odd))\n8", "short_description": ">>> for i in range(3):"}, "args": ["self"], "min_max_lineno": {"min_lineno": 37, "max_lineno": 48}, "calls": ["len", "tuple", "iter"]}, "__str__": {"doc": {"long_description": "''\n>>> str(SortedLinkedList(test_data_odd))\n'-11 -> -1 -> 0 -> 1 -> 3 -> 5 -> 7 -> 9'\n>>> str(SortedLinkedList(test_data_even))\n'-2 -> 0 -> 2 -> 3 -> 4 -> 6 -> 8 -> 10'", "short_description": ">>> str(SortedLinkedList([]))"}, "args": ["self"], "min_max_lineno": {"min_lineno": 49, "max_lineno": 59}, "calls": ["str"]}}}}, "functions": {"merge_lists": {"doc": {"long_description": ">>> merged = merge_lists(SSL(test_data_odd), SSL(test_data_even))\n>>> len(merged)\n16\n>>> str(merged)\n'-11 -> -2 -> -1 -> 0 -> 0 -> 1 -> 2 -> 3 -> 3 -> 4 -> 5 -> 6 -> 7 -> 8 -> 9 -> 10'\n>>> list(merged) == list(sorted(test_data_odd + test_data_even))\nTrue", "short_description": ">>> SSL = SortedLinkedList"}, "args": ["sll_one", "sll_two"], "min_max_lineno": {"min_lineno": 61, "max_lineno": 75}, "calls": ["merge_two_lists.SortedLinkedList", "list", "list"]}}, "main_info": {"main_flag": 1, "type": "script"}, "is_test": false}