{"file": {"path": "/Users/rakshithagnanasekaran/desktop/Python/data_structures/linked_list/middle_element_of_linked_list.py", "fileNameBase": "middle_element_of_linked_list", "extension": "py"}, "dependencies": [{"from_module": "__future__", "import": "annotations", "type": "external"}], "classes": {"Node": {"min_max_lineno": {"min_lineno": 4, "max_lineno": 8}, "methods": {"__init__": {"args": ["self", "data"], "min_max_lineno": {"min_lineno": 5, "max_lineno": 8}}}}, "LinkedList": {"min_max_lineno": {"min_lineno": 10, "max_lineno": 61}, "methods": {"__init__": {"args": ["self"], "min_max_lineno": {"min_lineno": 11, "max_lineno": 13}}, "push": {"args": ["self", "new_data"], "min_max_lineno": {"min_lineno": 14, "max_lineno": 19}, "calls": ["middle_element_of_linked_list.Node"], "store_vars_calls": {"new_node": "Node"}}, "middle_element": {"doc": {"long_description": ">>> link.middle_element()\nNo element found.\n>>> link.push(5)\n5\n>>> link.push(6)\n6\n>>> link.push(8)\n8\n>>> link.push(8)\n8\n>>> link.push(10)\n10\n>>> link.push(12)\n12\n>>> link.push(17)\n17\n>>> link.push(7)\n7\n>>> link.push(3)\n3\n>>> link.push(20)\n20\n>>> link.push(-20)\n-20\n>>> link.middle_element()\n12\n>>>", "short_description": ">>> link = LinkedList()"}, "args": ["self"], "min_max_lineno": {"min_lineno": 20, "max_lineno": 61}, "calls": ["print"]}}}}, "main_info": {"main_flag": 1, "type": "script"}, "is_test": false}