{"file": {"path": "/Users/rakshithagnanasekaran/desktop/Python/data_structures/linked_list/print_reverse.py", "fileNameBase": "print_reverse", "extension": "py"}, "dependencies": [{"from_module": "__future__", "import": "annotations", "type": "external"}], "classes": {"Node": {"min_max_lineno": {"min_lineno": 4, "max_lineno": 17}, "methods": {"__init__": {"args": ["self", "data"], "min_max_lineno": {"min_lineno": 5, "max_lineno": 8}}, "__repr__": {"doc": {"short_description": "Returns a visual representation of the node and all its following nodes."}, "args": ["self"], "min_max_lineno": {"min_lineno": 9, "max_lineno": 17}, "calls": ["string_rep.append"], "store_vars_calls": {"temp": "self"}}}}}, "functions": {"make_linked_list": {"doc": {"long_description": "(list/tuple) and returns the head of the Linked List.\n>>> make_linked_list([])\nTraceback (most recent call last):\n    ...\nException: The Elements List is empty\n>>> make_linked_list([7])\n7\n>>> make_linked_list(['abc'])\nabc\n>>> make_linked_list([7, 25])\n7->25", "short_description": "Creates a Linked List from the elements of the given sequence"}, "args": ["elements_list"], "returns": [["head"]], "min_max_lineno": {"min_lineno": 19, "max_lineno": 41}, "calls": ["print_reverse.Node", "range", "Exception", "len", "print_reverse.Node"], "store_vars_calls": {"current": "Node", "head": "Node", "current.next": "Node"}}, "print_reverse": {"doc": {"long_description": ">>> print_reverse([])\n>>> linked_list = make_linked_list([69, 88, 73])\n>>> print_reverse(linked_list)\n73\n88\n69", "short_description": "Prints the elements of the given Linked List in reverse order"}, "args": ["head_node"], "min_max_lineno": {"min_lineno": 43, "max_lineno": 55}, "calls": ["isinstance", "print_reverse.print_reverse", "print"]}, "main": {"min_max_lineno": {"min_lineno": 57, "max_lineno": 67}, "calls": ["testmod", "print_reverse.make_linked_list", "print", "print", "print", "print_reverse.print_reverse"], "store_vars_calls": {"linked_list": "make_linked_list"}}}, "main_info": {"main_flag": 1, "main_function": "print_reverse.main", "type": "script"}, "is_test": false}