{"file": {"path": "/Users/rakshithagnanasekaran/desktop/Python/data_structures/linked_list/singly_linked_list.py", "fileNameBase": "singly_linked_list", "extension": "py"}, "dependencies": [{"from_module": "typing", "import": "Any", "type": "external"}], "classes": {"Node": {"min_max_lineno": {"min_lineno": 4, "max_lineno": 27}, "methods": {"__init__": {"doc": {"long_description": ">>> Node(20)\nNode(20)\n>>> Node(\"Hello, world!\")\nNode(Hello, world!)\n>>> Node(None)\nNode(None)\n>>> Node(True)\nNode(True)", "short_description": "Create and initialize Node class instance."}, "args": ["self", "data"], "min_max_lineno": {"min_lineno": 5, "max_lineno": 19}}, "__repr__": {"doc": {"long_description": ">>> Node(10).__repr__()\n'Node(10)'", "short_description": "Get the string representation of this node."}, "args": ["self"], "min_max_lineno": {"min_lineno": 20, "max_lineno": 27}}}}, "LinkedList": {"min_max_lineno": {"min_lineno": 29, "max_lineno": 343}, "methods": {"__init__": {"doc": {"long_description": ">>> linked_list = LinkedList()", "short_description": "Create and initialize LinkedList class instance."}, "args": ["self"], "min_max_lineno": {"min_lineno": 30, "max_lineno": 36}}, "__iter__": {"doc": {"long_description": "and iterate through data inside linked list.\n>>> linked_list = LinkedList()\n>>> linked_list.insert_tail(\"tail\")\n>>> linked_list.insert_tail(\"tail_1\")\n>>> linked_list.insert_tail(\"tail_2\")\n>>> for node in linked_list: # __iter__ used here.\n...     node\n'tail'\n'tail_1'\n'tail_2'", "short_description": "This function is intended for iterators to access"}, "args": ["self"], "min_max_lineno": {"min_lineno": 37, "max_lineno": 55}}, "__len__": {"doc": {"long_description": ">>> linked_list = LinkedList()\n>>> len(linked_list)\n0\n>>> linked_list.insert_tail(\"tail\")\n>>> len(linked_list)\n1\n>>> linked_list.insert_head(\"head\")\n>>> len(linked_list)\n2\n>>> _ = linked_list.delete_tail()\n>>> len(linked_list)\n1\n>>> _ = linked_list.delete_head()\n>>> len(linked_list)\n0", "short_description": "Return length of linked list i.e. number of nodes"}, "args": ["self"], "min_max_lineno": {"min_lineno": 56, "max_lineno": 76}, "calls": ["len", "tuple", "iter"]}, "__repr__": {"doc": {"long_description": ">>> linked_list = LinkedList()\n>>> linked_list.insert_tail(1)\n>>> linked_list.insert_tail(3)\n>>> linked_list.__repr__()\n'1->3'", "short_description": "String representation/visualization of a Linked Lists"}, "args": ["self"], "min_max_lineno": {"min_lineno": 77, "max_lineno": 87}, "calls": ["str"]}, "__getitem__": {"doc": {"long_description": ">>> linked_list = LinkedList()\n>>> for i in range(0, 10):\n...     linked_list.insert_nth(i, i)\n>>> all(str(linked_list[i]) == str(i) for i in range(0, 10))\nTrue\n>>> linked_list[-10]\nTraceback (most recent call last):\n...\nValueError: list index out of range.\n>>> linked_list[len(linked_list)]\nTraceback (most recent call last):\n...\nValueError: list index out of range.", "short_description": "Indexing Support. Used to get a node at particular position"}, "args": ["self", "index"], "returns": [["node"]], "min_max_lineno": {"min_lineno": 88, "max_lineno": 110}, "calls": ["enumerate", "ValueError", "len"]}, "__setitem__": {"doc": {"long_description": ">>> for i in range(0, 10):\n...     linked_list.insert_nth(i, i)\n>>> linked_list[0] = 666\n>>> linked_list[0]\n666\n>>> linked_list[5] = -666\n>>> linked_list[5]\n-666\n>>> linked_list[-10] = 666\nTraceback (most recent call last):\n...\nValueError: list index out of range.\n>>> linked_list[len(linked_list)] = 666\nTraceback (most recent call last):\n...\nValueError: list index out of range.", "short_description": ">>> linked_list = LinkedList()"}, "args": ["self", "index", "data"], "min_max_lineno": {"min_lineno": 112, "max_lineno": 138}, "calls": ["range", "ValueError", "len"]}, "insert_tail": {"doc": {"long_description": ">>> linked_list = LinkedList()\n>>> linked_list.insert_tail(\"tail\")\n>>> linked_list\ntail\n>>> linked_list.insert_tail(\"tail_2\")\n>>> linked_list\ntail->tail_2\n>>> linked_list.insert_tail(\"tail_3\")\n>>> linked_list\ntail->tail_2->tail_3", "short_description": "Insert data to the end of linked list."}, "args": ["self", "data"], "min_max_lineno": {"min_lineno": 139, "max_lineno": 154}, "calls": ["singly_linked_list.LinkedList.insert_nth", "len"]}, "insert_head": {"doc": {"long_description": ">>> linked_list = LinkedList()\n>>> linked_list.insert_head(\"head\")\n>>> linked_list\nhead\n>>> linked_list.insert_head(\"head_2\")\n>>> linked_list\nhead_2->head\n>>> linked_list.insert_head(\"head_3\")\n>>> linked_list\nhead_3->head_2->head", "short_description": "Insert data to the beginning of linked list."}, "args": ["self", "data"], "min_max_lineno": {"min_lineno": 155, "max_lineno": 170}, "calls": ["singly_linked_list.LinkedList.insert_nth"]}, "insert_nth": {"doc": {"long_description": ">>> linked_list = LinkedList()\n>>> linked_list.insert_tail(\"first\")\n>>> linked_list.insert_tail(\"second\")\n>>> linked_list.insert_tail(\"third\")\n>>> linked_list\nfirst->second->third\n>>> linked_list.insert_nth(1, \"fourth\")\n>>> linked_list\nfirst->fourth->second->third\n>>> linked_list.insert_nth(3, \"fifth\")\n>>> linked_list\nfirst->fourth->second->fifth->third", "short_description": "Insert data at given index."}, "args": ["self", "index", "data"], "min_max_lineno": {"min_lineno": 171, "max_lineno": 201}, "calls": ["singly_linked_list.Node", "IndexError", "len", "range"], "store_vars_calls": {"new_node": "Node"}}, "print_list": {"doc": {"long_description": ">>> linked_list = LinkedList()\n>>> linked_list.insert_tail(\"first\")\n>>> linked_list.insert_tail(\"second\")\n>>> linked_list.insert_tail(\"third\")\n>>> linked_list\nfirst->second->third", "short_description": "This method prints every node data."}, "args": ["self"], "min_max_lineno": {"min_lineno": 202, "max_lineno": 213}, "calls": ["print"]}, "delete_head": {"doc": {"long_description": "node's data.\n>>> linked_list = LinkedList()\n>>> linked_list.insert_tail(\"first\")\n>>> linked_list.insert_tail(\"second\")\n>>> linked_list.insert_tail(\"third\")\n>>> linked_list\nfirst->second->third\n>>> linked_list.delete_head()\n'first'\n>>> linked_list\nsecond->third\n>>> linked_list.delete_head()\n'second'\n>>> linked_list\nthird\n>>> linked_list.delete_head()\n'third'\n>>> linked_list.delete_head()\nTraceback (most recent call last):\n...\nIndexError: List index out of range.", "short_description": "Delete the first node and return the"}, "args": ["self"], "min_max_lineno": {"min_lineno": 214, "max_lineno": 240}, "calls": ["singly_linked_list.LinkedList.delete_nth"]}, "delete_tail": {"doc": {"long_description": "node's data.\n>>> linked_list = LinkedList()\n>>> linked_list.insert_tail(\"first\")\n>>> linked_list.insert_tail(\"second\")\n>>> linked_list.insert_tail(\"third\")\n>>> linked_list\nfirst->second->third\n>>> linked_list.delete_tail()\n'third'\n>>> linked_list\nfirst->second\n>>> linked_list.delete_tail()\n'second'\n>>> linked_list\nfirst\n>>> linked_list.delete_tail()\n'first'\n>>> linked_list.delete_tail()\nTraceback (most recent call last):\n...\nIndexError: List index out of range.", "short_description": "Delete the tail end node and return the"}, "args": ["self"], "min_max_lineno": {"min_lineno": 241, "max_lineno": 267}, "calls": ["singly_linked_list.LinkedList.delete_nth", "len"]}, "delete_nth": {"doc": {"long_description": "node's data.\n>>> linked_list = LinkedList()\n>>> linked_list.insert_tail(\"first\")\n>>> linked_list.insert_tail(\"second\")\n>>> linked_list.insert_tail(\"third\")\n>>> linked_list\nfirst->second->third\n>>> linked_list.delete_nth(1) # delete middle\n'second'\n>>> linked_list\nfirst->third\n>>> linked_list.delete_nth(5) # this raises error\nTraceback (most recent call last):\n...\nIndexError: List index out of range.\n>>> linked_list.delete_nth(-1) # this also raises error\nTraceback (most recent call last):\n...\nIndexError: List index out of range.", "short_description": "Delete node at given index and return the"}, "args": ["self", "index"], "min_max_lineno": {"min_lineno": 268, "max_lineno": 303}, "calls": ["IndexError", "range", "len"]}, "is_empty": {"doc": {"long_description": ">>> linked_list = LinkedList()\n>>> linked_list.is_empty()\nTrue\n>>> linked_list.insert_head(\"first\")\n>>> linked_list.is_empty()\nFalse", "short_description": "Check if linked list is empty."}, "args": ["self"], "min_max_lineno": {"min_lineno": 304, "max_lineno": 315}}, "reverse": {"doc": {"long_description": ">>> linked_list = LinkedList()\n>>> linked_list.insert_tail(\"first\")\n>>> linked_list.insert_tail(\"second\")\n>>> linked_list.insert_tail(\"third\")\n>>> linked_list\nfirst->second->third\n>>> linked_list.reverse()\n>>> linked_list\nthird->second->first", "short_description": "This reverses the linked list order."}, "args": ["self"], "min_max_lineno": {"min_lineno": 316, "max_lineno": 343}}}}}, "functions": {"test_singly_linked_list": {"doc": {"short_description": ">>> test_singly_linked_list()"}, "min_max_lineno": {"min_lineno": 345, "max_lineno": 388}, "calls": ["singly_linked_list.LinkedList", "range", "singly_linked_list.LinkedList.insert_head", "singly_linked_list.LinkedList.insert_tail", "range", "singly_linked_list.LinkedList.reverse", "singly_linked_list.LinkedList.is_empty", "str", "singly_linked_list.LinkedList.delete_head", "singly_linked_list.LinkedList.delete_tail", "singly_linked_list.LinkedList.insert_nth", "str", "str", "singly_linked_list.LinkedList.delete_head", "singly_linked_list.LinkedList.delete_nth", "singly_linked_list.LinkedList.delete_tail", "len", "str", "all", "all", "str", "len", "str", "str", "str", "str", "range", "range", "range", "range", "range", "range"], "store_vars_calls": {"linked_list": "LinkedList"}}, "test_singly_linked_list_2": {"doc": {"long_description": ">>> test_singly_linked_list_2()", "short_description": "This section of the test used varying data types for input."}, "min_max_lineno": {"min_lineno": 390, "max_lineno": 468}, "calls": ["singly_linked_list.LinkedList", "singly_linked_list.LinkedList.delete_head", "singly_linked_list.LinkedList.delete_tail", "singly_linked_list.LinkedList.delete_nth", "singly_linked_list.LinkedList.insert_head", "singly_linked_list.LinkedList.insert_tail", "singly_linked_list.LinkedList.reverse", "singly_linked_list.Node", "singly_linked_list.Node", "singly_linked_list.LinkedList.insert_tail", "singly_linked_list.LinkedList.is_empty", "str", "str", "str", "str", "singly_linked_list.Node", "str", "str", "str"], "store_vars_calls": {"linked_list": "LinkedList", "result": "linked_list.delete_nth"}}, "main": {"min_max_lineno": {"min_lineno": 472, "max_lineno": 504}, "calls": ["testmod", "singly_linked_list.LinkedList", "singly_linked_list.LinkedList.insert_head", "singly_linked_list.LinkedList.insert_head", "print", "singly_linked_list.LinkedList.print_list", "singly_linked_list.LinkedList.insert_tail", "singly_linked_list.LinkedList.insert_tail", "print", "singly_linked_list.LinkedList.print_list", "print", "singly_linked_list.LinkedList.delete_head", "print", "singly_linked_list.LinkedList.delete_tail", "print", "singly_linked_list.LinkedList.print_list", "print", "singly_linked_list.LinkedList.reverse", "print", "singly_linked_list.LinkedList.print_list", "print", "print", "print", "print", "input().strip", "print", "print", "print", "input().strip", "input().strip", "input().strip", "input().strip", "input", "input", "input", "input", "input", "len"], "store_vars_calls": {"linked_list": "LinkedList"}}}, "main_info": {"main_flag": 1, "main_function": "singly_linked_list.main", "type": "script"}, "is_test": true}