{"file": {"path": "/Users/rakshithagnanasekaran/desktop/Python/data_structures/linked_list/skip_list.py", "fileNameBase": "skip_list", "extension": "py", "doc": {"long_description": "https://epaperpress.com/sortsearch/download/skiplist.pdf", "short_description": "Based on \"Skip Lists: A Probabilistic Alternative to Balanced Trees\" by William Pugh", "full": "Based on \"Skip Lists: A Probabilistic Alternative to Balanced Trees\" by William Pugh\nhttps://epaperpress.com/sortsearch/download/skiplist.pdf"}}, "dependencies": [{"from_module": "__future__", "import": "annotations", "type": "external"}, {"from_module": "random", "import": "random", "type": "external"}, {"from_module": "typing", "import": "Generic", "type": "external"}, {"from_module": "typing", "import": "TypeVar", "type": "external"}], "classes": {"Node": {"min_max_lineno": {"min_lineno": 14, "max_lineno": 48}, "methods": {"__init__": {"args": ["self", "key", "value"], "min_max_lineno": {"min_lineno": 15, "max_lineno": 19}}, "__repr__": {"doc": {"returns": {"description": "Visual representation of Node\n>>> node = Node(\"Key\", 2)\n>>> repr(node)\n'Node(Key: 2)'", "is_generator": false}}, "args": ["self"], "min_max_lineno": {"min_lineno": 20, "max_lineno": 30}}, "level": {"doc": {"returns": {"description": "Number of forward references\n>>> node = Node(\"Key\", 2)\n>>> node.level\n0\n>>> node.forward.append(Node(\"Key2\", 4))\n>>> node.level\n1\n>>> node.forward.append(Node(\"Key3\", 6))\n>>> node.level\n2", "is_generator": false}}, "args": ["self"], "min_max_lineno": {"min_lineno": 31, "max_lineno": 48}, "calls": ["len"]}}}, "SkipList": {"min_max_lineno": {"min_lineno": 50, "max_lineno": 245}, "methods": {"__init__": {"args": ["self", "p", "max_level"], "min_max_lineno": {"min_lineno": 51, "max_lineno": 56}}, "__str__": {"doc": {"returns": {"description": "Visual representation of SkipList\n>>> skip_list = SkipList()\n>>> print(skip_list)\nSkipList(level=0)\n>>> skip_list.insert(\"Key1\", \"Value\")\n>>> print(skip_list) # doctest: +ELLIPSIS\nSkipList(level=...\n[root]--...\n[Key1]--Key1...\nNone    *...\n>>> skip_list.insert(\"Key2\", \"OtherValue\")\n>>> print(skip_list) # doctest: +ELLIPSIS\nSkipList(level=...\n[root]--...\n[Key1]--Key1...\n[Key2]--Key2...\nNone    *...", "is_generator": false}}, "args": ["self"], "min_max_lineno": {"min_lineno": 57, "max_lineno": 106}, "calls": ["list", "max", "node.forward.copy", "lines.append", "lines.append", "lines.append", "len", "max", "len", "lines.append", "lines.append", "len", "str", "len", "len", "len", "len", "str"], "store_vars_calls": {"items": "list", "label_size": "max", "forwards": "node.forward.copy"}}, "__iter__": {"args": ["self"], "min_max_lineno": {"min_lineno": 107, "max_lineno": 113}, "calls": ["len"]}, "random_level": {"doc": {"returns": {"description": "Random level from [1, self.max_level] interval.\nHigher values are less likely.", "is_generator": false}}, "args": ["self"], "returns": [["level"]], "min_max_lineno": {"min_lineno": 114, "max_lineno": 125}, "calls": ["random.random.random"]}, "_locate_node": {"doc": {"args": {"key": {"description": "Searched key,"}}, "returns": {"description": "Tuple with searched node (or None if given key is not present)\nand list of nodes that refer (if key is present) of should refer to\ngiven node.", "is_generator": false}}, "args": ["self", "key"], "returns": [["update_vector"], ["update_vector"]], "min_max_lineno": {"min_lineno": 126, "max_lineno": 160}, "calls": ["reversed", "update_vector.reverse", "range", "update_vector.append", "len"]}, "delete": {"doc": {"args": {"key": {"description": "Key to remove from list.\n>>> skip_list = SkipList()\n>>> skip_list.insert(2, \"Two\")\n>>> skip_list.insert(1, \"One\")\n>>> skip_list.insert(3, \"Three\")\n>>> list(skip_list)\n[1, 2, 3]\n>>> skip_list.delete(2)\n>>> list(skip_list)\n[1, 3]"}}}, "args": ["self", "key"], "min_max_lineno": {"min_lineno": 161, "max_lineno": 186}, "calls": ["skip_list.SkipList._locate_node", "enumerate"]}, "insert": {"doc": {"args": {"key": {"description": "Key to insert."}, "value": {"description": "Value associated with given key.\n>>> skip_list = SkipList()\n>>> skip_list.insert(2, \"Two\")\n>>> skip_list.find(2)\n'Two'\n>>> list(skip_list)\n[2]"}}}, "args": ["self", "key", "value"], "min_max_lineno": {"min_lineno": 187, "max_lineno": 223}, "calls": ["skip_list.SkipList._locate_node", "skip_list.SkipList.random_level", "skip_list.Node", "enumerate", "range", "update_vector.append", "Node.forward.append", "update_node.forward.append"], "store_vars_calls": {"level": "self.random_level", "new_node": "Node"}}, "find": {"doc": {"args": {"key": {"description": "Search key."}}, "returns": {"description": "Value associated with given key or None if given key is not present.\n>>> skip_list = SkipList()\n>>> skip_list.find(2)\n>>> skip_list.insert(2, \"Two\")\n>>> skip_list.find(2)\n'Two'\n>>> skip_list.insert(2, \"Three\")\n>>> skip_list.find(2)\n'Three'", "is_generator": false}}, "args": ["self", "key"], "min_max_lineno": {"min_lineno": 224, "max_lineno": 245}, "calls": ["skip_list.SkipList._locate_node"]}}}}, "functions": {"test_insert": {"min_max_lineno": {"min_lineno": 247, "max_lineno": 265}, "calls": ["skip_list.SkipList", "skip_list.SkipList.insert", "skip_list.SkipList.insert", "skip_list.SkipList.insert", "skip_list.SkipList.insert", "len"], "store_vars_calls": {"skip_list": "SkipList"}}, "test_insert_overrides_existing_value": {"min_max_lineno": {"min_lineno": 267, "max_lineno": 293}, "calls": ["skip_list.SkipList", "skip_list.SkipList.insert", "skip_list.SkipList.insert", "skip_list.SkipList.insert", "skip_list.SkipList.insert", "skip_list.SkipList.insert", "skip_list.SkipList.insert", "skip_list.SkipList.insert", "skip_list.SkipList.insert", "len", "print", "len"], "store_vars_calls": {"skip_list": "SkipList"}}, "test_searching_empty_list_returns_none": {"min_max_lineno": {"min_lineno": 295, "max_lineno": 298}, "calls": ["skip_list.SkipList", "skip_list.SkipList.find"], "store_vars_calls": {"skip_list": "SkipList"}}, "test_search": {"min_max_lineno": {"min_lineno": 300, "max_lineno": 314}, "calls": ["skip_list.SkipList", "skip_list.SkipList.insert", "skip_list.SkipList.insert", "skip_list.SkipList.insert", "skip_list.SkipList.insert", "skip_list.SkipList.find", "skip_list.SkipList.find", "skip_list.SkipList.find", "skip_list.SkipList.find", "skip_list.SkipList.find"], "store_vars_calls": {"skip_list": "SkipList"}}, "test_deleting_item_from_empty_list_do_nothing": {"min_max_lineno": {"min_lineno": 316, "max_lineno": 321}, "calls": ["skip_list.SkipList", "skip_list.SkipList.delete", "len"], "store_vars_calls": {"skip_list": "SkipList"}}, "test_deleted_items_are_not_founded_by_find_method": {"min_max_lineno": {"min_lineno": 323, "max_lineno": 336}, "calls": ["skip_list.SkipList", "skip_list.SkipList.insert", "skip_list.SkipList.insert", "skip_list.SkipList.insert", "skip_list.SkipList.insert", "skip_list.SkipList.delete", "skip_list.SkipList.delete", "skip_list.SkipList.find", "skip_list.SkipList.find"], "store_vars_calls": {"skip_list": "SkipList"}}, "test_delete_removes_only_given_key": {"min_max_lineno": {"min_lineno": 338, "max_lineno": 369}, "calls": ["skip_list.SkipList", "skip_list.SkipList.insert", "skip_list.SkipList.insert", "skip_list.SkipList.insert", "skip_list.SkipList.insert", "skip_list.SkipList.delete", "skip_list.SkipList.delete", "skip_list.SkipList.delete", "skip_list.SkipList.delete", "skip_list.SkipList.find", "skip_list.SkipList.find", "skip_list.SkipList.find", "skip_list.SkipList.find", "skip_list.SkipList.find", "skip_list.SkipList.find", "skip_list.SkipList.find", "skip_list.SkipList.find", "skip_list.SkipList.find", "skip_list.SkipList.find", "skip_list.SkipList.find", "skip_list.SkipList.find", "skip_list.SkipList.find", "skip_list.SkipList.find", "skip_list.SkipList.find", "skip_list.SkipList.find"], "store_vars_calls": {"skip_list": "SkipList"}}, "test_delete_doesnt_leave_dead_nodes": {"min_max_lineno": {"min_lineno": 371, "max_lineno": 387}, "calls": ["skip_list.SkipList", "skip_list.SkipList.insert", "skip_list.SkipList.insert", "skip_list.SkipList.insert", "skip_list.SkipList.insert", "skip_list.SkipList.delete", "len", "set", "skip_list.test_delete_doesnt_leave_dead_nodes.traverse_keys"], "store_vars_calls": {"skip_list": "SkipList"}, "functions": {"traverse_keys": {"args": ["node"], "min_max_lineno": {"min_lineno": 381, "max_lineno": 385}, "calls": ["traverse_keys"]}}}, "test_iter_always_yields_sorted_values": {"min_max_lineno": {"min_lineno": 389, "max_lineno": 407}, "calls": ["skip_list.SkipList", "range", "skip_list.test_iter_always_yields_sorted_values.is_sorted"], "store_vars_calls": {"skip_list": "SkipList"}, "functions": {"is_sorted": {"args": ["lst"], "min_max_lineno": {"min_lineno": 390, "max_lineno": 395}, "calls": ["zip"]}}}, "pytests": {"min_max_lineno": {"min_lineno": 409, "max_lineno": 425}, "calls": ["range", "skip_list.test_insert", "skip_list.test_insert_overrides_existing_value", "skip_list.test_searching_empty_list_returns_none", "skip_list.test_search", "skip_list.test_deleting_item_from_empty_list_do_nothing", "skip_list.test_deleted_items_are_not_founded_by_find_method", "skip_list.test_delete_removes_only_given_key", "skip_list.test_delete_doesnt_leave_dead_nodes", "skip_list.test_iter_always_yields_sorted_values"]}, "main": {"doc": {"short_description": ">>> pytests()"}, "min_max_lineno": {"min_lineno": 427, "max_lineno": 443}, "calls": ["skip_list.SkipList", "skip_list.SkipList.insert", "skip_list.SkipList.insert", "skip_list.SkipList.insert", "skip_list.SkipList.insert", "skip_list.SkipList.insert", "skip_list.SkipList.insert", "skip_list.SkipList.delete", "print"], "store_vars_calls": {"skip_list": "SkipList"}}}, "body": {"calls": ["typing.TypeVar", "typing.TypeVar"], "store_vars_calls": {"KT": "TypeVar", "VT": "TypeVar"}}, "main_info": {"main_flag": 1, "main_function": "skip_list.main", "type": "script"}, "is_test": true}