{"file": {"path": "/Users/rakshithagnanasekaran/desktop/Python/data_structures/linked_list/swap_nodes.py", "fileNameBase": "swap_nodes", "extension": "py"}, "dependencies": [{"from_module": "typing", "import": "Any", "type": "external"}], "classes": {"Node": {"min_max_lineno": {"min_lineno": 4, "max_lineno": 8}, "methods": {"__init__": {"args": ["self", "data"], "min_max_lineno": {"min_lineno": 5, "max_lineno": 8}}}}, "LinkedList": {"min_max_lineno": {"min_lineno": 10, "max_lineno": 44}, "methods": {"__init__": {"args": ["self"], "min_max_lineno": {"min_lineno": 11, "max_lineno": 13}}, "print_list": {"args": ["self"], "min_max_lineno": {"min_lineno": 14, "max_lineno": 20}, "calls": ["print", "print"]}, "push": {"args": ["self", "new_data"], "min_max_lineno": {"min_lineno": 22, "max_lineno": 26}, "calls": ["swap_nodes.Node"], "store_vars_calls": {"new_node": "Node"}}, "swap_nodes": {"args": ["self", "node_data_1", "node_data_2"], "min_max_lineno": {"min_lineno": 28, "max_lineno": 44}}}}}, "main_info": {"main_flag": 1, "type": "script"}, "is_test": false}