{"file": {"path": "/Users/rakshithagnanasekaran/desktop/Python/genetic_algorithm/basic_string.py", "fileNameBase": "basic_string", "extension": "py", "doc": {"long_description": "(Evaluation, Selection, Crossover and Mutation)\nhttps://en.wikipedia.org/wiki/Genetic_algorithm\nAuthor: D4rkia", "short_description": "Simple multithreaded algorithm to show how the 4 phases of a genetic algorithm works", "full": "Simple multithreaded algorithm to show how the 4 phases of a genetic algorithm works\n(Evaluation, Selection, Crossover and Mutation)\nhttps://en.wikipedia.org/wiki/Genetic_algorithm\nAuthor: D4rkia"}}, "dependencies": [{"from_module": "__future__", "import": "annotations", "type": "external"}, {"import": "random", "type": "external"}], "functions": {"basic": {"doc": {"long_description": ">>> from string import ascii_lowercase\n>>> basic(\"doctest\", ascii_lowercase, debug=False)[2]\n'doctest'\n>>> genes = list(ascii_lowercase)\n>>> genes.remove(\"e\")\n>>> basic(\"test\", genes)\nTraceback (most recent call last):\n...\nValueError: ['e'] is not in genes list, evolution cannot converge\n>>> genes.remove(\"s\")\n>>> basic(\"test\", genes)\nTraceback (most recent call last):\n...\nValueError: ['e', 's'] is not in genes list, evolution cannot converge\n>>> genes.remove(\"t\")\n>>> basic(\"test\", genes)\nTraceback (most recent call last):\n...\nValueError: ['e', 's', 't'] is not in genes list, evolution cannot converge", "short_description": "Verify that the target contains no genes besides the ones inside genes variable."}, "args": ["target", "genes", "debug"], "returns": [["item"], ["generation", "total_population"], ["pop"], ["child_1", "child_2"]], "min_max_lineno": {"min_lineno": 24, "max_lineno": 162}, "calls": ["sorted", "range", "ValueError", "ValueError", "population.append", "len", "sorted", "population.clear", "population.extend", "range", "len", "basic_string.basic.evaluate"], "store_vars_calls": {"not_in_genes_list": "sorted", "population_score": "sorted", "score": "len", "random_slice": "random.randint", "child_list": "list"}, "functions": {"evaluate": {"doc": {"long_description": "counting each char in the right position\n>>> evaluate(\"Helxo Worlx\", Hello World)\n[\"Helxo Worlx\", 9]", "short_description": "Evaluate how similar the item is with the target by just"}, "args": ["item", "main_target"], "returns": [["item"]], "min_max_lineno": {"min_lineno": 73, "max_lineno": 84}, "calls": ["len", "float", "enumerate"], "store_vars_calls": {"score": "len"}}, "select": {"doc": {"short_description": "Select the second parent and generate new population"}, "args": ["parent_1"], "returns": [["pop"]], "min_max_lineno": {"min_lineno": 125, "max_lineno": 138}, "calls": ["range", "int", "crossover", "pop.append", "pop.append", "mutate", "mutate", "random.randint"]}, "crossover": {"doc": {"short_description": "Slice and combine two string in a random point"}, "args": ["parent_1", "parent_2"], "returns": [["child_1", "child_2"]], "min_max_lineno": {"min_lineno": 139, "max_lineno": 145}, "calls": ["random.randint", "len"], "store_vars_calls": {"random_slice": "random.randint"}}, "mutate": {"doc": {"short_description": "Mutate a random gene of a child with another one from the list"}, "args": ["child"], "min_max_lineno": {"min_lineno": 146, "max_lineno": 152}, "calls": ["list", "random.uniform", "random.choice", "random.randint", "len"], "store_vars_calls": {"child_list": "list"}}}}}, "body": {"calls": ["random.seed", "random.randint"]}, "main_info": {"main_flag": 1, "main_function": "basic_string.list", "type": "script"}, "is_test": false}