{"file": {"path": "/Users/rakshithagnanasekaran/desktop/Python/digital_image_processing/filters/bilateral_filter.py", "fileNameBase": "bilateral_filter", "extension": "py", "doc": {"long_description": "Inputs:\n    img: A 2d image with values in between 0 and 1\n    varS: variance in space dimension.\n    varI: variance in Intensity.\n    N: Kernel size(Must be an odd number)\nOutput:\n    img:A 2d zero padded image with values in between 0 and 1", "short_description": "Implementation of Bilateral filter", "full": "Implementation of Bilateral filter\n\nInputs:\n    img: A 2d image with values in between 0 and 1\n    varS: variance in space dimension.\n    varI: variance in Intensity.\n    N: Kernel size(Must be an odd number)\nOutput:\n    img:A 2d zero padded image with values in between 0 and 1"}}, "dependencies": [{"import": "math", "type": "external"}, {"import": "sys", "type": "external"}, {"import": "cv2", "type": "external"}, {"import": "numpy", "alias": "np", "type": "external"}], "functions": {"vec_gaussian": {"args": ["img", "variance"], "min_max_lineno": {"min_lineno": 19, "max_lineno": 24}, "calls": ["math.sqrt", "numpy.exp", "math.sqrt"], "store_vars_calls": {"sigma": "math.sqrt"}}, "get_slice": {"args": ["img", "x", "y", "kernel_size"], "min_max_lineno": {"min_lineno": 26, "max_lineno": 29}}, "get_gauss_kernel": {"args": ["kernel_size", "spatial_variance"], "min_max_lineno": {"min_lineno": 31, "max_lineno": 40}, "calls": ["numpy.zeros", "range", "bilateral_filter.vec_gaussian", "range", "math.sqrt", "abs", "abs"], "store_vars_calls": {"arr": "np.zeros"}}, "bilateral_filter": {"args": ["img", "spatial_variance", "intensity_variance", "kernel_size"], "returns": [["img2"]], "min_max_lineno": {"min_lineno": 42, "max_lineno": 62}, "calls": ["numpy.zeros", "bilateral_filter.get_gauss_kernel", "range", "range", "bilateral_filter.get_slice", "bilateral_filter.vec_gaussian", "numpy.multiply", "numpy.multiply", "numpy.sum", "numpy.sum"], "store_vars_calls": {"img2": "np.zeros", "gaussKer": "get_gauss_kernel", "imgS": "get_slice", "imgIG": "vec_gaussian", "weights": "np.multiply", "vals": "np.multiply"}}, "parse_args": {"args": ["args"], "returns": [["filename", "spatial_variance", "intensity_variance", "kernel_size"]], "min_max_lineno": {"min_lineno": 64, "max_lineno": 74}, "calls": ["float", "float", "int", "abs"], "store_vars_calls": {"kernel_size": "int"}}}, "main_info": {"main_flag": 1, "main_function": "bilateral_filter.parse_args", "type": "script"}, "is_test": false}