{"file": {"path": "/Users/rakshithagnanasekaran/desktop/Python/digital_image_processing/filters/convolve.py", "fileNameBase": "convolve", "extension": "py"}, "dependencies": [{"from_module": "cv2", "import": "COLOR_BGR2GRAY", "type": "external"}, {"from_module": "cv2", "import": "cvtColor", "type": "external"}, {"from_module": "cv2", "import": "imread", "type": "external"}, {"from_module": "cv2", "import": "imshow", "type": "external"}, {"from_module": "cv2", "import": "waitKey", "type": "external"}, {"from_module": "numpy", "import": "array", "type": "external"}, {"from_module": "numpy", "import": "dot", "type": "external"}, {"from_module": "numpy", "import": "pad", "type": "external"}, {"from_module": "numpy", "import": "ravel", "type": "external"}, {"from_module": "numpy", "import": "uint8", "type": "external"}, {"from_module": "numpy", "import": "zeros", "type": "external"}], "functions": {"im2col": {"args": ["image", "block_size"], "returns": [["image_array"]], "min_max_lineno": {"min_lineno": 8, "max_lineno": 21}, "calls": ["numpy.zeros", "range", "range", "numpy.ravel"], "store_vars_calls": {"image_array": "zeros", "window": "ravel"}}, "img_convolve": {"args": ["image", "filter_kernel"], "returns": [["dst"]], "min_max_lineno": {"min_lineno": 23, "max_lineno": 38}, "calls": ["numpy.pad", "convolve.im2col", "numpy.ravel", "numpy.dot().reshape", "numpy.dot"], "store_vars_calls": {"image_tmp": "pad", "image_array": "im2col", "kernel_array": "ravel", "dst": "dot().reshape"}}}, "main_info": {"main_flag": 1, "main_function": "convolve.imread", "type": "script"}, "is_test": false}