{"file": {"path": "/Users/rakshithagnanasekaran/desktop/Python/digital_image_processing/filters/gabor_filter.py", "fileNameBase": "gabor_filter", "extension": "py"}, "dependencies": [{"import": "numpy", "alias": "np", "type": "external"}, {"from_module": "cv2", "import": "COLOR_BGR2GRAY", "type": "external"}, {"from_module": "cv2", "import": "CV_8UC3", "type": "external"}, {"from_module": "cv2", "import": "cvtColor", "type": "external"}, {"from_module": "cv2", "import": "filter2D", "type": "external"}, {"from_module": "cv2", "import": "imread", "type": "external"}, {"from_module": "cv2", "import": "imshow", "type": "external"}, {"from_module": "cv2", "import": "waitKey", "type": "external"}], "functions": {"gabor_filter_kernel": {"doc": {"args": {"ksize": {"description": "The kernelsize of the convolutional filter (ksize x ksize)"}, "sigma": {"description": "standard deviation of the gaussian bell curve"}, "theta": {"description": "The orientation of the normal to the parallel stripes\nof Gabor function."}, "lambd": {"description": "Wavelength of the sinusoidal component."}, "gamma": {"description": "The spatial aspect ratio and specifies the ellipticity\nof the support of Gabor function."}, "psi": {"description": "The phase offset of the sinusoidal function.\n>>> gabor_filter_kernel(3, 8, 0, 10, 0, 0).tolist()\n[[0.8027212023735046, 1.0, 0.8027212023735046], [0.8027212023735046, 1.0, 0.8027212023735046], [0.8027212023735046, 1.0, 0.8027212023735046]]"}}}, "args": ["ksize", "sigma", "theta", "lambd", "gamma", "psi"], "returns": [["gabor"]], "min_max_lineno": {"min_lineno": 7, "max_lineno": 56}, "calls": ["numpy.zeros", "range", "range", "numpy.cos", "numpy.sin", "numpy.exp", "numpy.cos"], "store_vars_calls": {"gabor": "np.zeros", "cos_theta": "np.cos", "sin_theta": "np.sin"}}}, "main_info": {"main_flag": 1, "type": "script"}, "is_test": false}