{"file": {"path": "/Users/rakshithagnanasekaran/desktop/Python/digital_image_processing/filters/gaussian_filter.py", "fileNameBase": "gaussian_filter", "extension": "py", "doc": {"short_description": "Implementation of gaussian filter algorithm", "full": "Implementation of gaussian filter algorithm"}}, "dependencies": [{"from_module": "itertools", "import": "product", "type": "external"}, {"from_module": "cv2", "import": "COLOR_BGR2GRAY", "type": "external"}, {"from_module": "cv2", "import": "cvtColor", "type": "external"}, {"from_module": "cv2", "import": "imread", "type": "external"}, {"from_module": "cv2", "import": "imshow", "type": "external"}, {"from_module": "cv2", "import": "waitKey", "type": "external"}, {"from_module": "numpy", "import": "dot", "type": "external"}, {"from_module": "numpy", "import": "exp", "type": "external"}, {"from_module": "numpy", "import": "mgrid", "type": "external"}, {"from_module": "numpy", "import": "pi", "type": "external"}, {"from_module": "numpy", "import": "ravel", "type": "external"}, {"from_module": "numpy", "import": "square", "type": "external"}, {"from_module": "numpy", "import": "uint8", "type": "external"}, {"from_module": "numpy", "import": "zeros", "type": "external"}], "functions": {"gen_gaussian_kernel": {"args": ["k_size", "sigma"], "returns": [["g"]], "min_max_lineno": {"min_lineno": 10, "max_lineno": 15}, "calls": ["numpy.exp", "numpy.square", "numpy.square", "numpy.square"]}, "gaussian_filter": {"args": ["image", "k_size", "sigma"], "returns": [["dst"]], "min_max_lineno": {"min_lineno": 17, "max_lineno": 39}, "calls": ["numpy.zeros", "itertools.product", "gaussian_filter.gen_gaussian_kernel", "numpy.ravel", "numpy.dot().reshape().astype", "range", "range", "numpy.ravel", "numpy.dot().reshape", "numpy.dot"], "store_vars_calls": {"image_array": "zeros", "gaussian_kernel": "gen_gaussian_kernel", "filter_array": "ravel", "dst": "dot().reshape().astype", "window": "ravel"}}}, "main_info": {"main_flag": 1, "main_function": "gaussian_filter.imread", "type": "script"}, "is_test": false}