{"file": {"path": "/Users/rakshithagnanasekaran/desktop/Python/digital_image_processing/filters/median_filter.py", "fileNameBase": "median_filter", "extension": "py", "doc": {"short_description": "Implementation of median filter algorithm", "full": "Implementation of median filter algorithm"}}, "dependencies": [{"from_module": "cv2", "import": "COLOR_BGR2GRAY", "type": "external"}, {"from_module": "cv2", "import": "cvtColor", "type": "external"}, {"from_module": "cv2", "import": "imread", "type": "external"}, {"from_module": "cv2", "import": "imshow", "type": "external"}, {"from_module": "cv2", "import": "waitKey", "type": "external"}, {"from_module": "numpy", "import": "divide", "type": "external"}, {"from_module": "numpy", "import": "int8", "type": "external"}, {"from_module": "numpy", "import": "multiply", "type": "external"}, {"from_module": "numpy", "import": "ravel", "type": "external"}, {"from_module": "numpy", "import": "sort", "type": "external"}, {"from_module": "numpy", "import": "zeros_like", "type": "external"}], "functions": {"median_filter": {"doc": {"args": {"gray_img": {"description": "gray image"}, "mask": {"description": "mask size"}}, "returns": {"description": "image with median filter", "is_generator": false}}, "args": ["gray_img", "mask"], "returns": [["median_img"]], "min_max_lineno": {"min_lineno": 8, "max_lineno": 26}, "calls": ["int", "numpy.zeros_like", "range", "range", "numpy.ravel", "numpy.sort", "numpy.int8", "numpy.divide", "numpy.multiply"], "store_vars_calls": {"bd": "int", "median_img": "zeros_like", "kernel": "ravel"}}}, "main_info": {"main_flag": 1, "main_function": "median_filter.imread", "type": "script"}, "is_test": false}