{"file": {"path": "/Users/rakshithagnanasekaran/desktop/Python/digital_image_processing/filters/sobel_filter.py", "fileNameBase": "sobel_filter", "extension": "py"}, "dependencies": [{"import": "numpy", "alias": "np", "type": "external"}, {"from_module": "cv2", "import": "COLOR_BGR2GRAY", "type": "external"}, {"from_module": "cv2", "import": "cvtColor", "type": "external"}, {"from_module": "cv2", "import": "imread", "type": "external"}, {"from_module": "cv2", "import": "imshow", "type": "external"}, {"from_module": "cv2", "import": "waitKey", "type": "external"}, {"from_module": "digital_image_processing.filters.convolve", "import": "img_convolve", "type": "external"}], "functions": {"sobel_filter": {"args": ["image"], "returns": [["dst", "theta"]], "min_max_lineno": {"min_lineno": 10, "max_lineno": 26}, "calls": ["numpy.array", "numpy.array", "numpy.abs", "numpy.abs", "numpy.sqrt", "np.sqrt.astype", "numpy.arctan2", "digital_image_processing.filters.convolve.img_convolve", "digital_image_processing.filters.convolve.img_convolve", "numpy.max", "numpy.max", "numpy.max", "numpy.square", "numpy.square"], "store_vars_calls": {"kernel_x": "np.array", "kernel_y": "np.array", "dst_x": "np.abs", "dst_y": "np.abs", "dst_xy": "np.sqrt", "dst": "dst_xy.astype", "theta": "np.arctan2"}}}, "main_info": {"main_flag": 1, "main_function": "sobel_filter.imread", "type": "script"}, "is_test": false}