{"file": {"path": "/Users/rakshithagnanasekaran/desktop/inspect4py/test/test_files/BoostingMonocularDepth/structuredrl/models/syncbn/modules/functional/syncbn.py", "fileNameBase": "syncbn", "extension": "py", "doc": {"long_description": "BatchNorm2dSync with multi-gpu\n\ncode referenced from : https://github.com/mapillary/inplace_abn\n\n/*****************************************************************************/", "short_description": "/*****************************************************************************/", "full": "/*****************************************************************************/\n\nBatchNorm2dSync with multi-gpu\n\ncode referenced from : https://github.com/mapillary/inplace_abn\n\n/*****************************************************************************/"}}, "dependencies": [{"from_module": "__future__", "import": "absolute_import", "type": "external"}, {"from_module": "__future__", "import": "division", "type": "external"}, {"from_module": "__future__", "import": "print_function", "type": "external"}, {"import": "torch", "alias": "comm", "type": "external"}, {"from_module": "torch.autograd", "import": "Function", "type": "external"}, {"from_module": "torch.autograd.function", "import": "once_differentiable", "type": "external"}, {"from_module": "_syncbn._ext", "import": "syncbn", "alias": "_lib_bn", "type": "external"}], "classes": {"BatchNorm2dSyncFunc": {"extend": ["Function"], "min_max_lineno": {"min_lineno": 34, "max_lineno": 169}, "methods": {"forward": {"args": ["cls", "ctx", "x", "weight", "bias", "running_mean", "running_var", "extra", "compute_stats", "momentum", "eps"], "returns": [["output"]], "min_max_lineno": {"min_lineno": 36, "max_lineno": 95}, "calls": ["x.new().resize_as_", "syncbn._check_contiguous", "_syncbn._ext.syncbn.syncbn_forward_cuda", "cls._parse_extra", "running_mean.size", "x.new().resize_", "x.new().resize_", "syncbn._check_contiguous", "_syncbn._ext.syncbn.syncbn_sum_sqsum_cuda", "running_mean.mul_().add_", "running_var.mul_().add_", "ctx.save_for_backward", "syncbn._count_samples", "x.detach", "range", "torch.reduce_add", "torch.reduce_add", "torch.broadcast_coalesced", "zip", "ctx.master_queue.put", "ctx.worker_queue.get", "ctx.worker_queue.task_done", "x.new", "x.new", "x.new", "x.new", "x.new", "ctx.master_queue.get", "ctx.master_queue.task_done", "xsums.append", "xsqsums.append", "queue.put", "running_mean.mul_", "running_var.mul_", "mean.get_device"], "store_vars_calls": {"output": "x.new().resize_as_", "num_features": "running_mean.size", "xsum": "comm.reduce_add", "xsqsum": "comm.reduce_add", "tensors": "comm.broadcast_coalesced"}}, "backward": {"args": ["ctx", "dz"], "returns": [["dx", "dweight", "dbias"]], "min_max_lineno": {"min_lineno": 96, "max_lineno": 158}, "calls": ["dz.contiguous.contiguous.contiguous", "syncbn._check_contiguous", "mean.size", "x.new().resize_", "x.new().resize_", "syncbn._check_contiguous", "_syncbn._ext.syncbn.syncbn_backward_xhat_cuda", "_syncbn._ext.syncbn.syncbn_backard_cuda", "dz.contiguous.contiguous.new().resize_as_", "dz.contiguous.contiguous.new().resize_as_().zero_", "dz.contiguous.contiguous.new().resize_as_().zero_", "range", "torch.reduce_add", "torch.reduce_add", "torch.broadcast_coalesced", "zip", "ctx.master_queue.put", "ctx.worker_queue.get", "ctx.worker_queue.task_done", "x.new", "x.new", "ctx.master_queue.get", "ctx.master_queue.task_done", "sum_dzs.append", "sum_dz_xhats.append", "queue.put", "dz.contiguous.contiguous.new", "dz.contiguous.contiguous.new", "dz.contiguous.contiguous.new", "dz.contiguous.contiguous.new", "dz.contiguous.contiguous.new", "dz.contiguous.contiguous.new", "dz.contiguous.contiguous.new().resize_as_", "dz.contiguous.contiguous.new().resize_as_", "mean.get_device", "dz.contiguous.contiguous.new", "dz.contiguous.contiguous.new"], "store_vars_calls": {"dz": "dz.contiguous", "num_features": "mean.size", "sum_dz": "comm.reduce_add", "sum_dz_xhat": "comm.reduce_add", "dx": "dz.new().resize_as_", "dweight": "dz.new().resize_as_().zero_", "dbias": "dz.new().resize_as_().zero_", "tensors": "comm.broadcast_coalesced"}}, "_parse_extra": {"args": ["ctx", "extra"], "min_max_lineno": {"min_lineno": 159, "max_lineno": 169}}}}}, "functions": {"_count_samples": {"args": ["x"], "returns": [["count"]], "min_max_lineno": {"min_lineno": 21, "max_lineno": 27}, "calls": ["enumerate", "x.size"]}, "_check_contiguous": {"min_max_lineno": {"min_lineno": 29, "max_lineno": 32}, "calls": ["all", "ValueError", "mod.is_contiguous"]}}, "is_test": false}