{"file": {"path": "/Users/rakshithagnanasekaran/desktop/inspect4py/test/test_files/demo/demo_example_inheritance.py", "fileNameBase": "demo_example_inheritance", "extension": "py"}, "classes": {"Rectangle": {"min_max_lineno": {"min_lineno": 1, "max_lineno": 8}, "methods": {"__init__": {"args": ["self", "length", "width"], "min_max_lineno": {"min_lineno": 2, "max_lineno": 5}}, "area": {"args": ["self"], "min_max_lineno": {"min_lineno": 6, "max_lineno": 8}}}}, "Square": {"extend": ["Rectangle"], "min_max_lineno": {"min_lineno": 9, "max_lineno": 12}, "methods": {"__init__": {"args": ["self", "length"], "min_max_lineno": {"min_lineno": 10, "max_lineno": 12}, "calls": ["demo_example_inheritance.Rectangle.__init__"]}}}, "VolumeMixin": {"min_max_lineno": {"min_lineno": 13, "max_lineno": 16}, "methods": {"volume": {"args": ["self"], "min_max_lineno": {"min_lineno": 14, "max_lineno": 16}, "calls": ["demo_example_inheritance.VolumeMixin.area"]}}}, "Cube": {"extend": ["VolumeMixin", "Square"], "min_max_lineno": {"min_lineno": 17, "max_lineno": 27}, "methods": {"__init__": {"args": ["self", "length"], "min_max_lineno": {"min_lineno": 18, "max_lineno": 21}, "calls": ["demo_example_inheritance.Square.__init__"]}, "face_area": {"args": ["self"], "min_max_lineno": {"min_lineno": 22, "max_lineno": 24}, "calls": ["demo_example_inheritance.Rectangle.area"]}, "surface_area": {"args": ["self"], "min_max_lineno": {"min_lineno": 25, "max_lineno": 27}, "calls": ["demo_example_inheritance.Rectangle.area"]}}}}, "body": {"calls": ["demo_example_inheritance.Cube", "demo_example_inheritance.Cube.surface_area", "demo_example_inheritance.VolumeMixin.volume", "print"], "store_vars_calls": {"cube": "Cube", "surface": "cube.surface_area", "volume": "cube.volume"}}, "is_test": false}