{"file": {"path": "/Users/rakshithagnanasekaran/desktop/inspect4py/test/test_files/demo/demo_example_argparse.py", "fileNameBase": "demo_example_argparse", "extension": "py", "doc": {"short_description": "Crow's Nest", "full": "Crow's Nest"}}, "dependencies": [{"import": "argparse", "type": "external"}], "functions": {"get_args": {"doc": {"short_description": "Get command-line arguments"}, "min_max_lineno": {"min_lineno": 8, "max_lineno": 18}, "calls": ["argparse.ArgumentParser", "argparse.ArgumentParser.add_argument", "argparse.ArgumentParser.parse_args"], "store_vars_calls": {"parser": "argparse.ArgumentParser"}}, "main": {"doc": {"short_description": "Make a jazz noise here"}, "min_max_lineno": {"min_lineno": 21, "max_lineno": 29}, "calls": ["demo_example_argparse.get_args", "print", "word[].lower"], "store_vars_calls": {"args": "get_args"}}}, "main_info": {"main_flag": 1, "main_function": "demo_example_argparse.main", "type": "script"}, "is_test": false}