{"file": {"path": "/Users/rakshithagnanasekaran/desktop/inspect4py/test/test_files/demo/demo_example_func_main.py", "fileNameBase": "demo_example_func_main", "extension": "py", "doc": {"long_description": "This script allows the user to print to the console all columns in the\nspreadsheet. It is assumed that the first row of the spreadsheet is the\nlocation of the columns.\n\nThis tool accepts comma separated value files (.csv) as well as excel\n(.xls, .xlsx) files.\n\nThis script requires that `pandas` be installed within the Python\nenvironment you are running this script in.\n\nThis file can also be imported as a module and contains the following\nfunctions:\n\n    * get_spreadsheet_cols - returns the column headers of the file\n    * main - the main function of the script", "short_description": "Spreadsheet Column Printer", "full": "Spreadsheet Column Printer\n\nThis script allows the user to print to the console all columns in the\nspreadsheet. It is assumed that the first row of the spreadsheet is the\nlocation of the columns.\n\nThis tool accepts comma separated value files (.csv) as well as excel\n(.xls, .xlsx) files.\n\nThis script requires that `pandas` be installed within the Python\nenvironment you are running this script in.\n\nThis file can also be imported as a module and contains the following\nfunctions:\n\n    * get_spreadsheet_cols - returns the column headers of the file\n    * main - the main function of the script"}}, "dependencies": [{"import": "argparse", "type": "external"}, {"import": "pandas", "alias": "pd", "type": "external"}], "functions": {"get_spreadsheet_cols": {"doc": {"short_description": "Gets and prints the spreadsheet's header columns", "args": {"file_loc": {"description": "The file location of the spreadsheet", "type_name": "str", "is_optional": false}, "print_cols": {"description": "A flag used to print the columns to the console (default is\nFalse)", "type_name": "bool", "is_optional": true, "default": "is"}}, "returns": {"description": "a list of strings used that are the header columns", "type_name": "list", "is_generator": false}}, "args": ["file_loc", "print_cols"], "returns": [["col_headers"]], "min_max_lineno": {"min_lineno": 25, "max_lineno": 49}, "calls": ["pandas.read_excel", "list", "print"], "store_vars_calls": {"file_data": "pd.read_excel", "col_headers": "list"}}, "main": {"min_max_lineno": {"min_lineno": 51, "max_lineno": 60}, "calls": ["argparse.ArgumentParser", "argparse.ArgumentParser.add_argument", "argparse.ArgumentParser.parse_args", "demo_example_func_main.get_spreadsheet_cols"], "store_vars_calls": {"parser": "argparse.ArgumentParser", "args": "parser.parse_args"}}}, "main_info": {"main_flag": 1, "main_function": "demo_example_func_main.main", "type": "script"}, "is_test": false}