{"file": {"path": "/Users/rakshithagnanasekaran/desktop/inspect4py/test/test_files/demo/demo_example_class.py", "fileNameBase": "demo_example_class", "extension": "py"}, "classes": {"Animal": {"doc": {"long_description": "...", "short_description": "A class used to represent an Animal", "full": "A class used to represent an Animal\n\n...\n\nAttributes\n----------\nsays_str : str\n    a formatted string to print out what the animal says\nname : str\n    the name of the animal\nsound : str\n    the sound that the animal makes\nnum_legs : int\n    the number of legs the animal has (default 4)\n\nMethods\n-------\nsays(sound=None)\n    Prints the animals name and what sound it makes"}, "min_max_lineno": {"min_lineno": 1, "max_lineno": 65}, "methods": {"__init__": {"doc": {"args": {"name": {"description": "The name of the animal", "type_name": "str", "is_optional": false}, "sound": {"description": "The sound the animal makes", "type_name": "str", "is_optional": false}, "num_legs": {"description": "The number of legs the animal (default is 4)", "type_name": "int", "is_optional": true, "default": "4"}}}, "args": ["self", "name", "sound", "num_legs"], "min_max_lineno": {"min_lineno": 26, "max_lineno": 41}}, "says": {"doc": {"long_description": "If the argument `sound` isn't passed in, the default Animal\nsound is used.", "short_description": "Prints what the animals name is and what sound it makes.", "args": {"sound": {"description": "The sound the animal makes (default is None)", "type_name": "str", "is_optional": true, "default": "None"}}, "raises": {"0": {"description": "If no sound is set for the animal or passed in as a\nparameter.", "type_name": "NotImplementedError"}}}, "args": ["self", "sound"], "min_max_lineno": {"min_lineno": 42, "max_lineno": 65}, "calls": ["print", "NotImplementedError", "demo_example_class.Animal.says_str.format"]}}}}, "is_test": false}