{"file": {"path": "/Users/rakshithagnanasekaran/desktop/Python/machine_learning/lstm/lstm_prediction.py", "fileNameBase": "lstm_prediction", "extension": "py", "doc": {"long_description": "An LSTM is a type of Recurrent Neural Network (RNN) as discussed at:\n* http://colah.github.io/posts/2015-08-Understanding-LSTMs\n* https://en.wikipedia.org/wiki/Long_short-term_memory", "short_description": "Create a Long Short Term Memory (LSTM) network model", "full": "Create a Long Short Term Memory (LSTM) network model\nAn LSTM is a type of Recurrent Neural Network (RNN) as discussed at:\n* http://colah.github.io/posts/2015-08-Understanding-LSTMs\n* https://en.wikipedia.org/wiki/Long_short-term_memory"}}, "dependencies": [{"import": "numpy", "alias": "np", "type": "external"}, {"import": "pandas", "alias": "pd", "type": "external"}, {"from_module": "sklearn.preprocessing", "import": "MinMaxScaler", "type": "external"}, {"from_module": "tensorflow.keras.layers", "import": "LSTM", "type": "external"}, {"from_module": "tensorflow.keras.layers", "import": "Dense", "type": "external"}, {"from_module": "tensorflow.keras.models", "import": "Sequential", "type": "external"}], "main_info": {"main_flag": 1, "type": "script"}, "is_test": false}