{"file": {"path": "/Users/rakshithagnanasekaran/desktop/inspect4py/test/test_files/demo/demo_20_password/harvest.py", "fileNameBase": "harvest", "extension": "py", "doc": {"long_description": "Date   : 2019-11-23\nPurpose: Harvest parts of speech from texts", "short_description": "Author : Ken Youens-Clark <kyclark@gmail.com>", "full": "Author : Ken Youens-Clark <kyclark@gmail.com>\nDate   : 2019-11-23\nPurpose: Harvest parts of speech from texts"}}, "dependencies": [{"import": "argparse", "type": "external"}, {"import": "os", "type": "external"}, {"import": "spacy", "type": "external"}, {"from_module": "collections", "import": "Counter", "type": "external"}], "functions": {"get_args": {"doc": {"short_description": "Get command-line arguments"}, "min_max_lineno": {"min_lineno": 15, "max_lineno": 43}, "calls": ["argparse.ArgumentParser", "argparse.ArgumentParser.add_argument", "argparse.ArgumentParser.add_argument", "argparse.ArgumentParser.add_argument", "argparse.ArgumentParser.parse_args", "argparse.FileType"], "store_vars_calls": {"parser": "argparse.ArgumentParser"}}, "main": {"doc": {"short_description": "Make a jazz noise here"}, "min_max_lineno": {"min_lineno": 46, "max_lineno": 86}, "calls": ["harvest.get_args", "spacy.load", "harvest.main.write"], "store_vars_calls": {"args": "get_args", "nlp": "spacy.load", "doc": "nlp", "out_fh": "open"}, "functions": {"limiter": {"args": ["words"], "min_max_lineno": {"min_lineno": 72, "max_lineno": 75}, "calls": ["sorted", "sorted", "list", "map", "words.most_common"]}, "write": {"args": ["words", "name"], "min_max_lineno": {"min_lineno": 76, "max_lineno": 80}, "calls": ["open", "open.write", "os.path.join", "limiter"], "store_vars_calls": {"out_fh": "open"}}}}}, "main_info": {"main_flag": 1, "main_function": "harvest.main", "type": "script"}, "is_test": false}