{"file": {"path": "/Users/rakshithagnanasekaran/desktop/inspect4py/test/test_files/demo/demo_20_password/password.py", "fileNameBase": "password", "extension": "py", "doc": {"short_description": "Password maker, https://xkcd.com/936/", "full": "Password maker, https://xkcd.com/936/"}}, "dependencies": [{"import": "argparse", "type": "external"}, {"import": "random", "type": "external"}, {"import": "re", "type": "external"}, {"import": "string", "type": "external"}], "functions": {"get_args": {"doc": {"short_description": "Get command-line arguments"}, "min_max_lineno": {"min_lineno": 11, "max_lineno": 64}, "calls": ["argparse.ArgumentParser", "argparse.ArgumentParser.add_argument", "argparse.ArgumentParser.add_argument", "argparse.ArgumentParser.add_argument", "argparse.ArgumentParser.add_argument", "argparse.ArgumentParser.add_argument", "argparse.ArgumentParser.add_argument", "argparse.ArgumentParser.add_argument", "argparse.ArgumentParser.parse_args", "argparse.FileType"], "store_vars_calls": {"parser": "argparse.ArgumentParser"}}, "main": {"min_max_lineno": {"min_lineno": 67, "max_lineno": 89}, "calls": ["password.get_args", "random.seed", "set", "sorted", "print", "map", "len", "filter", "random.sample", "range", "map", "sorted.add", "line.lower().split", "word.title", "line.lower"], "store_vars_calls": {"args": "get_args", "words": "sorted", "passwords": "map"}, "functions": {"word_len": {"args": ["word"], "min_max_lineno": {"min_lineno": 72, "max_lineno": 74}, "calls": ["len"]}}}, "clean": {"doc": {"short_description": "Remove non-word characters from word"}, "args": ["word"], "min_max_lineno": {"min_lineno": 92, "max_lineno": 96}, "calls": ["re.sub"]}, "l33t": {"doc": {"short_description": "l33t"}, "args": ["text"], "min_max_lineno": {"min_lineno": 99, "max_lineno": 107}, "calls": ["password.ransom", "str.maketrans", "ransom.translate", "random.choice"], "store_vars_calls": {"text": "ransom", "xform": "str.maketrans"}}, "ransom": {"doc": {"short_description": "Randomly choose an upper or lowercase letter to return"}, "args": ["text"], "min_max_lineno": {"min_lineno": 110, "max_lineno": 115}, "calls": ["map", "random.choice", "c.upper", "c.lower"]}}, "main_info": {"main_flag": 1, "main_function": "password.main", "type": "script"}, "is_test": false}