{"file": {"path": "/Users/rakshithagnanasekaran/desktop/inspect4py/test/test_files/demo/demo_20_password/unit.py", "fileNameBase": "unit", "extension": "py"}, "dependencies": [{"import": "random", "type": "external"}, {"from_module": "password", "import": "clean", "type": "internal"}, {"from_module": "password", "import": "ransom", "type": "internal"}, {"from_module": "password", "import": "l33t", "type": "internal"}], "functions": {"test_clean": {"doc": {"short_description": "Test clean"}, "min_max_lineno": {"min_lineno": 6, "max_lineno": 12}, "calls": ["password.clean", "password.clean", "password.clean"]}, "test_ransom": {"doc": {"short_description": "Test ransom"}, "min_max_lineno": {"min_lineno": 15, "max_lineno": 23}, "calls": ["random.getstate", "random.seed", "random.setstate", "password.ransom", "password.ransom"], "store_vars_calls": {"state": "random.getstate"}}, "test_l33t": {"doc": {"short_description": "Test l33t"}, "min_max_lineno": {"min_lineno": 26, "max_lineno": 34}, "calls": ["random.getstate", "random.seed", "random.setstate", "password.l33t", "password.l33t"], "store_vars_calls": {"state": "random.getstate"}}}, "is_test": true}