{"file": {"path": "/Users/rakshithagnanasekaran/desktop/Python/digital_image_processing/histogram_equalization/histogram_stretch.py", "fileNameBase": "histogram_stretch", "extension": "py", "doc": {"long_description": "@author: Binish125", "short_description": "Created on Fri Sep 28 15:22:29 2018", "full": "Created on Fri Sep 28 15:22:29 2018\n\n@author: Binish125"}}, "dependencies": [{"import": "copy", "type": "external"}, {"import": "os", "type": "external"}, {"import": "cv2", "type": "external"}, {"import": "numpy", "alias": "np", "type": "external"}, {"from_module": "matplotlib", "import": "pyplot", "alias": "plt", "type": "external"}], "classes": {"contrastStretch": {"min_max_lineno": {"min_lineno": 14, "max_lineno": 56}, "methods": {"__init__": {"args": ["self"], "min_max_lineno": {"min_lineno": 15, "max_lineno": 25}}, "stretch": {"args": ["self", "input_image"], "min_max_lineno": {"min_lineno": 26, "max_lineno": 47}, "calls": ["cv2.imread", "copy.deepcopy", "matplotlib.pyplot.hist", "numpy.sum", "range", "range", "cv2.imwrite", "histogram_stretch.contrastStretch.img.ravel", "len", "int", "histogram_stretch.contrastStretch.last_list.append", "int", "range", "int", "numpy.ma.count"], "store_vars_calls": {"self.img": "cv2.imread", "self.original_image": "copy.deepcopy", "self.k": "np.sum", "last": "int", "self.number_of_rows": "int", "self.rem": "int"}}, "plotHistogram": {"args": ["self"], "min_max_lineno": {"min_lineno": 48, "max_lineno": 50}, "calls": ["matplotlib.pyplot.hist", "histogram_stretch.contrastStretch.img.ravel"]}, "showImage": {"args": ["self"], "min_max_lineno": {"min_lineno": 51, "max_lineno": 56}, "calls": ["cv2.imshow", "cv2.imshow", "cv2.waitKey", "cv2.destroyAllWindows"]}}}}, "main_info": {"main_flag": 1, "main_function": "histogram_stretch.os.path.join", "type": "script"}, "is_test": false}