{"file": {"path": "/Users/rakshithagnanasekaran/desktop/inspect4py/test/test_files/pylops/examples/plot_wavelet.py", "fileNameBase": "plot_wavelet", "extension": "py", "doc": {"long_description": "=================\nThis example shows how to use the :py:class:`pylops.DWT` and", "short_description": "Wavelet transform", "full": "Wavelet transform\n=================\nThis example shows how to use the :py:class:`pylops.DWT` and\n:py:class:`pylops.DWT2D` operators to perform 1- and 2-dimensional DWT."}}, "dependencies": [{"import": "numpy", "alias": "np", "type": "external"}, {"import": "matplotlib", "alias": "plt", "type": "external"}, {"import": "pylops", "type": "external"}], "body": {"calls": ["numpy.sum", "pylops.signalprocessing.DWT", "y.copy", "pylops.signalprocessing.DWT2D", "y.copy", "iminv.reshape.reshape", "matplotlib.subplots", "matplotlib.close", "matplotlib.figure", "matplotlib.plot", "matplotlib.plot", "matplotlib.title", "matplotlib.figure", "matplotlib.plot", "matplotlib.plot", "matplotlib.title", "axs[].imshow", "axs[].set_title", "axs[].axis", "axs[].imshow", "y.reshape", "axs[].set_title", "axs[].axis", "axs[].imshow", "axs[].set_title", "axs[].axis"], "store_vars_calls": {"x": "np.sum", "Wop": "pylops.signalprocessing.DWT2D", "yf": "y.copy", "iminv": "iminv.reshape", "null": "plt.subplots"}}, "is_test": false}