{"file": {"path": "/Users/rakshithagnanasekaran/desktop/inspect4py/test/test_files/pylops/examples/plot_zero.py", "fileNameBase": "plot_zero", "extension": "py", "doc": {"long_description": "====\n\nThis example shows how to use the :py:class:`pylops.basicoperators.Zero` operator.\nThis operators simply zeroes the data in forward mode and the model in adjoint mode.", "short_description": "Zero", "full": "Zero\n====\n\nThis example shows how to use the :py:class:`pylops.basicoperators.Zero` operator.\nThis operators simply zeroes the data in forward mode and the model in adjoint mode."}}, "dependencies": [{"import": "numpy", "alias": "np", "type": "external"}, {"import": "matplotlib", "alias": "plt", "type": "external"}, {"import": "matplotlib", "alias": "pltgs", "type": "external"}, {"import": "pylops", "type": "external"}], "body": {"calls": ["numpy.arange", "pylops.basicoperators.Zero", "matplotlib.GridSpec", "matplotlib.figure", "matplotlib.subplot", "matplotlib.subplot", "plt.subplot.imshow", "matplotlib.subplot", "matplotlib.subplot", "numpy.arange", "pylops.Zero", "numpy.arange", "pylops.Zero", "matplotlib.close", "plt.subplot.imshow", "numpy.zeros", "plt.subplot.set_title", "plt.subplot.set_xticks", "plt.subplot.set_yticks", "plt.subplot.grid", "plt.subplot.xaxis.set_ticklabels", "plt.subplot.yaxis.set_ticklabels", "plt.subplot.set_title", "plt.subplot.set_xticks", "plt.subplot.set_yticks", "plt.subplot.grid", "plt.subplot.xaxis.set_ticklabels", "plt.subplot.yaxis.set_ticklabels", "plt.subplot.text", "plt.subplot.axis", "plt.subplot.imshow", "plt.subplot.set_title", "plt.subplot.set_xticks", "plt.subplot.set_yticks", "plt.subplot.grid", "plt.subplot.xaxis.set_ticklabels", "plt.subplot.yaxis.set_ticklabels", "plt.figure.colorbar", "print", "print", "print", "print", "print", "print"], "store_vars_calls": {"x": "np.arange", "Zop": "pylops.Zero", "gs": "pltgs.GridSpec", "fig": "plt.figure", "ax": "plt.subplot", "im": "ax.imshow"}}, "is_test": false}