{"file": {"path": "/Users/rakshithagnanasekaran/desktop/inspect4py/test/test_files/pylops/examples/plot_patching.py", "fileNameBase": "plot_patching", "extension": "py", "doc": {"long_description": "===========\nThis example shows how to use the :py:class:`pylops.signalprocessing.Patch2D`\noperator to perform repeated transforms over small patches of a 2-dimensional\narray. The transform that we apply in this example is the", "short_description": "2D Patching", "full": "2D Patching\n===========\nThis example shows how to use the :py:class:`pylops.signalprocessing.Patch2D`\noperator to perform repeated transforms over small patches of a 2-dimensional\narray. The transform that we apply in this example is the\n:py:class:`pylops.signalprocessing.FFT2D` but this operator has been\ndesign to allow a variety of transforms as long as they operate with signals\nthat are 2-dimensional in nature, respectively."}}, "dependencies": [{"import": "numpy", "alias": "np", "type": "external"}, {"import": "matplotlib", "alias": "plt", "type": "external"}, {"import": "pylops", "type": "external"}], "body": {"calls": ["pylops.utils.seismicevents.makeaxis", "pylops.utils.seismicevents.parabolic2d", "pylops.signalprocessing.FFT2D", "pylops.signalprocessing.Patch2D", "pylops.signalprocessing.Patch2D", "numpy.real", "np.real.reshape", "numpy.zeros", "matplotlib.subplots", "axs[].imshow", "axs[].imshow", "matplotlib.close", "axs[].set_title", "matplotlib.colorbar", "axs[].axis", "axs[].set_title", "matplotlib.colorbar", "axs[].axis", "axs[].imshow", "axs[].set_title", "axs[].axis", "matplotlib.tight_layout"], "store_vars_calls": {"null": "plt.subplots", "Op": "pylops.signalprocessing.FFT2D", "Slid": "pylops.signalprocessing.Patch2D", "reconstructed_data": "np.real", "fftdatareshaped": "np.zeros", "im": "axs[].imshow"}}, "is_test": false}