{"file": {"path": "/Users/rakshithagnanasekaran/desktop/inspect4py/test/test_files/pylops/examples/plot_prestack.py", "fileNameBase": "plot_prestack", "extension": "py", "doc": {"long_description": "===================\nThis example shows how to create pre-stack angle gathers using\nthe :py:class:`pylops.avo.prestack.PrestackLinearModelling` operator.", "short_description": "Pre-stack modelling", "full": "Pre-stack modelling\n===================\nThis example shows how to create pre-stack angle gathers using\nthe :py:class:`pylops.avo.prestack.PrestackLinearModelling` operator."}}, "dependencies": [{"import": "numpy", "alias": "np", "type": "external"}, {"import": "matplotlib", "alias": "plt", "type": "external"}, {"from_module": "scipy.signal", "import": "filtfilt", "type": "external"}, {"import": "pylops", "type": "external"}, {"from_module": "pylops.utils.wavelets", "import": "ricker", "type": "external"}], "body": {"calls": ["numpy.linspace", "pylops.utils.wavelets.ricker", "numpy.linspace", "numpy.stack", "matplotlib.subplots", "pylops.avo.prestack.PrestackLinearModelling", "pylops.avo.prestack.PrestackLinearModelling", "dPP_const.reshape.reshape", "dPP_variant.reshape.reshape", "matplotlib.figure", "matplotlib.subplot2grid", "matplotlib.subplot2grid", "matplotlib.subplot2grid", "matplotlib.subplot2grid", "matplotlib.close", "numpy.random.seed", "axs[].plot", "axs[].set_title", "axs[].set_ylabel", "axs[].invert_yaxis", "axs[].grid", "axs[].plot", "axs[].set_title", "axs[].invert_yaxis", "axs[].grid", "axs[].plot", "axs[].set_title", "axs[].invert_yaxis", "axs[].grid", "plt.subplot2grid.imshow", "plt.subplot2grid.set_xlabel", "plt.subplot2grid.set_ylabel", "plt.subplot2grid.set_title", "plt.subplot2grid.axis", "plt.subplot2grid.imshow", "plt.subplot2grid.set_title", "plt.subplot2grid.set_xlabel", "plt.subplot2grid.axis", "plt.subplot2grid.plot", "plt.subplot2grid.plot", "plt.subplot2grid.set_title", "plt.subplot2grid.set_xlabel", "plt.subplot2grid.plot", "plt.subplot2grid.plot", "plt.subplot2grid.set_title", "plt.subplot2grid.set_xlabel", "plt.subplot2grid.legend", "matplotlib.tight_layout"], "store_vars_calls": {"theta": "np.linspace", "null": "plt.subplots", "vsvp_z": "np.linspace", "m": "np.stack", "PPop_const": "pylops.avo.prestack.PrestackLinearModelling", "PPop_variant": "pylops.avo.prestack.PrestackLinearModelling", "dPP_const": "dPP_const.reshape", "dPP_variant": "dPP_variant.reshape", "fig": "plt.figure", "ax1": "plt.subplot2grid", "ax2": "plt.subplot2grid", "ax3": "plt.subplot2grid", "ax4": "plt.subplot2grid"}}, "is_test": false}