{"file": {"path": "/Users/rakshithagnanasekaran/desktop/inspect4py/test/test_files/pylops/examples/plot_smoothing1d.py", "fileNameBase": "plot_smoothing1d", "extension": "py", "doc": {"long_description": "============\n\nThis example shows how to use the :py:class:`pylops.Smoothing1D` operator\nto smooth an input signal along a given axis.\n\nDerivative (or roughening) operators are generally used *regularization*\nin inverse problems. Smoothing has the opposite effect of roughening and\nit can be employed as *preconditioning* in inverse problems.\n\nA smoothing operator is a simple compact filter on lenght :math:`n_{smooth}`\nand each elements is equal to :math:`1/n_{smooth}`.", "short_description": "1D Smoothing", "full": "1D Smoothing\n============\n\nThis example shows how to use the :py:class:`pylops.Smoothing1D` operator\nto smooth an input signal along a given axis.\n\nDerivative (or roughening) operators are generally used *regularization*\nin inverse problems. Smoothing has the opposite effect of roughening and\nit can be employed as *preconditioning* in inverse problems.\n\nA smoothing operator is a simple compact filter on lenght :math:`n_{smooth}`\nand each elements is equal to :math:`1/n_{smooth}`."}}, "dependencies": [{"import": "numpy", "alias": "np", "type": "external"}, {"import": "matplotlib", "alias": "plt", "type": "external"}, {"import": "pylops", "type": "external"}], "body": {"calls": ["numpy.zeros", "pylops.Smoothing1D", "matplotlib.subplots", "numpy.random.normal", "pylops.Smoothing1D", "matplotlib.subplots", "numpy.zeros", "pylops.Smoothing1D", "numpy.reshape", "matplotlib.subplots", "axs[].imshow", "axs[].imshow", "matplotlib.close", "ax.plot", "ax.plot", "ax.set_title", "ax.legend", "ax.plot", "ax.plot", "ax.plot", "ax.set_title", "ax.legend", "fig.suptitle", "axs[].axis", "axs[].set_title", "matplotlib.colorbar", "axs[].axis", "axs[].set_title", "matplotlib.colorbar", "matplotlib.tight_layout", "matplotlib.subplots_adjust"], "store_vars_calls": {"x": "np.random.normal", "Sop": "pylops.Smoothing1D", "null": "plt.subplots", "A": "np.zeros", "B": "np.reshape", "im": "axs[].imshow"}}, "is_test": false}