{"file": {"path": "/Users/rakshithagnanasekaran/desktop/inspect4py/test/test_files/pylops/examples/plot_linearregr.py", "fileNameBase": "plot_linearregr", "extension": "py", "doc": {"long_description": "=================\n\nThis example shows how to use the :py:class:`pylops.LinearRegression` operator\nto perform *Linear regression analysis*.\n\nIn short, linear regression is the problem of finding the best fitting\ncoefficients, namely intercept :math:`\\mathbf{x_0}` and gradient", "short_description": "Linear Regression", "full": "Linear Regression\n=================\n\nThis example shows how to use the :py:class:`pylops.LinearRegression` operator\nto perform *Linear regression analysis*.\n\nIn short, linear regression is the problem of finding the best fitting\ncoefficients, namely intercept :math:`\\mathbf{x_0}` and gradient\n:math:`\\mathbf{x_1}`, for this equation:\n\n    .. math::\n        y_i = x_0 + x_1 t_i   \\qquad \\forall i=1,2,...,N\n\nAs we can express this problem in a matrix form:\n\n    .. math::\n        \\mathbf{y}=  \\mathbf{A} \\mathbf{x}\n\nour solution can be obtained by solving the following optimization problem:\n\n    .. math::\n        J= ||\\mathbf{y} - \\mathbf{A} \\mathbf{x}||_2\n\nSee documentation of :py:class:`pylops.LinearRegression` for more detailed\ndefinition of the forward problem."}}, "dependencies": [{"import": "numpy", "alias": "np", "type": "external"}, {"import": "matplotlib", "alias": "plt", "type": "external"}, {"import": "pylops", "type": "external"}], "body": {"calls": ["numpy.array", "numpy.arange", "pylops.LinearRegression", "numpy.linspace", "pylops.LinearRegression.apply", "pylops.optimization.sparsity.IRLS", "matplotlib.subplots", "matplotlib.close", "numpy.random.seed", "matplotlib.figure", "matplotlib.plot", "numpy.array", "matplotlib.plot", "numpy.array", "matplotlib.plot", "numpy.array", "matplotlib.scatter", "matplotlib.scatter", "matplotlib.legend", "matplotlib.figure", "matplotlib.plot", "matplotlib.plot", "matplotlib.scatter", "matplotlib.scatter", "matplotlib.legend", "print", "matplotlib.figure", "matplotlib.plot", "numpy.array", "matplotlib.plot", "numpy.array", "matplotlib.plot", "numpy.array", "matplotlib.scatter", "matplotlib.scatter", "matplotlib.legend", "fig.suptitle", "axs[].plot", "axs[].scatter", "axs[].set_title", "axs[].grid", "axs[].set_title", "axs[].legend", "matplotlib.tight_layout", "matplotlib.subplots_adjust"], "store_vars_calls": {"x": "np.array", "t": "np.arange", "LRop": "pylops.LinearRegression", "t1": "np.linspace", "y1": "LRop.apply", "null": "plt.subplots"}}, "is_test": false}