{"file": {"path": "/Users/rakshithagnanasekaran/desktop/inspect4py/test/test_files/pylops/examples/plot_stacking.py", "fileNameBase": "plot_stacking", "extension": "py", "doc": {"long_description": "=======================\n\nThis example shows how to use 'stacking' operators such as", "short_description": "Operators concatenation", "full": "Operators concatenation\n=======================\n\nThis example shows how to use 'stacking' operators such as\n:py:class:`pylops.VStack`, :py:class:`pylops.HStack`,\n:py:class:`pylops.Block`, :py:class:`pylops.BlockDiag`,\nand :py:class:`pylops.Kronecker`.\n\nThese operators allow for different combinations of multiple linear operators\nin a single operator. Such functionalities are used within PyLops as the basis\nfor the creation of complex operators as well as in the definition of various\ntypes of optimization problems with regularization or preconditioning.\n\nSome of this operators naturally lend to embarassingly parallel computations.\nWithin PyLops we leverage the multiprocessing module to run multiple processes\nat the same time evaluating a subset of the operators involved in one of the\nstacking operations."}}, "dependencies": [{"import": "numpy", "alias": "np", "type": "external"}, {"import": "matplotlib", "alias": "plt", "type": "external"}, {"import": "pylops", "type": "external"}], "body": {"calls": ["pylops.SecondDerivative", "pylops.SecondDerivative", "numpy.zeros", "numpy.reshape", "matplotlib.subplots", "axs[].imshow", "axs[].imshow", "numpy.zeros", "pylops.VStack", "numpy.reshape", "matplotlib.subplots", "axs[].imshow", "axs[].imshow", "numpy.zeros", "pylops.HStack", "numpy.reshape", "matplotlib.subplots", "axs[].imshow", "axs[].imshow", "pylops.Block", "numpy.reshape", "matplotlib.subplots", "axs[].imshow", "axs[].imshow", "pylops.BlockDiag", "numpy.reshape", "matplotlib.subplots", "axs[].imshow", "axs[].imshow", "numpy.zeros", "pylops.BlockDiag", "numpy.reshape", "matplotlib.subplots", "axs[].imshow", "axs[].imshow", "numpy.array", "numpy.array", "numpy.kron", "pylops.MatrixMult", "pylops.MatrixMult", "pylops.Kronecker", "numpy.ones", "np.kron.dot", "pylops.Identity", "pylops.FirstDerivative", "numpy.zeros", "pylops.Kronecker", "Y.reshape.reshape", "matplotlib.subplots", "axs[].imshow", "axs[].imshow", "matplotlib.close", "fig.suptitle", "axs[].axis", "axs[].set_title", "matplotlib.colorbar", "axs[].axis", "axs[].set_title", "matplotlib.colorbar", "matplotlib.tight_layout", "matplotlib.subplots_adjust", "fig.suptitle", "axs[].axis", "axs[].set_title", "matplotlib.colorbar", "axs[].axis", "axs[].set_title", "matplotlib.colorbar", "matplotlib.tight_layout", "matplotlib.subplots_adjust", "fig.suptitle", "axs[].axis", "axs[].set_title", "matplotlib.colorbar", "axs[].axis", "axs[].set_title", "matplotlib.colorbar", "matplotlib.tight_layout", "matplotlib.subplots_adjust", "fig.suptitle", "axs[].axis", "axs[].set_title", "matplotlib.colorbar", "axs[].axis", "axs[].set_title", "matplotlib.colorbar", "matplotlib.tight_layout", "matplotlib.subplots_adjust", "fig.suptitle", "axs[].axis", "axs[].set_title", "matplotlib.colorbar", "axs[].axis", "axs[].set_title", "matplotlib.colorbar", "matplotlib.tight_layout", "matplotlib.subplots_adjust", "print", "pylops.BlockDiag.pool.close", "fig.suptitle", "axs[].axis", "axs[].set_title", "matplotlib.colorbar", "axs[].axis", "axs[].set_title", "matplotlib.colorbar", "matplotlib.tight_layout", "matplotlib.subplots_adjust", "print", "print", "print", "print", "print", "fig.suptitle", "axs[].axis", "axs[].set_title", "matplotlib.colorbar", "axs[].axis", "axs[].set_title", "matplotlib.colorbar", "matplotlib.tight_layout", "matplotlib.subplots_adjust"], "store_vars_calls": {"D2hop": "pylops.Kronecker", "D2vop": "pylops.SecondDerivative", "X": "np.zeros", "Y": "Y.reshape", "null": "plt.subplots", "im": "axs[].imshow", "Dstack": "pylops.VStack", "Hstackop": "pylops.HStack", "Bop": "pylops.MatrixMult", "BD": "pylops.BlockDiag", "A": "np.array", "B": "np.array", "AB": "np.kron", "Aop": "pylops.MatrixMult", "ABop": "pylops.Kronecker", "x": "np.ones", "y": "AB.dot", "Iop": "pylops.Identity"}}, "is_test": false}