{"file": {"path": "/Users/rakshithagnanasekaran/desktop/inspect4py/test/test_files/pylops/examples/plot_tapers.py", "fileNameBase": "plot_tapers", "extension": "py", "doc": {"long_description": "======\nThis example shows how to create some basic tapers in 1d, 2d, and 3d\nusing the :py:mod:`pylops.utils.tapers` module.", "short_description": "Tapers", "full": "Tapers\n======\nThis example shows how to create some basic tapers in 1d, 2d, and 3d\nusing the :py:mod:`pylops.utils.tapers` module."}}, "dependencies": [{"import": "matplotlib", "alias": "plt", "type": "external"}, {"import": "pylops", "type": "external"}], "body": {"calls": ["pylops.utils.tapers.hanningtaper", "pylops.utils.tapers.cosinetaper", "pylops.utils.tapers.cosinetaper", "pylops.utils.tapers.taper2d", "pylops.utils.tapers.taper3d", "matplotlib.close", "matplotlib.figure", "matplotlib.plot", "matplotlib.plot", "matplotlib.plot", "matplotlib.title", "matplotlib.legend", "matplotlib.figure", "matplotlib.plot", "matplotlib.title", "matplotlib.figure", "matplotlib.imshow", "matplotlib.title", "matplotlib.xlabel", "matplotlib.ylabel"], "store_vars_calls": {"tap_han": "pylops.utils.tapers.hanningtaper", "tap_cos": "pylops.utils.tapers.cosinetaper", "tap_cos2": "pylops.utils.tapers.cosinetaper", "tap2d": "pylops.utils.tapers.taper2d", "tap3d": "pylops.utils.tapers.taper3d"}}, "is_test": false}