{"file": {"path": "/Users/rakshithagnanasekaran/desktop/inspect4py/test/test_files/pylops/examples/plot_pad.py", "fileNameBase": "plot_pad", "extension": "py", "doc": {"long_description": "=======\nThis example shows how to use the :py:class:`pylops.Pad` operator to zero-pad a\nmodel", "short_description": "Padding", "full": "Padding\n=======\nThis example shows how to use the :py:class:`pylops.Pad` operator to zero-pad a\nmodel"}}, "dependencies": [{"import": "numpy", "alias": "np", "type": "external"}, {"import": "matplotlib", "alias": "plt", "type": "external"}, {"import": "matplotlib", "alias": "pltgs", "type": "external"}, {"import": "pylops", "type": "external"}], "body": {"calls": ["pylops.Pad", "pylops.Pad", "y.reshape.reshape", "xadj.reshape.reshape", "matplotlib.subplots", "matplotlib.close", "print", "print", "print", "fig.suptitle", "axs[].imshow", "axs[].set_title", "axs[].axis", "axs[].imshow", "axs[].set_title", "axs[].axis", "axs[].imshow", "axs[].set_title", "axs[].axis"], "store_vars_calls": {"Pop": "pylops.Pad", "y": "y.reshape", "xadj": "xadj.reshape", "null": "plt.subplots"}}, "is_test": false}