{"file": {"path": "/Users/rakshithagnanasekaran/desktop/inspect4py/test/test_files/pylops/examples/plot_causalintegration.py", "fileNameBase": "plot_causalintegration", "extension": "py", "doc": {"long_description": "==================\n\nThis example shows how to use the :py:class:`pylops.CausalIntegration`\noperator to integrate an input signal (in forward mode) and to apply a smooth,\nregularized derivative (in inverse mode). This is a very interesting\nby-product of this operator which may result very useful when the data\nto which you want to apply a numerical derivative is noisy.", "short_description": "Causal Integration", "full": "Causal Integration\n==================\n\nThis example shows how to use the :py:class:`pylops.CausalIntegration`\noperator to integrate an input signal (in forward mode) and to apply a smooth,\nregularized derivative (in inverse mode). This is a very interesting\nby-product of this operator which may result very useful when the data\nto which you want to apply a numerical derivative is noisy."}}, "dependencies": [{"import": "numpy", "alias": "np", "type": "external"}, {"import": "matplotlib", "alias": "plt", "type": "external"}, {"import": "pylops", "type": "external"}], "body": {"calls": ["numpy.sin", "pylops.CausalIntegration", "pylops.FirstDerivative", "matplotlib.subplots", "pylops.FirstDerivative", "pylops.SecondDerivative", "pylops.RegularizedInversion", "pylops.Smoothing1D", "pylops.PreconditionedInversion", "matplotlib.subplots", "numpy.outer", "numpy.sin", "numpy.ones", "pylops.CausalIntegration", "y.reshape.reshape", "pylops.FirstDerivative", "xder.reshape.reshape", "pylops.Laplacian", "pylops.RegularizedInversion", "yn.flatten", "xreg.reshape.reshape", "pylops.Smoothing2D", "pylops.PreconditionedInversion", "yn.flatten", "xp.reshape.reshape", "matplotlib.subplots", "matplotlib.subplots", "matplotlib.close", "axs[].plot", "axs[].plot", "axs[].legend", "axs[].set_title", "axs[].plot", "axs[].plot", "axs[].plot", "axs[].legend", "axs[].set_title", "axs[].plot", "axs[].plot", "axs[].legend", "axs[].set_title", "axs[].plot", "axs[].plot", "axs[].plot", "axs[].plot", "axs[].legend", "axs[].set_title", "[].imshow", "[].set_title", "[].axis", "[].imshow", "[].set_title", "[].axis", "[].imshow", "[].set_title", "[].axis", "[].imshow", "[].set_title", "[].axis", "[].imshow", "[].set_title", "[].axis", "[].imshow", "[].set_title", "[].axis", "axs[].plot", "axs[].plot", "axs[].legend", "axs[].set_title", "axs[].plot", "axs[].plot", "axs[].plot", "axs[].plot", "axs[].legend", "axs[].set_title"], "store_vars_calls": {"x": "np.outer", "Cop": "pylops.CausalIntegration", "Dop": "pylops.FirstDerivative", "null": "plt.subplots", "Rop": "pylops.Laplacian", "xreg": "xreg.reshape", "Sop": "pylops.Smoothing2D", "xp": "xp.reshape", "y": "y.reshape", "xder": "xder.reshape"}}, "is_test": false}