{"file": {"path": "/Users/rakshithagnanasekaran/desktop/inspect4py/test/test_files/pylops/examples/plot_imag.py", "fileNameBase": "plot_imag", "extension": "py", "doc": {"long_description": "====\n\nThis example shows how to use the :py:class:`pylops.basicoperators.Imag`\noperator.\nThis operator returns the imaginary part of the data as a real value in\nforward mode, and the real part of the model as an imaginary value in\nadjoint mode (with zero real part).", "short_description": "Imag", "full": "Imag\n====\n\nThis example shows how to use the :py:class:`pylops.basicoperators.Imag`\noperator.\nThis operator returns the imaginary part of the data as a real value in\nforward mode, and the real part of the model as an imaginary value in\nadjoint mode (with zero real part)."}}, "dependencies": [{"import": "numpy", "alias": "np", "type": "external"}, {"import": "matplotlib", "alias": "plt", "type": "external"}, {"import": "matplotlib", "alias": "pltgs", "type": "external"}, {"import": "pylops", "type": "external"}], "body": {"calls": ["pylops.basicoperators.Imag", "matplotlib.subplots", "matplotlib.close", "axs[].plot", "numpy.real", "axs[].plot", "numpy.imag", "axs[].legend", "axs[].set_title", "axs[].plot", "numpy.real", "axs[].plot", "numpy.imag", "axs[].legend", "axs[].set_title", "axs[].plot", "numpy.real", "axs[].plot", "numpy.imag", "axs[].legend", "axs[].set_title"], "store_vars_calls": {"Rop": "pylops.basicoperators.Imag", "null": "plt.subplots"}}, "is_test": false}