{"file": {"path": "/Users/rakshithagnanasekaran/desktop/inspect4py/test/test_files/pylops/examples/plot_seislet.py", "fileNameBase": "plot_seislet", "extension": "py", "doc": {"long_description": "=================\nThis example shows how to use the :py:class:`pylops.signalprocessing.Seislet`\noperator. This operator the forward, adjoint and inverse Seislet transform\nthat is a modification of the well-know Wavelet transform where local slopes\nare used in the prediction and update steps to further improve the prediction\nof a trace from its previous (or subsequent) one and reduce the amount of\ninformation passed to the subsequent scale. While this transform was initially\ndeveloped in the context of processing and compression of seismic data, it is\nalso suitable to any other oscillatory dataset such as GPR or Acoustic\nrecordings.", "short_description": "Seislet transform", "full": "Seislet transform\n=================\nThis example shows how to use the :py:class:`pylops.signalprocessing.Seislet`\noperator. This operator the forward, adjoint and inverse Seislet transform\nthat is a modification of the well-know Wavelet transform where local slopes\nare used in the prediction and update steps to further improve the prediction\nof a trace from its previous (or subsequent) one and reduce the amount of\ninformation passed to the subsequent scale. While this transform was initially\ndeveloped in the context of processing and compression of seismic data, it is\nalso suitable to any other oscillatory dataset such as GPR or Acoustic\nrecordings."}}, "dependencies": [{"import": "numpy", "alias": "np", "type": "external"}, {"import": "matplotlib", "alias": "plt", "type": "external"}, {"from_module": "mpl_toolkits.axes_grid1", "import": "make_axes_locatable", "type": "external"}, {"import": "pylops", "type": "external"}], "body": {"calls": ["numpy.load", "numpy.max", "numpy.abs", "dict", "matplotlib.subplots", "axs[].imshow", "mpl_toolkits.axes_grid1.make_axes_locatable().append_axes", "fig.colorbar", "pylops.signalprocessing.Seislet", "seis.reshape.reshape", "int", "numpy.log2", "numpy.flip", "numpy.array", "numpy.cumsum", "matplotlib.subplots", "pylops.signalprocessing.Seislet", "numpy.zeros_like", "dwt.reshape.reshape", "matplotlib.subplots", "numpy.argsort", "numpy.argsort", "matplotlib.subplots", "numpy.zeros_like", "seis.reshape.ravel", "pylops.signalprocessing.Seislet.inverse", "d_seis.reshape.reshape", "numpy.zeros_like", "dwt.reshape.ravel", "pylops.signalprocessing.Seislet.inverse", "d_dwt.reshape.reshape", "matplotlib.subplots", "matplotlib.close", "axs[].imshow", "axs[].set", "axs[].axis", "axs[].set", "axs[].axis", "fig.colorbar.set_label", "fig.tight_layout", "matplotlib.figure", "matplotlib.imshow", "matplotlib.xlabel", "matplotlib.ylabel", "matplotlib.title", "matplotlib.colorbar", "matplotlib.axis", "matplotlib.tight_layout", "axs[].imshow", "axs[].set", "axs[].set", "axs[].imshow", "axs[].set", "fig.tight_layout", "matplotlib.figure", "matplotlib.imshow", "matplotlib.xlabel", "matplotlib.ylabel", "matplotlib.title", "matplotlib.colorbar", "matplotlib.axis", "matplotlib.tight_layout", "axs[].imshow", "axs[].set", "axs[].set", "axs[].imshow", "axs[].set", "fig.tight_layout", "ax.plot", "range", "ax.plot", "range", "ax.set", "ax.axvline", "numpy.rint", "ax.legend", "fig.tight_layout", "dict.update", "dict", "axs[].imshow", "axs[].set", "axs[].imshow", "axs[].set", "axs[].imshow", "axs[].set", "axs[].imshow", "axs[].set", "axs[].imshow", "axs[].set", "axs[].imshow", "axs[].set", "matplotlib.tight_layout", "pylops.utils.dottest"], "store_vars_calls": {"d": "np.load", "clip_s": "np.max", "opts": "dict", "null": "plt.subplots", "im": "axs[].imshow", "cax": "make_axes_locatable().append_axes", "cb": "fig.colorbar", "Sop": "pylops.signalprocessing.Seislet", "seis": "seis.reshape", "nlevels_max": "int", "levels_size": "np.flip", "levels_cum": "np.cumsum", "Wop": "pylops.signalprocessing.Seislet", "dwt": "dwt.reshape", "seis_strong_idx": "np.argsort", "dwt_strong_idx": "np.argsort", "seis1": "np.zeros_like", "d_seis": "d_seis.reshape", "dwt1": "np.zeros_like", "d_dwt": "d_dwt.reshape"}}, "is_test": false}