{"file": {"path": "/Users/rakshithagnanasekaran/desktop/inspect4py/test/test_files/pylops/examples/plot_bilinear.py", "fileNameBase": "plot_bilinear", "extension": "py", "doc": {"long_description": "======================\nThis example shows how to use the :py:class:`pylops.signalprocessing.Bilinar`\noperator to perform bilinear interpolation to a 2-dimensional input vector.", "short_description": "Bilinear Interpolation", "full": "Bilinear Interpolation\n======================\nThis example shows how to use the :py:class:`pylops.signalprocessing.Bilinar`\noperator to perform bilinear interpolation to a 2-dimensional input vector."}}, "dependencies": [{"import": "numpy", "alias": "np", "type": "external"}, {"import": "matplotlib", "alias": "plt", "type": "external"}, {"import": "matplotlib", "alias": "pltgs", "type": "external"}, {"from_module": "scipy", "import": "misc", "type": "external"}, {"import": "pylops", "type": "external"}], "body": {"calls": ["numpy.vstack", "pylops.signalprocessing.Bilinear", "pylops.Laplacian", "pylops.optimization.leastsquares.NormalEquationsInversion", "xadj.reshape.reshape", "xinv.reshape.reshape", "matplotlib.subplots", "matplotlib.close", "numpy.random.seed", "fig.suptitle", "axs[].imshow", "axs[].axis", "axs[].set_title", "axs[].imshow", "axs[].axis", "axs[].set_title", "axs[].imshow", "axs[].axis", "axs[].set_title", "matplotlib.tight_layout", "matplotlib.subplots_adjust"], "store_vars_calls": {"iava": "np.vstack", "Bop": "pylops.signalprocessing.Bilinear", "D2op": "pylops.Laplacian", "xinv": "xinv.reshape", "xadj": "xadj.reshape", "null": "plt.subplots"}}, "is_test": false}