{"file": {"path": "/Users/rakshithagnanasekaran/desktop/inspect4py/test/test_files/pylops/examples/plot_symmetrize.py", "fileNameBase": "plot_symmetrize", "extension": "py", "doc": {"long_description": "==========\n\nThis example shows how to use the :py:class:`pylops.Symmetrize`\noperator which takes an input signal and returns a symmetric signal\nby pre-pending the input signal in reversed order. Such an operation can be\ninverted as we will see in this example.\n\nMoreover the :py:class:`pylops.Symmetrize` can be used as *preconditioning*\nto any inverse problem where we are after inverting for a signal that we\nwant to ensure is symmetric. Refer to :ref:`sphx_glr_gallery_plot_wavest.py`\nfor an example of such a type.", "short_description": "Symmetrize", "full": "Symmetrize\n==========\n\nThis example shows how to use the :py:class:`pylops.Symmetrize`\noperator which takes an input signal and returns a symmetric signal\nby pre-pending the input signal in reversed order. Such an operation can be\ninverted as we will see in this example.\n\nMoreover the :py:class:`pylops.Symmetrize` can be used as *preconditioning*\nto any inverse problem where we are after inverting for a signal that we\nwant to ensure is symmetric. Refer to :ref:`sphx_glr_gallery_plot_wavest.py`\nfor an example of such a type."}}, "dependencies": [{"import": "numpy", "alias": "np", "type": "external"}, {"import": "matplotlib", "alias": "plt", "type": "external"}, {"import": "pylops", "type": "external"}], "body": {"calls": ["numpy.arange", "pylops.Symmetrize", "numpy.outer", "numpy.arange", "numpy.ones", "pylops.Symmetrize", "y.reshape.reshape", "xadj.reshape.reshape", "xinv.reshape.reshape", "matplotlib.subplots", "numpy.outer", "numpy.ones", "numpy.arange", "pylops.Symmetrize", "y.reshape.reshape", "xadj.reshape.reshape", "xinv.reshape.reshape", "matplotlib.subplots", "matplotlib.close", "matplotlib.figure", "matplotlib.plot", "matplotlib.plot", "matplotlib.plot", "matplotlib.plot", "matplotlib.title", "matplotlib.legend", "fig.suptitle", "axs[].imshow", "axs[].set_title", "axs[].axis", "axs[].imshow", "axs[].set_title", "axs[].axis", "axs[].imshow", "axs[].set_title", "axs[].axis", "matplotlib.tight_layout", "matplotlib.subplots_adjust", "fig.suptitle", "axs[].imshow", "axs[].set_title", "axs[].axis", "axs[].imshow", "axs[].set_title", "axs[].axis", "axs[].imshow", "axs[].set_title", "axs[].axis", "matplotlib.tight_layout", "matplotlib.subplots_adjust"], "store_vars_calls": {"x": "np.outer", "Sop": "pylops.Symmetrize", "y": "y.reshape", "xadj": "xadj.reshape", "xinv": "xinv.reshape", "null": "plt.subplots"}}, "is_test": false}