{"file": {"path": "/Users/rakshithagnanasekaran/desktop/inspect4py/test/test_files/pylops/examples/plot_matrixmult.py", "fileNameBase": "plot_matrixmult", "extension": "py", "doc": {"long_description": "=====================\n\nThis example shows how to use the :py:class:`pylops.MatrixMult` operator\nto perform *Matrix inversion* of the following linear system.\n\n.. math::\n        \\mathbf{y}=  \\mathbf{A} \\mathbf{x}\n\nYou will see that since this operator is a simple overloading to a", "short_description": "Matrix Multiplication", "full": "Matrix Multiplication\n=====================\n\nThis example shows how to use the :py:class:`pylops.MatrixMult` operator\nto perform *Matrix inversion* of the following linear system.\n\n.. math::\n        \\mathbf{y}=  \\mathbf{A} \\mathbf{x}\n\nYou will see that since this operator is a simple overloading to a\n:py:func:`numpy.ndarray` object, the solution of the linear system\ncan be obtained via both direct inversion (i.e., by means explicit\nsolver such as :py:func:`scipy.linalg.solve` or :py:func:`scipy.linalg.lstsq`)\nand iterative solver (i.e., :py:func:`from scipy.sparse.linalg.lsqr`).\n\nNote that in case of rectangular :math:`\\mathbf{A}`, an exact inverse does\nnot exist and a least-square solution is computed instead."}}, "dependencies": [{"import": "warnings", "type": "external"}, {"import": "numpy", "alias": "np", "type": "external"}, {"from_module": "scipy.sparse", "import": "rand", "type": "external"}, {"from_module": "scipy.sparse.linalg", "import": "lsqr", "type": "external"}, {"import": "matplotlib", "alias": "plt", "type": "external"}, {"import": "matplotlib", "alias": "pltgs", "type": "external"}, {"import": "pylops", "type": "external"}], "body": {"calls": ["numpy.random.normal", "pylops.MatrixMult", "numpy.ones", "matplotlib.GridSpec", "matplotlib.figure", "matplotlib.subplot", "matplotlib.subplot", "matplotlib.subplot", "matplotlib.subplot", "matplotlib.GridSpec", "matplotlib.figure", "matplotlib.subplot", "matplotlib.subplot", "matplotlib.subplot", "matplotlib.subplot", "numpy.random.normal", "numpy.ones", "pylops.MatrixMult", "scipy.sparse.rand", "numpy.ones", "pylops.MatrixMult", "numpy.array", "numpy.array", "pylops.MatrixMult", "xest.reshape.reshape", "matplotlib.close", "warnings.filterwarnings", "plt.subplot.imshow", "plt.subplot.set_title", "plt.subplot.set_xticks", "plt.subplot.set_yticks", "plt.subplot.grid", "plt.subplot.xaxis.set_ticklabels", "plt.subplot.yaxis.set_ticklabels", "plt.subplot.text", "plt.subplot.axis", "plt.subplot.imshow", "plt.subplot.set_title", "plt.subplot.set_xticks", "plt.subplot.set_yticks", "plt.subplot.grid", "plt.subplot.xaxis.set_ticklabels", "plt.subplot.yaxis.set_ticklabels", "plt.subplot.imshow", "plt.subplot.set_title", "plt.subplot.set_xticks", "plt.subplot.set_yticks", "plt.subplot.grid", "plt.subplot.xaxis.set_ticklabels", "plt.subplot.yaxis.set_ticklabels", "plt.subplot.imshow", "plt.subplot.set_title", "plt.subplot.set_xticks", "plt.subplot.set_yticks", "plt.subplot.grid", "plt.subplot.xaxis.set_ticklabels", "plt.subplot.yaxis.set_ticklabels", "plt.subplot.text", "plt.subplot.axis", "plt.subplot.imshow", "pylops.MatrixMult.inv", "plt.subplot.set_title", "plt.subplot.set_xticks", "plt.subplot.set_yticks", "plt.subplot.grid", "plt.subplot.xaxis.set_ticklabels", "plt.subplot.yaxis.set_ticklabels", "plt.subplot.imshow", "plt.subplot.set_title", "plt.subplot.set_xticks", "plt.subplot.set_yticks", "plt.subplot.grid", "plt.subplot.xaxis.set_ticklabels", "plt.subplot.yaxis.set_ticklabels", "matplotlib.figure", "matplotlib.plot", "pylops.MatrixMult.eigs", "matplotlib.title", "matplotlib.xlabel", "matplotlib.xlabel", "matplotlib.tight_layout", "matplotlib.figure", "matplotlib.plot", "matplotlib.plot", "matplotlib.plot", "matplotlib.title", "matplotlib.legend", "print", "print", "pylops.MatrixMult.inv().todense", "print", "pylops.MatrixMult.eigs", "print", "print", "print", "print", "print", "print", "print"], "store_vars_calls": {"A": "np.array", "Aop": "pylops.MatrixMult", "x": "np.array", "gs": "pltgs.GridSpec", "fig": "plt.figure", "ax": "plt.subplot", "xest": "xest.reshape"}}, "is_test": false}