{"file": {"path": "/Users/rakshithagnanasekaran/desktop/inspect4py/test/test_files/pylops/examples/plot_identity.py", "fileNameBase": "plot_identity", "extension": "py", "doc": {"long_description": "========\nThis example shows how to use the :py:class:`pylops.Identity` operator to transfer model\ninto data and viceversa.", "short_description": "Identity", "full": "Identity\n========\nThis example shows how to use the :py:class:`pylops.Identity` operator to transfer model\ninto data and viceversa."}}, "dependencies": [{"import": "numpy", "alias": "np", "type": "external"}, {"import": "matplotlib", "alias": "plt", "type": "external"}, {"import": "matplotlib", "alias": "pltgs", "type": "external"}, {"import": "pylops", "type": "external"}], "body": {"calls": ["numpy.arange", "pylops.Identity", "matplotlib.GridSpec", "matplotlib.figure", "matplotlib.subplot", "plt.subplot.imshow", "numpy.eye", "matplotlib.subplot", "matplotlib.subplot", "matplotlib.subplot", "numpy.arange", "pylops.Identity", "numpy.arange", "pylops.Identity", "matplotlib.close", "plt.subplot.set_title", "plt.subplot.set_xticks", "plt.subplot.set_yticks", "plt.subplot.grid", "plt.subplot.xaxis.set_ticklabels", "plt.subplot.yaxis.set_ticklabels", "plt.subplot.imshow", "plt.subplot.set_title", "plt.subplot.set_xticks", "plt.subplot.set_yticks", "plt.subplot.grid", "plt.subplot.xaxis.set_ticklabels", "plt.subplot.yaxis.set_ticklabels", "plt.subplot.text", "plt.subplot.axis", "plt.subplot.imshow", "plt.subplot.set_title", "plt.subplot.set_xticks", "plt.subplot.set_yticks", "plt.subplot.grid", "plt.subplot.xaxis.set_ticklabels", "plt.subplot.yaxis.set_ticklabels", "plt.figure.colorbar", "print", "print", "print", "print", "print", "print"], "store_vars_calls": {"x": "np.arange", "Iop": "pylops.Identity", "gs": "pltgs.GridSpec", "fig": "plt.figure", "ax": "plt.subplot", "im": "ax.imshow"}}, "is_test": false}