{"file": {"path": "/Users/rakshithagnanasekaran/desktop/inspect4py/test/test_files/pylops/examples/plot_multiproc.py", "fileNameBase": "plot_multiproc", "extension": "py", "doc": {"long_description": "==============================\nThis example shows how perform a scalability test for one of PyLops operators\nthat uses ``multiprocessing`` to spawn multiple processes. Operators that\nsupport such feature are :class:`pylops.basicoperators.VStack`,", "short_description": "Operators with Multiprocessing", "full": "Operators with Multiprocessing\n==============================\nThis example shows how perform a scalability test for one of PyLops operators\nthat uses ``multiprocessing`` to spawn multiple processes. Operators that\nsupport such feature are :class:`pylops.basicoperators.VStack`,\n:class:`pylops.basicoperators.HStack`, and\n:class:`pylops.basicoperators.BlockDiagonal`, and\n:class:`pylops.basicoperators.Block`.\n\nIn this example we will consider the BlockDiagonal operator which contains\n:class:`pylops.basicoperators.MatrixMult` operators along its main diagonal."}}, "dependencies": [{"import": "numpy", "alias": "np", "type": "external"}, {"import": "matplotlib", "alias": "plt", "type": "external"}, {"import": "pylops", "type": "external"}], "body": {"calls": ["pylops.BlockDiag", "pylops.utils.multiproc.scalability_test", "numpy.ones", "pylops.utils.multiproc.scalability_test", "numpy.ones", "matplotlib.close", "matplotlib.figure", "matplotlib.plot", "matplotlib.xlabel", "matplotlib.ylabel", "matplotlib.title", "matplotlib.tight_layout", "matplotlib.figure", "matplotlib.plot", "matplotlib.xlabel", "matplotlib.ylabel", "matplotlib.title", "matplotlib.tight_layout"], "store_vars_calls": {"Op": "pylops.BlockDiag", "null": "pylops.utils.multiproc.scalability_test"}}, "is_test": false}