{"file": {"path": "/Users/rakshithagnanasekaran/desktop/inspect4py/test/test_files/pylops/examples/plot_smoothing2d.py", "fileNameBase": "plot_smoothing2d", "extension": "py", "doc": {"long_description": "============\n\nThis example shows how to use the :py:class:`pylops.Smoothing2D` operator\nto smooth a multi-dimensional input signal along two given axes.", "short_description": "2D Smoothing", "full": "2D Smoothing\n============\n\nThis example shows how to use the :py:class:`pylops.Smoothing2D` operator\nto smooth a multi-dimensional input signal along two given axes."}}, "dependencies": [{"import": "numpy", "alias": "np", "type": "external"}, {"import": "matplotlib", "alias": "plt", "type": "external"}, {"import": "pylops", "type": "external"}], "body": {"calls": ["numpy.zeros", "pylops.Smoothing2D", "numpy.reshape", "numpy.reshape", "matplotlib.subplots", "axs[].imshow", "axs[].imshow", "axs[].imshow", "matplotlib.close", "axs[].axis", "axs[].set_title", "matplotlib.colorbar", "axs[].axis", "axs[].set_title", "matplotlib.colorbar", "axs[].axis", "axs[].set_title", "matplotlib.colorbar"], "store_vars_calls": {"A": "np.zeros", "Sop": "pylops.Smoothing2D", "B": "np.reshape", "Aest": "np.reshape", "null": "plt.subplots", "im": "axs[].imshow"}}, "is_test": false}