{"file": {"path": "/Users/rakshithagnanasekaran/desktop/inspect4py/test/test_files/pylops/examples/plot_wavest.py", "fileNameBase": "plot_wavest", "extension": "py", "doc": {"long_description": "==================\nThis example shows how to use the :py:class:`pylops.avo.prestack.PrestackWaveletModelling` to\nestimate a wavelet from pre-stack seismic data. This problem can be written in mathematical\nform as:\n\n.. math::\n        \\mathbf{d}=  \\mathbf{G} \\mathbf{w}\n\nwhere :math:`\\mathbf{G}` is an operator that convolves an angle-variant reflectivity series\nwith the wavelet :math:`\\mathbf{w}` that we aim to retrieve.", "short_description": "Wavelet estimation", "full": "Wavelet estimation\n==================\nThis example shows how to use the :py:class:`pylops.avo.prestack.PrestackWaveletModelling` to\nestimate a wavelet from pre-stack seismic data. This problem can be written in mathematical\nform as:\n\n.. math::\n        \\mathbf{d}=  \\mathbf{G} \\mathbf{w}\n\nwhere :math:`\\mathbf{G}` is an operator that convolves an angle-variant reflectivity series\nwith the wavelet :math:`\\mathbf{w}` that we aim to retrieve."}}, "dependencies": [{"import": "numpy", "alias": "np", "type": "external"}, {"import": "matplotlib", "alias": "plt", "type": "external"}, {"from_module": "scipy.signal", "import": "filtfilt", "type": "external"}, {"import": "pylops", "type": "external"}, {"from_module": "pylops.utils.wavelets", "import": "ricker", "type": "external"}], "body": {"calls": ["numpy.linspace", "pylops.utils.wavelets.ricker", "numpy.hstack", "numpy.linspace", "numpy.stack", "matplotlib.subplots", "pylops.avo.prestack.PrestackWaveletModelling", "pylops.avo.prestack.PrestackWaveletModelling", "matplotlib.subplots", "pylops.SecondDerivative", "pylops.optimization.leastsquares.RegularizedInversion", "dn.T.flatten", "matplotlib.subplots", "pylops.Symmetrize", "pylops.Smoothing1D", "pylops.optimization.leastsquares.PreconditionedInversion", "dn.T.flatten", "pylops.optimization.leastsquares.PreconditionedInversion", "dn.T.flatten", "matplotlib.subplots", "matplotlib.close", "numpy.random.seed", "axs[].plot", "axs[].set_title", "axs[].set_ylabel", "axs[].invert_yaxis", "axs[].grid", "axs[].plot", "axs[].set_title", "axs[].invert_yaxis", "axs[].grid", "axs[].plot", "axs[].set_title", "axs[].invert_yaxis", "axs[].grid", "axs[].imshow", "axs[].axis", "axs[].set_xlabel", "axs[].set_ylabel", "axs[].set_title", "axs[].imshow", "axs[].axis", "axs[].set_title", "axs[].set_xlabel", "axs[].imshow", "axs[].axis", "axs[].set_title", "axs[].set_xlabel", "axs[].plot", "axs[].plot", "axs[].plot", "axs[].plot", "axs[].set_title", "axs[].grid", "axs[].legend", "axs[].axis", "axs[].plot", "axs[].plot", "axs[].set_title", "axs[].grid", "axs[].legend", "axs[].axis", "ax.plot", "ax.plot", "ax.plot", "ax.plot", "ax.set_title", "ax.grid", "ax.legend"], "store_vars_calls": {"theta": "np.linspace", "null": "plt.subplots", "wav_phase": "np.hstack", "vsvp_z": "np.linspace", "m": "np.stack", "Wavesop": "pylops.avo.prestack.PrestackWaveletModelling", "Wavesop_phase": "pylops.avo.prestack.PrestackWaveletModelling", "D2op": "pylops.SecondDerivative", "Sop": "pylops.Symmetrize", "Smop": "pylops.Smoothing1D", "wavn_prec_est": "pylops.optimization.leastsquares.PreconditionedInversion", "wavn_smooth_est": "pylops.optimization.leastsquares.PreconditionedInversion"}}, "is_test": false}