{"file": {"path": "/Users/rakshithagnanasekaran/desktop/inspect4py/test/test_files/pylops/examples/plot_chirpradon.py", "fileNameBase": "plot_chirpradon", "extension": "py", "doc": {"long_description": "=====================\nThis example shows how to use the :py:class:`pylops.signalprocessing.ChirpRadon2D`\nand :py:class:`pylops.signalprocessing.ChirpRadon3D` operators to apply the\nlinear Radon Transform to 2-dimensional or 3-dimensional signals, respectively.\n\nWhen working with the linear Radon transform, this is a faster implementation\ncompared to in :py:class:`pylops.signalprocessing.Radon2D` and", "short_description": "Chirp Radon Transform", "full": "Chirp Radon Transform\n=====================\nThis example shows how to use the :py:class:`pylops.signalprocessing.ChirpRadon2D`\nand :py:class:`pylops.signalprocessing.ChirpRadon3D` operators to apply the\nlinear Radon Transform to 2-dimensional or 3-dimensional signals, respectively.\n\nWhen working with the linear Radon transform, this is a faster implementation\ncompared to in :py:class:`pylops.signalprocessing.Radon2D` and\n:py:class:`pylops.signalprocessing.Radon3D` and should be preferred.\nThis method provides also an analytical inverse.\n\nNote that the forward and adjoint definitions in these two pairs of operators\nare swapped."}}, "dependencies": [{"import": "numpy", "alias": "np", "type": "external"}, {"import": "matplotlib", "alias": "plt", "type": "external"}, {"import": "pylops", "type": "external"}], "body": {"calls": ["pylops.utils.seismicevents.makeaxis", "pylops.utils.wavelets.ricker", "pylops.utils.seismicevents.linear2d", "numpy.linspace", "pylops.signalprocessing.ChirpRadon2D", "pylops.signalprocessing.ChirpRadon2D.inverse", "dL_chirp.reshape.reshape", "dadj_chirp.reshape.reshape", "dinv_chirp.reshape.reshape", "matplotlib.subplots", "pylops.utils.seismicevents.makeaxis", "pylops.utils.seismicevents.linear3d", "numpy.linspace", "numpy.linspace", "pylops.signalprocessing.ChirpRadon3D", "pylops.signalprocessing.ChirpRadon3D.inverse", "dL_chirp.reshape.reshape", "dadj_chirp.reshape.reshape", "dinv_chirp.reshape.reshape", "matplotlib.subplots", "matplotlib.subplots", "matplotlib.close", "axs[].imshow", "axs[].set_title", "axs[].axis", "axs[].imshow", "axs[].set_title", "axs[].axis", "axs[].imshow", "axs[].set_title", "axs[].axis", "axs[].imshow", "axs[].set_title", "axs[].axis", "matplotlib.tight_layout", "axs[].imshow", "axs[].set_title", "axs[].axis", "axs[].imshow", "axs[].set_title", "axs[].axis", "axs[].imshow", "axs[].set_title", "axs[].axis", "axs[].imshow", "axs[].set_title", "axs[].axis", "matplotlib.tight_layout", "axs[].imshow", "axs[].set_title", "axs[].axis", "axs[].imshow", "axs[].set_title", "axs[].axis", "axs[].imshow", "axs[].set_title", "axs[].axis", "axs[].imshow", "axs[].set_title", "axs[].axis", "matplotlib.tight_layout"], "store_vars_calls": {"null": "plt.subplots", "px": "np.linspace", "R2Op": "pylops.signalprocessing.ChirpRadon2D", "dinv_chirp": "dinv_chirp.reshape", "dL_chirp": "dL_chirp.reshape", "dadj_chirp": "dadj_chirp.reshape", "py": "np.linspace", "R3Op": "pylops.signalprocessing.ChirpRadon3D"}}, "is_test": false}