{"file": {"path": "/Users/rakshithagnanasekaran/desktop/inspect4py/test/test_files/pylops/examples/plot_conj.py", "fileNameBase": "plot_conj", "extension": "py", "doc": {"long_description": "====\n\nThis example shows how to use the :py:class:`pylops.basicoperators.Conj`\noperator.\nThis operator returns the complex conjugate in both forward and adjoint\nmodes (it is self adjoint).", "short_description": "Conj", "full": "Conj\n====\n\nThis example shows how to use the :py:class:`pylops.basicoperators.Conj`\noperator.\nThis operator returns the complex conjugate in both forward and adjoint\nmodes (it is self adjoint)."}}, "dependencies": [{"import": "numpy", "alias": "np", "type": "external"}, {"import": "matplotlib", "alias": "plt", "type": "external"}, {"import": "matplotlib", "alias": "pltgs", "type": "external"}, {"import": "pylops", "type": "external"}], "body": {"calls": ["pylops.basicoperators.Conj", "matplotlib.subplots", "matplotlib.close", "axs[].plot", "numpy.real", "axs[].plot", "numpy.imag", "axs[].legend", "axs[].set_title", "axs[].plot", "numpy.real", "axs[].plot", "numpy.imag", "axs[].legend", "axs[].set_title", "axs[].plot", "numpy.real", "axs[].plot", "numpy.imag", "axs[].legend", "axs[].set_title"], "store_vars_calls": {"Rop": "pylops.basicoperators.Conj", "null": "plt.subplots"}}, "is_test": false}