{"file": {"path": "/Users/rakshithagnanasekaran/desktop/inspect4py/test/test_files/pylops/examples/plot_flip.py", "fileNameBase": "plot_flip", "extension": "py", "doc": {"long_description": "==================\n\nThis example shows how to use the :py:class:`pylops.Flip`\noperator to simply flip an input signal along an axis.", "short_description": "Flip along an axis", "full": "Flip along an axis\n==================\n\nThis example shows how to use the :py:class:`pylops.Flip`\noperator to simply flip an input signal along an axis."}}, "dependencies": [{"import": "numpy", "alias": "np", "type": "external"}, {"import": "matplotlib", "alias": "plt", "type": "external"}, {"import": "pylops", "type": "external"}], "body": {"calls": ["numpy.arange", "pylops.Flip", "numpy.outer", "numpy.arange", "numpy.ones", "pylops.Flip", "y.reshape.reshape", "xadj.reshape.reshape", "matplotlib.subplots", "numpy.outer", "numpy.ones", "numpy.arange", "pylops.Flip", "y.reshape.reshape", "xadj.reshape.reshape", "matplotlib.subplots", "matplotlib.close", "matplotlib.figure", "matplotlib.plot", "matplotlib.plot", "matplotlib.plot", "matplotlib.title", "matplotlib.legend", "fig.suptitle", "axs[].imshow", "axs[].set_title", "axs[].axis", "axs[].imshow", "axs[].set_title", "axs[].axis", "axs[].imshow", "axs[].set_title", "axs[].axis", "matplotlib.tight_layout", "matplotlib.subplots_adjust", "fig.suptitle", "axs[].imshow", "axs[].set_title", "axs[].axis", "axs[].imshow", "axs[].set_title", "axs[].axis", "axs[].imshow", "axs[].set_title", "axs[].axis", "matplotlib.tight_layout", "matplotlib.subplots_adjust"], "store_vars_calls": {"x": "np.outer", "Fop": "pylops.Flip", "y": "y.reshape", "xadj": "xadj.reshape", "null": "plt.subplots"}}, "is_test": false}