{"file": {"path": "/Users/rakshithagnanasekaran/desktop/inspect4py/test/test_files/pylops/examples/plot_avo.py", "fileNameBase": "plot_avo", "extension": "py", "doc": {"long_description": "===================\nThis example shows how to create pre-stack angle gathers using\nthe :py:class:`pylops.avo.avo.AVOLinearModelling` operator.", "short_description": "AVO modelling", "full": "AVO modelling\n===================\nThis example shows how to create pre-stack angle gathers using\nthe :py:class:`pylops.avo.avo.AVOLinearModelling` operator."}}, "dependencies": [{"import": "numpy", "alias": "np", "type": "external"}, {"import": "matplotlib", "alias": "plt", "type": "external"}, {"from_module": "scipy.signal", "import": "filtfilt", "type": "external"}, {"import": "pylops", "type": "external"}, {"from_module": "pylops.utils.wavelets", "import": "ricker", "type": "external"}], "body": {"calls": ["numpy.linspace", "pylops.utils.wavelets.ricker", "numpy.hstack", "numpy.linspace", "numpy.stack", "matplotlib.subplots", "pylops.avo.avo.AVOLinearModelling", "pylops.avo.avo.AVOLinearModelling", "dPP_const.reshape.reshape", "dPP_variant.reshape.reshape", "matplotlib.subplots", "pylops.avo.avo.AVOLinearModelling", "dPS.reshape.reshape", "matplotlib.subplots", "matplotlib.close", "numpy.random.seed", "axs[].plot", "axs[].set_title", "axs[].set_ylabel", "axs[].invert_yaxis", "axs[].grid", "axs[].plot", "axs[].set_title", "axs[].invert_yaxis", "axs[].grid", "axs[].plot", "axs[].set_title", "axs[].invert_yaxis", "axs[].grid", "axs[].legend", "axs[].imshow", "axs[].set_title", "axs[].axis", "axs[].imshow", "axs[].set_title", "axs[].axis", "matplotlib.tight_layout", "axs[].imshow", "axs[].set_title", "axs[].axis", "axs[].imshow", "axs[].set_title", "axs[].axis", "matplotlib.tight_layout"], "store_vars_calls": {"theta": "np.linspace", "null": "plt.subplots", "wav_phase": "np.hstack", "vsvp_z": "np.linspace", "m": "np.stack", "PPop_const": "pylops.avo.avo.AVOLinearModelling", "PPop_variant": "pylops.avo.avo.AVOLinearModelling", "dPP_const": "dPP_const.reshape", "dPP_variant": "dPP_variant.reshape", "PSop": "pylops.avo.avo.AVOLinearModelling", "dPS": "dPS.reshape"}}, "is_test": false}