{"file": {"path": "/Users/rakshithagnanasekaran/desktop/inspect4py/test/test_files/pylops/examples/plot_derivative.py", "fileNameBase": "plot_derivative", "extension": "py", "doc": {"long_description": "===========\nThis example shows how to use the suite of derivative operators, namely", "short_description": "Derivatives", "full": "Derivatives\n===========\nThis example shows how to use the suite of derivative operators, namely\n:py:class:`pylops.FirstDerivative`, :py:class:`pylops.SecondDerivative`,\n:py:class:`pylops.Laplacian` and :py:class:`pylops.Gradient`,\n:py:class:`pylops.FirstDirectionalDerivative` and\n:py:class:`pylops.SecondDirectionalDerivative`.\n\nThe derivative operators are very useful when the model to be inverted for\nis expect to be smooth in one or more directions. As shown in the\n*Optimization* tutorial, these operators will be used as part of the\nregularization term to obtain a smooth solution."}}, "dependencies": [{"import": "numpy", "alias": "np", "type": "external"}, {"import": "matplotlib", "alias": "plt", "type": "external"}, {"import": "pylops", "type": "external"}], "body": {"calls": ["matplotlib.subplots", "matplotlib.imshow", "numpy.zeros", "numpy.dot", "numpy.dot", "pylops.FirstDerivative", "matplotlib.subplots", "numpy.zeros", "pylops.FirstDerivative", "numpy.reshape", "matplotlib.subplots", "axs[].imshow", "axs[].imshow", "numpy.zeros", "pylops.SecondDerivative", "numpy.reshape", "matplotlib.subplots", "axs[].imshow", "axs[].imshow", "pylops.SecondDerivative", "numpy.reshape", "matplotlib.subplots", "axs[].imshow", "axs[].imshow", "pylops.Laplacian", "pylops.Laplacian", "numpy.reshape", "numpy.reshape", "matplotlib.subplots", "axs[].imshow", "axs[].imshow", "axs[].imshow", "pylops.Gradient", "numpy.reshape", "numpy.reshape", "matplotlib.subplots", "axs[].imshow", "axs[].imshow", "axs[].imshow", "numpy.cumsum", "numpy.random.uniform().astype", "len", "numpy.cumsum", "numpy.random.uniform().astype", "len", "numpy.zeros", "pylops.FirstDirectionalDerivative", "pylops.SecondDirectionalDerivative", "dirder.reshape.reshape", "dir2der.reshape.reshape", "matplotlib.subplots", "axs[].imshow", "axs[].quiver", "numpy.flipud", "numpy.flipud", "matplotlib.close", "numpy.random.seed", "ax.set_title", "ax.set_xticks", "ax.set_yticks", "ax.grid", "ax.xaxis.set_ticklabels", "ax.yaxis.set_ticklabels", "fig.colorbar", "axs[].stem", "numpy.arange", "axs[].set_title", "axs[].stem", "numpy.arange", "axs[].stem", "numpy.arange", "axs[].set_title", "axs[].legend", "axs[].stem", "numpy.arange", "axs[].stem", "numpy.arange", "axs[].set_title", "axs[].legend", "matplotlib.tight_layout", "fig.suptitle", "axs[].axis", "axs[].set_title", "matplotlib.colorbar", "axs[].axis", "axs[].set_title", "matplotlib.colorbar", "matplotlib.tight_layout", "matplotlib.subplots_adjust", "fig.suptitle", "axs[].axis", "axs[].set_title", "matplotlib.colorbar", "axs[].axis", "axs[].set_title", "matplotlib.colorbar", "matplotlib.tight_layout", "matplotlib.subplots_adjust", "fig.suptitle", "axs[].axis", "axs[].set_title", "matplotlib.colorbar", "axs[].axis", "axs[].set_title", "matplotlib.colorbar", "matplotlib.tight_layout", "matplotlib.subplots_adjust", "fig.suptitle", "axs[].axis", "axs[].set_title", "matplotlib.colorbar", "axs[].axis", "axs[].set_title", "matplotlib.colorbar", "axs[].axis", "axs[].set_title", "matplotlib.colorbar", "matplotlib.tight_layout", "matplotlib.subplots_adjust", "fig.suptitle", "axs[].axis", "axs[].set_title", "matplotlib.colorbar", "axs[].axis", "axs[].set_title", "matplotlib.colorbar", "axs[].axis", "axs[].set_title", "matplotlib.colorbar", "matplotlib.tight_layout", "matplotlib.subplots_adjust", "axs[].set_title", "axs[].axis", "axs[].imshow", "axs[].set_title", "axs[].axis", "axs[].imshow", "axs[].set_title", "axs[].axis", "matplotlib.tight_layout"], "store_vars_calls": {"null": "plt.subplots", "im": "axs[].imshow", "x": "np.zeros", "y_dir": "np.dot", "xadj_dir": "np.dot", "D1op": "pylops.FirstDerivative", "A": "np.zeros", "B": "np.reshape", "D2op": "pylops.SecondDerivative", "L2symop": "pylops.Laplacian", "L2asymop": "pylops.Laplacian", "Bsym": "np.reshape", "Basym": "np.reshape", "Gop": "pylops.Gradient", "C": "np.reshape", "horlayers": "np.cumsum", "nhorlayers": "len", "vertlayers": "np.cumsum", "nvertlayers": "len", "v": "np.zeros", "Ddop": "pylops.FirstDirectionalDerivative", "D2dop": "pylops.SecondDirectionalDerivative", "dirder": "dirder.reshape", "dir2der": "dir2der.reshape", "q": "axs[].quiver"}}, "is_test": false}