{"file": {"path": "/Users/rakshithagnanasekaran/desktop/inspect4py/test/test_files/pylops/examples/plot_ista.py", "fileNameBase": "plot_ista", "extension": "py", "doc": {"long_description": "=======================\n\nThis example shows how to use the :py:class:`pylops.optimization.sparsity.OMP`,", "short_description": "MP, OMP, ISTA and FISTA", "full": "MP, OMP, ISTA and FISTA\n=======================\n\nThis example shows how to use the :py:class:`pylops.optimization.sparsity.OMP`,\n:py:class:`pylops.optimization.sparsity.IRLS`,\n:py:class:`pylops.optimization.sparsity.ISTA`, and\n:py:class:`pylops.optimization.sparsity.FISTA` solvers.\n\nThese solvers can be used when the model to retrieve is supposed to have\na sparse representation in a certain domain. MP and OMP use a L0 norm and\nmathematically translates to solving the following constrained problem:\n\n.. math::\n    ||\\mathbf{x}||_0 \\quad  subj. to\n    \\quad ||\\mathbf{Op}\\mathbf{x}-  \\mathbf{b}||_2 <= \\sigma,\n\nwhile IRLS, ISTA and FISTA solve an uncostrained problem with a L1\nregularization term:\n\n.. math::\n    J = ||\\mathbf{d} - \\mathbf{Op} \\mathbf{x}||_2 + \\epsilon ||\\mathbf{x}||_1"}}, "dependencies": [{"import": "numpy", "alias": "np", "type": "external"}, {"import": "matplotlib", "alias": "plt", "type": "external"}, {"import": "pylops", "type": "external"}], "body": {"calls": ["numpy.random.randn", "pylops.MatrixMult", "numpy.random.rand", "matplotlib.subplots", "ax.stem", "ax.stem", "ax.stem", "ax.stem", "ax.stem", "numpy.zeros", "pylops.utils.wavelets.ricker", "pylops.signalprocessing.Convolve1D", "pylops.optimization.sparsity.OMP", "pylops.optimization.sparsity.ISTA", "matplotlib.subplots", "pylops.optimization.leastsquares.RegularizedInversion", "pylops.optimization.sparsity.ISTA", "pylops.optimization.sparsity.FISTA", "matplotlib.subplots", "matplotlib.subplots", "matplotlib.close", "numpy.random.seed", "matplotlib.setp", "matplotlib.setp", "matplotlib.setp", "matplotlib.setp", "matplotlib.setp", "ax.set_title", "ax.legend", "matplotlib.tight_layout", "ax.plot", "ax.plot", "ax.plot", "ax.plot", "ax.plot", "ax.set_title", "ax.legend", "matplotlib.tight_layout", "ax.plot", "ax.plot", "ax.plot", "ax.plot", "ax.plot", "ax.plot", "ax.set_title", "ax.legend", "matplotlib.tight_layout", "ax.semilogy", "ax.semilogy", "ax.set_title", "ax.set_xlabel", "ax.legend", "ax.grid", "matplotlib.tight_layout"], "store_vars_calls": {"A": "np.random.randn", "Aop": "pylops.MatrixMult", "x": "np.zeros", "null": "plt.subplots", "Cop": "pylops.signalprocessing.Convolve1D", "xls": "pylops.optimization.leastsquares.RegularizedInversion"}}, "is_test": false}