{"file": {"path": "/Users/rakshithagnanasekaran/desktop/inspect4py/test/test_files/pylops/examples/plot_fft.py", "fileNameBase": "plot_fft", "extension": "py", "doc": {"long_description": "=================\nThis example shows how to use the :py:class:`pylops.signalprocessing.FFT`,", "short_description": "Fourier Transform", "full": "Fourier Transform\n=================\nThis example shows how to use the :py:class:`pylops.signalprocessing.FFT`,\n:py:class:`pylops.signalprocessing.FFT2D`\nand :py:class:`pylops.signalprocessing.FFTND` operators to apply the Fourier\nTransform to the model and the inverse Fourier Transform to the data."}}, "dependencies": [{"import": "numpy", "alias": "np", "type": "external"}, {"import": "matplotlib", "alias": "plt", "type": "external"}, {"import": "pylops", "type": "external"}], "body": {"calls": ["numpy.sin", "pylops.signalprocessing.FFT", "matplotlib.subplots", "pylops.signalprocessing.FFT", "matplotlib.subplots", "numpy.outer", "numpy.sin", "pylops.signalprocessing.FFT", "numpy.real().reshape", "matplotlib.subplots", "numpy.outer", "numpy.sin", "pylops.signalprocessing.FFT2D", "numpy.real().reshape", "matplotlib.subplots", "numpy.outer", "numpy.sin", "numpy.tile", "pylops.signalprocessing.FFTND", "numpy.real().reshape", "matplotlib.subplots", "matplotlib.close", "axs[].plot", "axs[].plot", "axs[].legend", "axs[].set_title", "axs[].plot", "numpy.abs", "axs[].set_title", "axs[].set_xlim", "axs[].plot", "axs[].plot", "axs[].legend", "axs[].set_title", "axs[].plot", "numpy.abs", "axs[].set_title", "axs[].set_xlim", "[].imshow", "[].set_title", "[].axis", "[].imshow", "numpy.abs", "[].set_title", "[].axis", "[].imshow", "[].set_title", "[].axis", "[].imshow", "[].set_title", "[].axis", "fig.tight_layout", "[].imshow", "[].set_title", "[].axis", "[].imshow", "numpy.abs", "[].set_title", "[].axis", "[].imshow", "[].set_title", "[].axis", "[].imshow", "[].set_title", "[].axis", "fig.tight_layout", "[].imshow", "[].set_title", "[].axis", "[].imshow", "numpy.abs", "[].set_title", "[].axis", "[].imshow", "[].set_title", "[].axis", "[].imshow", "[].set_title", "[].axis", "fig.tight_layout"], "store_vars_calls": {"d": "np.tile", "FFTop": "pylops.signalprocessing.FFTND", "null": "plt.subplots", "dinv": "np.real().reshape"}}, "is_test": false}