{"file": {"path": "/Users/rakshithagnanasekaran/desktop/inspect4py/test/test_files/pylops/examples/plot_diagonal.py", "fileNameBase": "plot_diagonal", "extension": "py", "doc": {"long_description": "========\nThis example shows how to use the :py:class:`pylops.Diagonal` operator\nto perform *Element-wise multiplication* between the input vector and a vector :math:`\\mathbf{d}`.\n\nIn other words, the operator acts as a  diagonal operator :math:`\\mathbf{D}` whose elements along\nthe diagonal are the elements of the vector :math:`\\mathbf{d}`.", "short_description": "Diagonal", "full": "Diagonal\n========\nThis example shows how to use the :py:class:`pylops.Diagonal` operator\nto perform *Element-wise multiplication* between the input vector and a vector :math:`\\mathbf{d}`.\n\nIn other words, the operator acts as a  diagonal operator :math:`\\mathbf{D}` whose elements along\nthe diagonal are the elements of the vector :math:`\\mathbf{d}`."}}, "dependencies": [{"import": "numpy", "alias": "np", "type": "external"}, {"import": "matplotlib", "alias": "plt", "type": "external"}, {"import": "matplotlib", "alias": "pltgs", "type": "external"}, {"import": "pylops", "type": "external"}], "body": {"calls": ["numpy.arange", "numpy.ones", "pylops.Diagonal", "matplotlib.GridSpec", "matplotlib.figure", "matplotlib.subplot", "plt.subplot.imshow", "pylops.Diagonal.matrix", "matplotlib.subplot", "matplotlib.subplot", "matplotlib.subplot", "numpy.ones", "numpy.arange().reshape", "pylops.Diagonal", "numpy.ones", "numpy.arange", "pylops.Diagonal", "numpy.arange", "pylops.Diagonal", "matplotlib.close", "plt.subplot.set_title", "plt.subplot.set_xticks", "plt.subplot.set_yticks", "plt.subplot.grid", "plt.subplot.xaxis.set_ticklabels", "plt.subplot.yaxis.set_ticklabels", "plt.subplot.axis", "plt.subplot.imshow", "plt.subplot.set_title", "plt.subplot.set_xticks", "plt.subplot.set_yticks", "plt.subplot.grid", "plt.subplot.xaxis.set_ticklabels", "plt.subplot.yaxis.set_ticklabels", "plt.subplot.text", "plt.subplot.axis", "plt.subplot.imshow", "plt.subplot.set_title", "plt.subplot.set_xticks", "plt.subplot.set_yticks", "plt.subplot.grid", "plt.subplot.xaxis.set_ticklabels", "plt.subplot.yaxis.set_ticklabels", "plt.figure.colorbar", "print", "print", "print", "print", "print", "print", "print", "print"], "store_vars_calls": {"d": "np.arange", "x": "np.ones", "Dop": "pylops.Diagonal", "gs": "pltgs.GridSpec", "fig": "plt.figure", "ax": "plt.subplot", "im": "ax.imshow"}}, "is_test": false}