{"file": {"path": "/Users/rakshithagnanasekaran/desktop/inspect4py/test/test_files/pylops/examples/plot_mdc.py", "fileNameBase": "plot_mdc", "extension": "py", "doc": {"long_description": "=============================\nThis example shows how to use the :py:class:`pylops.waveeqprocessing.MDC` operator\nto convolve a 3D kernel with an input seismic data. The resulting data is\na blurred version of the input data and the problem of removing such blurring\nis reffered to as *Multi-dimensional Deconvolution (MDD)* and its implementation\nis discussed in more details in the **MDD** tutorial.", "short_description": "Multi-Dimensional Convolution", "full": "Multi-Dimensional Convolution\n=============================\nThis example shows how to use the :py:class:`pylops.waveeqprocessing.MDC` operator\nto convolve a 3D kernel with an input seismic data. The resulting data is\na blurred version of the input data and the problem of removing such blurring\nis reffered to as *Multi-dimensional Deconvolution (MDD)* and its implementation\nis discussed in more details in the **MDD** tutorial."}}, "dependencies": [{"import": "numpy", "alias": "np", "type": "external"}, {"import": "matplotlib", "alias": "plt", "type": "external"}, {"import": "pylops", "type": "external"}, {"from_module": "pylops.utils.tapers", "import": "taper3d", "type": "external"}, {"from_module": "pylops.utils.wavelets", "import": "ricker", "type": "external"}, {"from_module": "pylops.utils.seismicevents", "import": "makeaxis", "type": "external"}, {"from_module": "pylops.utils.seismicevents", "import": "hyperbolic2d", "type": "external"}], "body": {"calls": ["pylops.utils.tapers.taper3d", "pylops.utils.seismicevents.makeaxis", "pylops.utils.seismicevents.hyperbolic2d", "numpy.concatenate", "numpy.concatenate", "numpy.concatenate", "numpy.fft.rfft", "Gwav_fft.transpose.transpose", "pylops.waveeqprocessing.MDC", "d.reshape.reshape", "madj.reshape.reshape", "matplotlib.subplots", "matplotlib.subplots", "matplotlib.close", "axs[].imshow", "axs[].set_title", "axs[].set_xlabel", "axs[].set_ylabel", "axs[].imshow", "axs[].set_title", "axs[].set_xlabel", "axs[].set_ylabel", "fig.tight_layout", "axs[].imshow", "axs[].set_title", "axs[].set_xlabel", "axs[].set_ylabel", "axs[].imshow", "axs[].set_title", "axs[].set_xlabel", "axs[].set_ylabel", "axs[].imshow", "axs[].set_title", "axs[].set_xlabel", "axs[].set_ylabel", "fig.tight_layout"], "store_vars_calls": {"tap": "taper3d", "null": "plt.subplots", "m": "np.concatenate", "mwav": "np.concatenate", "Gwav2": "np.concatenate", "Gwav_fft": "Gwav_fft.transpose", "MDCop": "pylops.waveeqprocessing.MDC", "d": "d.reshape", "madj": "madj.reshape"}}, "is_test": false}