{"file": {"path": "/Users/rakshithagnanasekaran/desktop/inspect4py/test/test_files/pylops/examples/plot_roll.py", "fileNameBase": "plot_roll", "extension": "py", "doc": {"long_description": "====\nThis example shows how to use the :py:class:`pylops.Roll` operator.\n\nThis operator simply shifts elements of multi-dimensional array along a\nspecified direction a chosen number of samples.", "short_description": "Roll", "full": "Roll\n====\nThis example shows how to use the :py:class:`pylops.Roll` operator.\n\nThis operator simply shifts elements of multi-dimensional array along a\nspecified direction a chosen number of samples."}}, "dependencies": [{"import": "numpy", "alias": "np", "type": "external"}, {"import": "matplotlib", "alias": "plt", "type": "external"}, {"import": "pylops", "type": "external"}], "body": {"calls": ["numpy.arange", "pylops.Roll", "numpy.arange().reshape", "pylops.Roll", "y.reshape.reshape", "xadj.reshape.reshape", "matplotlib.subplots", "matplotlib.close", "matplotlib.figure", "matplotlib.plot", "matplotlib.plot", "matplotlib.plot", "matplotlib.title", "matplotlib.legend", "fig.suptitle", "axs[].imshow", "axs[].set_title", "axs[].axis", "axs[].imshow", "axs[].set_title", "axs[].axis", "axs[].imshow", "axs[].set_title", "axs[].axis"], "store_vars_calls": {"x": "np.arange().reshape", "Rop": "pylops.Roll", "y": "y.reshape", "xadj": "xadj.reshape", "null": "plt.subplots"}}, "is_test": false}