{"file": {"path": "/Users/rakshithagnanasekaran/desktop/inspect4py/test/test_files/pylops/examples/plot_cgls.py", "fileNameBase": "plot_cgls", "extension": "py", "doc": {"long_description": "=====================\n\nThis example shows how to use the :py:func:`pylops.optimization.leastsquares.cgls`\nand :py:func:`pylops.optimization.leastsquares.lsqr` PyLops solvers\nto minimize the following cost function:\n\n.. math::\n        J = || \\mathbf{y} -  \\mathbf{Ax} ||_2^2 + \\epsilon || \\mathbf{x} ||_2^2\n\nNote that the LSQR solver behaves in the same way as the scipy's", "short_description": "CGLS and LSQR Solvers", "full": "CGLS and LSQR Solvers\n=====================\n\nThis example shows how to use the :py:func:`pylops.optimization.leastsquares.cgls`\nand :py:func:`pylops.optimization.leastsquares.lsqr` PyLops solvers\nto minimize the following cost function:\n\n.. math::\n        J = || \\mathbf{y} -  \\mathbf{Ax} ||_2^2 + \\epsilon || \\mathbf{x} ||_2^2\n\nNote that the LSQR solver behaves in the same way as the scipy's\n:py:func:`scipy.sparse.linalg.lsqr` solver. However, our solver is also able\nto operate on cupy arrays and perform computations on a GPU."}}, "dependencies": [{"import": "warnings", "type": "external"}, {"import": "numpy", "alias": "np", "type": "external"}, {"import": "matplotlib", "alias": "plt", "type": "external"}, {"import": "pylops", "type": "external"}], "body": {"calls": ["numpy.random.normal", "pylops.MatrixMult", "numpy.ones", "pylops.optimization.solver.cgls", "pylops.optimization.solver.lsqr", "matplotlib.close", "warnings.filterwarnings", "print", "print", "print", "print", "matplotlib.figure", "matplotlib.plot", "matplotlib.plot", "matplotlib.title", "matplotlib.legend", "matplotlib.tight_layout"], "store_vars_calls": {"A": "np.random.normal", "Aop": "pylops.MatrixMult", "x": "np.ones", "null": "pylops.optimization.solver.lsqr"}}, "is_test": false}