{"file": {"path": "/Users/rakshithagnanasekaran/desktop/inspect4py/test/test_files/pylops/examples/plot_convolve.py", "fileNameBase": "plot_convolve", "extension": "py", "doc": {"long_description": "===========\nThis example shows how to use the :py:class:`pylops.signalprocessing.Convolve1D`,", "short_description": "Convolution", "full": "Convolution\n===========\nThis example shows how to use the :py:class:`pylops.signalprocessing.Convolve1D`,\n:py:class:`pylops.signalprocessing.Convolve2D` and\n:py:class:`pylops.signalprocessing.ConvolveND` operators to perform convolution\nbetween two signals.\n\nSuch operators can be used in the forward model of several common application\nin signal processing that require filtering of an input signal for the\ninstrument response. Similarly, removing the effect of the instrument\nresponse from signal is equivalent to solving linear system of equations\nbased on Convolve1D, Convolve2D or ConvolveND operators.\nThis problem is generally referred to as *Deconvolution*.\n\nA very practical example of deconvolution can be found in the geophysical\nprocessing of seismic data where the effect of the source response\n(i.e., airgun or vibroseis) should be removed from the recorded signal\nto be able to better interpret the response of the subsurface. Similar examples\ncan be found in telecommunication and speech analysis."}}, "dependencies": [{"import": "numpy", "alias": "np", "type": "external"}, {"import": "matplotlib", "alias": "plt", "type": "external"}, {"from_module": "scipy.sparse.linalg", "import": "lsqr", "type": "external"}, {"import": "pylops", "type": "external"}, {"from_module": "pylops.utils.wavelets", "import": "ricker", "type": "external"}], "body": {"calls": ["numpy.zeros", "pylops.utils.wavelets.ricker", "pylops.signalprocessing.Convolve1D", "matplotlib.subplots", "pylops.signalprocessing.Convolve1D", "matplotlib.subplots", "numpy.zeros", "numpy.ones", "pylops.signalprocessing.Convolve2D", "y.reshape.reshape", "xinv.reshape.reshape", "matplotlib.subplots", "matplotlib.subplots", "numpy.zeros", "numpy.ones", "pylops.signalprocessing.ConvolveND", "y.reshape.reshape", "xinv.reshape.reshape", "matplotlib.subplots", "matplotlib.close", "ax.plot", "ax.plot", "ax.plot", "ax.set_title", "ax.legend", "ax.set_xlim", "ax.plot", "ax.plot", "ax.plot", "ax.plot", "ax.set_title", "ax.set_xlim", "ax.legend", "fig.suptitle", "axs[].imshow", "axs[].imshow", "axs[].imshow", "axs[].set_title", "axs[].axis", "axs[].set_title", "axs[].axis", "axs[].set_title", "axs[].axis", "matplotlib.tight_layout", "matplotlib.subplots_adjust", "fig.suptitle", "ax[].plot", "ax[].plot", "ax[].plot", "ax[].plot", "ax[].plot", "ax[].plot", "ax[].legend", "ax[].set_xlim", "ax[].legend", "ax[].set_xlim", "matplotlib.tight_layout", "matplotlib.subplots_adjust", "fig.suptitle", "[].imshow", "[].imshow", "[].imshow", "[].set_title", "[].axis", "[].set_title", "[].axis", "[].set_title", "[].axis", "[].imshow", "[].imshow", "[].imshow", "[].axis", "[].axis", "[].axis", "[].imshow", "[].imshow", "[].imshow", "[].axis", "[].axis", "[].axis"], "store_vars_calls": {"x": "np.zeros", "null": "plt.subplots", "Cop": "pylops.signalprocessing.ConvolveND", "h": "np.ones", "y": "y.reshape", "xinv": "xinv.reshape", "xlsqr": "xinv.reshape"}}, "is_test": false}