{"file": {"path": "/Users/rakshithagnanasekaran/desktop/inspect4py/test/test_files/pylops/examples/plot_tvreg.py", "fileNameBase": "plot_tvreg", "extension": "py", "doc": {"long_description": "===================================\n\nThis set of examples shows how to add Total Variation (TV) regularization to an\ninverse problem in order to enforce blockiness in the reconstructed model.\n\nTo do so we will use the generalizated Split Bregman iterations by means of", "short_description": "Total Variation (TV) Regularization", "full": "Total Variation (TV) Regularization\n===================================\n\nThis set of examples shows how to add Total Variation (TV) regularization to an\ninverse problem in order to enforce blockiness in the reconstructed model.\n\nTo do so we will use the generalizated Split Bregman iterations by means of\n:func:`pylops.optimization.sparsity.SplitBregman` solver.\n\nThe first example is concerned with denoising of a piece-wise step function\nwhich has been contaminated by noise. The forward model is:\n\n.. math::\n        \\mathbf{y} = \\mathbf{x} + \\mathbf{n}\n\nmeaning that we have an identity operator (:math:`\\mathbf{I}`) and inverting\nfor :math:`\\mathbf{x}` from :math:`\\mathbf{y}` is impossible without adding\nprior information. We will enforce blockiness in the solution by adding a\nregularization term that enforces sparsity in the first derivative of\nthe solution:\n\n.. math::\n        J = \\mu/2  ||\\mathbf{y} - \\mathbf{I} \\mathbf{x}||_2 +\n        || \\nabla \\mathbf{x}||_1"}}, "dependencies": [{"import": "numpy", "alias": "np", "type": "external"}, {"import": "matplotlib", "alias": "plt", "type": "external"}, {"import": "pylops", "type": "external"}], "body": {"calls": ["numpy.zeros", "pylops.Identity", "numpy.random.normal", "pylops.SecondDerivative", "pylops.optimization.leastsquares.RegularizedInversion", "pylops.FirstDerivative", "pylops.optimization.sparsity.SplitBregman", "numpy.load", "int", "numpy.round", "numpy.sort", "pylops.Restriction", "pylops.signalprocessing.FFT2D", "numpy.random.normal", "numpy.fft.fftshift", "np.fft.fftshift.reshape", "pylops.Restriction.mask", "ymask.reshape.reshape", "numpy.fft.fftshift", "numpy.fft.fftshift", "matplotlib.subplots", "pylops.optimization.sparsity.SplitBregman", "y.flatten", "numpy.real", "np.real.reshape", "matplotlib.subplots", "matplotlib.subplots", "matplotlib.close", "numpy.random.seed", "matplotlib.figure", "matplotlib.plot", "matplotlib.plot", "matplotlib.legend", "matplotlib.title", "matplotlib.figure", "matplotlib.plot", "matplotlib.plot", "matplotlib.plot", "matplotlib.legend", "matplotlib.title", "matplotlib.figure", "matplotlib.plot", "matplotlib.plot", "matplotlib.plot", "matplotlib.legend", "matplotlib.title", "axs[].imshow", "axs[].set_title", "axs[].axis", "axs[].imshow", "numpy.abs", "axs[].set_title", "axs[].axis", "axs[].imshow", "numpy.abs", "axs[].set_title", "axs[].axis", "axs[].imshow", "axs[].set_title", "axs[].axis", "axs[].imshow", "axs[].set_title", "axs[].axis", "axs[].plot", "axs[].plot", "axs[].set_title", "axs[].legend", "axs[].plot", "axs[].plot", "axs[].set_title", "axs[].legend"], "store_vars_calls": {"x": "np.load", "Iop": "pylops.Identity", "n": "np.random.normal", "D2op": "pylops.SecondDerivative", "xinv": "np.real", "Dop": "pylops.FirstDerivative", "null": "plt.subplots", "nxsub": "int", "iava": "np.sort", "Rop": "pylops.Restriction", "Fop": "pylops.signalprocessing.FFT2D", "yfft": "np.fft.fftshift", "ymask": "ymask.reshape"}}, "is_test": false}