{"file": {"path": "/Users/rakshithagnanasekaran/desktop/inspect4py/test/test_files/pylops/examples/plot_slopeest.py", "fileNameBase": "plot_slopeest", "extension": "py", "doc": {"long_description": "===============================================\n\nThis example shows how to estimate local slopes of a two-dimensional array\nusing :py:func:`pylops.utils.signalprocessing.slope_estimate`.\n\nKnowing the local slopes of an image (or a seismic data) can be useful for\na variety of tasks in image (or geophysical) processing such as denoising,\nsmoothing, or interpolation. When slopes are used with the", "short_description": "Slope estimation via Structure Tensor algorithm", "full": "Slope estimation via Structure Tensor algorithm\n===============================================\n\nThis example shows how to estimate local slopes of a two-dimensional array\nusing :py:func:`pylops.utils.signalprocessing.slope_estimate`.\n\nKnowing the local slopes of an image (or a seismic data) can be useful for\na variety of tasks in image (or geophysical) processing such as denoising,\nsmoothing, or interpolation. When slopes are used with the\n:py:class:`pylops.signalprocessing.Seislet` operator, the input dataset can be\ncompressed and the sparse nature of the Seislet transform can also be used to\nprecondition sparsity-promoting inverse problems."}}, "dependencies": [{"import": "numpy", "alias": "np", "type": "external"}, {"import": "matplotlib", "alias": "plt", "type": "external"}, {"from_module": "scipy.ndimage", "import": "gaussian_filter", "type": "external"}, {"import": "pylops", "type": "external"}, {"from_module": "pylops.signalprocessing.Seislet", "import": "_predict_trace", "type": "external"}], "body": {"calls": ["scipy.ndimage.gaussian_filter", "pylops.utils.signalprocessing.slope_estimate", "matplotlib.subplots", "axs[].imshow", "axs[].imshow", "axs[].imshow", "numpy.zeros", "numpy.sort", "numpy.random.normal", "numpy.argmax", "numpy.convolve", "numpy.linspace", "numpy.outer", "numpy.ones", "numpy.zeros", "np.convolve.copy", "matplotlib.subplots", "axs[].imshow", "matplotlib.close", "numpy.random.seed", "axs[].set_title", "axs[].axis", "axs[].set_title", "matplotlib.colorbar", "axs[].axis", "axs[].set_title", "matplotlib.colorbar", "axs[].axis", "axs[].imshow", "axs[].set_title", "axs[].axis", "axs[].imshow", "axs[].set_title", "axs[].axis", "axs[].set_title", "matplotlib.colorbar", "axs[].axis"], "store_vars_calls": {"im": "gaussian_filter", "null": "plt.subplots", "iax": "axs[].imshow", "refl": "np.zeros", "it": "np.sort", "wavc": "np.argmax", "trace": "np.convolve", "theta": "np.linspace", "slope": "np.outer", "d": "np.zeros", "tr": "trace.copy"}}, "is_test": false}