{"file": {"path": "/Users/rakshithagnanasekaran/desktop/inspect4py/test/test_files/pylops/examples/plot_sliding.py", "fileNameBase": "plot_sliding", "extension": "py", "doc": {"long_description": "=====================\nThis example shows how to use the", "short_description": "1D, 2D and 3D Sliding", "full": "1D, 2D and 3D Sliding\n=====================\nThis example shows how to use the\n:py:class:`pylops.signalprocessing.Sliding1D`,\n:py:class:`pylops.signalprocessing.Sliding2D`\nand  :py:class:`pylops.signalprocessing.Sliding3D` operators\nto perform repeated transforms over small strides of a 1-, 2- or 3-dimensional\narray.\n\nFor the 1-d case, the transform that we apply in this example is the\n:py:class:`pylops.signalprocessing.FFT`.\n\nFor the 2- and 3-d cases, the transform that we apply in this example is the\n:py:class:`pylops.signalprocessing.Radon2D`\n(and :py:class:`pylops.signalprocessing.Radon3D`) but this operator has been\ndesign to allow a variety of transforms as long as they operate with signals\nthat are 2 or 3-dimensional in nature, respectively."}}, "dependencies": [{"import": "numpy", "alias": "np", "type": "external"}, {"import": "matplotlib", "alias": "plt", "type": "external"}, {"import": "pylops", "type": "external"}, {"import": "pylops", "type": "external"}], "body": {"calls": ["numpy.sin", "pylops.signalprocessing.FFT", "pylops.signalprocessing.FFT", "pylops.signalprocessing.Sliding1D", "pylops.signalprocessing.Sliding1D", "pylops.signalprocessing.Sliding1D", "pylops.signalprocessing.Sliding1D", "matplotlib.subplots", "pylops.utils.seismicevents.makeaxis", "pylops.utils.seismicevents.makeaxis", "pylops.utils.seismicevents.parabolic2d", "pylops.utils.seismicevents.parabolic2d", "numpy.linspace", "pylops.signalprocessing.Radon2D", "pylops.signalprocessing.Radon2D", "numpy.linspace", "pylops.signalprocessing.Sliding2D", "pylops.signalprocessing.Sliding2D", "radon.reshape.reshape", "pylops.signalprocessing.Sliding2D", "pylops.signalprocessing.Sliding2D", "reconstructed_data.reshape.reshape", "pylops.LinearOperator().div", "pylops.LinearOperator().div", "np.sin.flatten", "radoninv.reshape.reshape", "reconstructed_datainv.reshape.reshape", "matplotlib.subplots", "[].imshow", "[].imshow", "[].imshow", "[].imshow", "[].imshow", "pylops.utils.seismicevents.makeaxis", "pylops.utils.seismicevents.makeaxis", "pylops.utils.seismicevents.hyperbolic3d", "pylops.utils.seismicevents.hyperbolic3d", "numpy.linspace", "pylops.signalprocessing.Radon3D", "pylops.signalprocessing.Radon3D", "numpy.linspace", "numpy.linspace", "pylops.signalprocessing.Sliding3D", "pylops.signalprocessing.Sliding3D", "radon.reshape.reshape", "pylops.signalprocessing.Sliding3D", "pylops.signalprocessing.Sliding3D", "reconstructed_data.reshape.reshape", "pylops.LinearOperator().div", "pylops.LinearOperator().div", "np.sin.flatten", "radoninv.reshape.reshape", "reconstructed_datainv.reshape.reshape", "matplotlib.subplots", "[].imshow", "[].imshow", "[].imshow", "[].imshow", "[].imshow", "matplotlib.subplots", "[].imshow", "[].imshow", "[].imshow", "[].imshow", "[].imshow", "matplotlib.close", "axs[].plot", "axs[].plot", "axs[].set_title", "axs[].plot", "numpy.abs", "axs[].set_title", "matplotlib.tight_layout", "[].set_title", "matplotlib.colorbar", "[].axis", "[].set_title", "matplotlib.colorbar", "[].axis", "[].set_title", "matplotlib.colorbar", "[].axis", "[].axis", "[].set_title", "matplotlib.colorbar", "[].axis", "[].set_title", "matplotlib.colorbar", "[].axis", "[].set_title", "matplotlib.colorbar", "[].axis", "[].set_title", "matplotlib.colorbar", "[].axis", "[].set_title", "matplotlib.colorbar", "[].axis", "[].axis", "[].set_title", "matplotlib.colorbar", "[].axis", "[].set_title", "matplotlib.colorbar", "[].axis", "[].set_title", "matplotlib.colorbar", "[].axis", "[].set_title", "matplotlib.colorbar", "[].axis", "[].set_title", "matplotlib.colorbar", "[].axis", "[].axis", "[].set_title", "matplotlib.colorbar", "[].axis", "[].set_title", "matplotlib.colorbar", "[].axis", "matplotlib.tight_layout"], "store_vars_calls": {"data": "np.sin", "Op": "pylops.signalprocessing.Radon3D", "Slid": "pylops.signalprocessing.Sliding3D", "null": "plt.subplots", "px": "np.linspace", "radon": "radon.reshape", "reconstructed_data": "reconstructed_data.reshape", "radoninv": "radoninv.reshape", "reconstructed_datainv": "reconstructed_datainv.reshape", "im": "[].imshow"}}, "is_test": false}