{"file": {"path": "/Users/rakshithagnanasekaran/desktop/inspect4py/test/test_files/pylops/examples/plot_transpose.py", "fileNameBase": "plot_transpose", "extension": "py", "doc": {"long_description": "=========\nThis example shows how to use the :py:class:`pylops.Transpose`\noperator. For arrays that are 2-dimensional in nature this operator\nsimply transposes rows and columns. For multi-dimensional arrays, this\noperator can be used to permute dimensions", "short_description": "Transpose", "full": "Transpose\n=========\nThis example shows how to use the :py:class:`pylops.Transpose`\noperator. For arrays that are 2-dimensional in nature this operator\nsimply transposes rows and columns. For multi-dimensional arrays, this\noperator can be used to permute dimensions"}}, "dependencies": [{"import": "numpy", "alias": "np", "type": "external"}, {"import": "matplotlib", "alias": "plt", "type": "external"}, {"import": "pylops", "type": "external"}], "body": {"calls": ["numpy.arange().reshape", "pylops.Transpose", "y.reshape.reshape", "xadj.reshape.reshape", "matplotlib.subplots", "matplotlib.close", "numpy.random.seed", "fig.suptitle", "axs[].imshow", "axs[].set_title", "axs[].axis", "axs[].imshow", "axs[].set_title", "axs[].axis", "axs[].imshow", "axs[].set_title", "axs[].axis"], "store_vars_calls": {"x": "np.arange().reshape", "Top": "pylops.Transpose", "y": "y.reshape", "xadj": "xadj.reshape", "null": "plt.subplots"}}, "is_test": false}