{"file": {"path": "/Users/rakshithagnanasekaran/desktop/inspect4py/test/test_files/pylops/examples/plot_seismicevents.py", "fileNameBase": "plot_seismicevents", "extension": "py", "doc": {"long_description": "=================\nThis example shows how to use the :py:mod:`pylops.utils.seismicevents` module\nto quickly create synthetic seismic data to be used for toy examples and tests.", "short_description": "Synthetic seismic", "full": "Synthetic seismic\n=================\nThis example shows how to use the :py:mod:`pylops.utils.seismicevents` module\nto quickly create synthetic seismic data to be used for toy examples and tests."}}, "dependencies": [{"import": "numpy", "alias": "np", "type": "external"}, {"import": "matplotlib", "alias": "plt", "type": "external"}, {"import": "pylops", "type": "external"}], "body": {"calls": ["pylops.utils.seismicevents.makeaxis", "pylops.utils.seismicevents.linear2d", "pylops.utils.seismicevents.parabolic2d", "pylops.utils.seismicevents.hyperbolic2d", "matplotlib.subplots", "pylops.utils.seismicevents.linear3d", "matplotlib.subplots", "pylops.utils.seismicevents.hyperbolic3d", "matplotlib.subplots", "matplotlib.close", "axs[].imshow", "axs[].set_title", "axs[].set_xlabel", "axs[].set_ylabel", "axs[].imshow", "axs[].set_title", "axs[].set_xlabel", "axs[].set_ylabel", "axs[].imshow", "axs[].set_title", "axs[].set_xlabel", "axs[].set_ylabel", "matplotlib.tight_layout", "fig.suptitle", "axs[].imshow", "axs[].set_xlabel", "axs[].set_ylabel", "axs[].imshow", "axs[].set_xlabel", "fig.suptitle", "axs[].imshow", "axs[].set_xlabel", "axs[].set_ylabel", "axs[].imshow", "axs[].set_xlabel"], "store_vars_calls": {"null": "plt.subplots"}}, "is_test": false}