{"file": {"path": "/Users/rakshithagnanasekaran/desktop/inspect4py/test/test_files/pylops/examples/plot_real.py", "fileNameBase": "plot_real", "extension": "py", "doc": {"long_description": "====\n\nThis example shows how to use the :py:class:`pylops.basicoperators.Real`\noperator.\nThis operator returns the real part of the data in forward and adjoint mode,\nbut the forward output will be a real number, while the adjoint output will\nbe a complex number with a zero-valued imaginary part.", "short_description": "Real", "full": "Real\n====\n\nThis example shows how to use the :py:class:`pylops.basicoperators.Real`\noperator.\nThis operator returns the real part of the data in forward and adjoint mode,\nbut the forward output will be a real number, while the adjoint output will\nbe a complex number with a zero-valued imaginary part."}}, "dependencies": [{"import": "numpy", "alias": "np", "type": "external"}, {"import": "matplotlib", "alias": "plt", "type": "external"}, {"import": "matplotlib", "alias": "pltgs", "type": "external"}, {"import": "pylops", "type": "external"}], "body": {"calls": ["pylops.basicoperators.Real", "matplotlib.subplots", "matplotlib.close", "axs[].plot", "numpy.real", "axs[].plot", "numpy.imag", "axs[].legend", "axs[].set_title", "axs[].plot", "numpy.real", "axs[].plot", "numpy.imag", "axs[].legend", "axs[].set_title", "axs[].plot", "numpy.real", "axs[].plot", "numpy.imag", "axs[].legend", "axs[].set_title"], "store_vars_calls": {"Rop": "pylops.basicoperators.Real", "null": "plt.subplots"}}, "is_test": false}