{"file": {"path": "/Users/rakshithagnanasekaran/desktop/inspect4py/test/test_files/pylops/examples/plot_sum.py", "fileNameBase": "plot_sum", "extension": "py", "doc": {"long_description": "===\nThis example shows how to use the :py:class:`pylops.Sum` operator to stack\nvalues along an axis of a multi-dimensional array", "short_description": "Sum", "full": "Sum\n===\nThis example shows how to use the :py:class:`pylops.Sum` operator to stack\nvalues along an axis of a multi-dimensional array"}}, "dependencies": [{"import": "numpy", "alias": "np", "type": "external"}, {"import": "matplotlib", "alias": "plt", "type": "external"}, {"import": "matplotlib", "alias": "pltgs", "type": "external"}, {"import": "pylops", "type": "external"}], "body": {"calls": ["numpy.arange().reshape", "pylops.Sum", "xadj.reshape.reshape", "matplotlib.GridSpec", "matplotlib.figure", "matplotlib.subplot", "plt.subplot.imshow", "matplotlib.subplot", "matplotlib.subplot", "matplotlib.close", "plt.subplot.set_title", "plt.subplot.set_xticks", "plt.subplot.set_yticks", "plt.subplot.grid", "plt.subplot.xaxis.set_ticklabels", "plt.subplot.yaxis.set_ticklabels", "plt.subplot.axis", "plt.subplot.imshow", "plt.subplot.set_title", "plt.subplot.set_xticks", "plt.subplot.set_yticks", "plt.subplot.grid", "plt.subplot.xaxis.set_ticklabels", "plt.subplot.yaxis.set_ticklabels", "plt.subplot.axis", "plt.subplot.imshow", "plt.subplot.set_title", "plt.subplot.set_xticks", "plt.subplot.set_yticks", "plt.subplot.grid", "plt.subplot.xaxis.set_ticklabels", "plt.subplot.yaxis.set_ticklabels", "plt.subplot.axis"], "store_vars_calls": {"x": "np.arange().reshape", "Sop": "pylops.Sum", "xadj": "xadj.reshape", "gs": "pltgs.GridSpec", "fig": "plt.figure", "ax": "plt.subplot", "im": "ax.imshow"}}, "is_test": false}