{"file": {"path": "/Users/rakshithagnanasekaran/desktop/inspect4py/test/test_files/pylops/examples/plot_phaseshift.py", "fileNameBase": "plot_phaseshift", "extension": "py", "doc": {"long_description": "====================\nThis example shows how to use the :class:`pylops.waveeqprocessing.PhaseShift`\noperator to perform frequency-wavenumber shift of an input multi-dimensional\nsignal. Such a procedure is applied in a variety of disciplines including\ngeophysics, medical imaging and non-destructive testing.", "short_description": "PhaseShift operator", "full": "PhaseShift operator\n====================\nThis example shows how to use the :class:`pylops.waveeqprocessing.PhaseShift`\noperator to perform frequency-wavenumber shift of an input multi-dimensional\nsignal. Such a procedure is applied in a variety of disciplines including\ngeophysics, medical imaging and non-destructive testing."}}, "dependencies": [{"import": "numpy", "alias": "np", "type": "external"}, {"import": "matplotlib", "alias": "plt", "type": "external"}, {"import": "pylops", "type": "external"}], "body": {"calls": ["pylops.utils.seismicevents.makeaxis", "pylops.utils.seismicevents.hyperbolic2d", "pylops.utils.tapers.taper2d", "numpy.pad", "numpy.fft.rfftfreq", "numpy.fft.fftshift", "numpy.fft.fftfreq", "pylops.waveeqprocessing.PhaseShift", "numpy.real", "numpy.real", "matplotlib.subplots", "pylops.utils.seismicevents.hyperbolic3d", "pylops.utils.tapers.taper3d", "numpy.pad", "numpy.fft.fftshift", "numpy.fft.fftfreq", "numpy.fft.fftshift", "numpy.fft.fftfreq", "pylops.waveeqprocessing.PhaseShift", "numpy.real", "numpy.real", "matplotlib.subplots", "matplotlib.close", "fig.suptitle", "axs[].imshow", "axs[].set_xlabel", "axs[].set_ylabel", "axs[].set_title", "axs[].imshow", "axs[].set_xlabel", "axs[].set_title", "axs[].imshow", "axs[].set_xlabel", "axs[].set_title", "fig.suptitle", "[].imshow", "[].set_xlabel", "[].set_ylabel", "[].set_title", "[].imshow", "[].set_xlabel", "[].set_title", "[].imshow", "[].set_xlabel", "[].set_title", "[].imshow", "[].set_xlabel", "[].set_ylabel", "[].set_title", "[].imshow", "[].set_xlabel", "[].set_title", "[].imshow", "[].set_xlabel", "[].set_title"], "store_vars_calls": {"null": "plt.subplots", "taper": "pylops.utils.tapers.taper3d", "mpad": "np.pad", "freq": "np.fft.rfftfreq", "kx": "np.fft.fftshift", "Pop": "pylops.waveeqprocessing.PhaseShift", "mdown": "np.real", "mup": "np.real", "ky": "np.fft.fftshift"}}, "is_test": false}