{"file": {"path": "/Users/rakshithagnanasekaran/desktop/inspect4py/test/test_files/pylops/examples/plot_regr.py", "fileNameBase": "plot_regr", "extension": "py", "doc": {"long_description": "=====================\n\nThis example shows how to use the :py:class:`pylops.Regression` operator\nto perform *Polynomial regression analysis*.\n\nIn short, polynomial regression is the problem of finding the best fitting\ncoefficients for the following equation:\n\n    .. math::\n        y_i = \\sum_{n=0}^{order} x_n t_i^n  \\qquad \\forall i=1,2,...,N\n\nAs we can express this problem in a matrix form:\n\n    .. math::\n        \\mathbf{y}=  \\mathbf{A} \\mathbf{x}\n\nour solution can be obtained by solving the following optimization problem:\n\n    .. math::\n        J= ||\\mathbf{y} - \\mathbf{A} \\mathbf{x}||_2\n\nSee documentation of :py:class:`pylops.Regression` for more detailed\ndefinition of the forward problem.", "short_description": "Polynomial Regression", "full": "Polynomial Regression\n=====================\n\nThis example shows how to use the :py:class:`pylops.Regression` operator\nto perform *Polynomial regression analysis*.\n\nIn short, polynomial regression is the problem of finding the best fitting\ncoefficients for the following equation:\n\n    .. math::\n        y_i = \\sum_{n=0}^{order} x_n t_i^n  \\qquad \\forall i=1,2,...,N\n\nAs we can express this problem in a matrix form:\n\n    .. math::\n        \\mathbf{y}=  \\mathbf{A} \\mathbf{x}\n\nour solution can be obtained by solving the following optimization problem:\n\n    .. math::\n        J= ||\\mathbf{y} - \\mathbf{A} \\mathbf{x}||_2\n\nSee documentation of :py:class:`pylops.Regression` for more detailed\ndefinition of the forward problem."}}, "dependencies": [{"import": "numpy", "alias": "np", "type": "external"}, {"import": "matplotlib", "alias": "plt", "type": "external"}, {"import": "pylops", "type": "external"}], "body": {"calls": ["numpy.array", "pylops.Regression", "pylops.optimization.sparsity.IRLS", "matplotlib.close", "numpy.random.seed", "matplotlib.figure", "matplotlib.plot", "matplotlib.plot", "matplotlib.plot", "matplotlib.scatter", "matplotlib.scatter", "matplotlib.legend", "print", "matplotlib.figure", "matplotlib.plot", "matplotlib.plot", "matplotlib.plot", "matplotlib.scatter", "matplotlib.scatter", "matplotlib.legend"], "store_vars_calls": {"x": "np.array", "PRop": "pylops.Regression", "null": "pylops.optimization.sparsity.IRLS"}}, "is_test": false}