{"file": {"path": "/Users/rakshithagnanasekaran/desktop/inspect4py/test/test_files/pylops/examples/plot_radon.py", "fileNameBase": "plot_radon", "extension": "py", "doc": {"long_description": "===============\nThis example shows how to use the :py:class:`pylops.signalprocessing.Radon2D`\nand :py:class:`pylops.signalprocessing.Radon3D` operators to apply the Radon\nTransform to 2-dimensional or 3-dimensional signals, respectively.\nIn our implementation both linear, parabolic and hyperbolic parametrization\ncan be chosen.", "short_description": "Radon Transform", "full": "Radon Transform\n===============\nThis example shows how to use the :py:class:`pylops.signalprocessing.Radon2D`\nand :py:class:`pylops.signalprocessing.Radon3D` operators to apply the Radon\nTransform to 2-dimensional or 3-dimensional signals, respectively.\nIn our implementation both linear, parabolic and hyperbolic parametrization\ncan be chosen."}}, "dependencies": [{"import": "numpy", "alias": "np", "type": "external"}, {"import": "matplotlib", "alias": "plt", "type": "external"}, {"import": "pylops", "type": "external"}], "body": {"calls": ["numpy.linspace", "numpy.zeros", "pylops.signalprocessing.Radon2D", "pylops.signalprocessing.Radon2D", "pylops.signalprocessing.Radon2D", "yL.reshape.reshape", "yP.reshape.reshape", "yH.reshape.reshape", "xadjL.reshape.reshape", "xadjP.reshape.reshape", "xadjH.reshape.reshape", "matplotlib.subplots", "numpy.linspace", "numpy.linspace", "numpy.zeros", "pylops.signalprocessing.Radon3D", "pylops.signalprocessing.Radon3D", "pylops.signalprocessing.Radon3D", "yL.reshape.reshape", "yP.reshape.reshape", "yH.reshape.reshape", "xadjL.reshape.reshape", "xadjP.reshape.reshape", "xadjH.reshape.reshape", "matplotlib.subplots", "matplotlib.subplots", "matplotlib.close", "[].imshow", "[].set_title", "[].axis", "[].imshow", "[].set_title", "[].axis", "[].imshow", "[].set_title", "[].axis", "[].imshow", "[].set_title", "[].axis", "[].imshow", "[].axis", "[].set_title", "[].axis", "[].imshow", "[].set_title", "[].axis", "[].imshow", "[].set_title", "[].axis", "fig.tight_layout", "[].imshow", "[].set_title", "[].axis", "[].imshow", "[].set_title", "[].axis", "[].imshow", "[].set_title", "[].axis", "[].imshow", "[].set_title", "[].axis", "[].imshow", "[].axis", "[].set_title", "[].axis", "[].imshow", "[].set_title", "[].axis", "[].imshow", "[].set_title", "[].axis", "fig.tight_layout", "[].imshow", "[].set_title", "[].axis", "[].imshow", "[].set_title", "[].axis", "[].imshow", "[].set_title", "[].axis", "[].imshow", "[].set_title", "[].axis", "[].imshow", "[].axis", "[].set_title", "[].axis", "[].imshow", "[].set_title", "[].axis", "[].imshow", "[].set_title", "[].axis", "fig.tight_layout"], "store_vars_calls": {"px": "np.linspace", "x": "np.zeros", "RLop": "pylops.signalprocessing.Radon3D", "RPop": "pylops.signalprocessing.Radon3D", "RHop": "pylops.signalprocessing.Radon3D", "yL": "yL.reshape", "yP": "yP.reshape", "yH": "yH.reshape", "xadjL": "xadjL.reshape", "xadjP": "xadjP.reshape", "xadjH": "xadjH.reshape", "null": "plt.subplots", "py": "np.linspace"}}, "is_test": false}