{"file": {"path": "/Users/rakshithagnanasekaran/desktop/inspect4py/test/test_files/pylops/examples/plot_restriction.py", "fileNameBase": "plot_restriction", "extension": "py", "doc": {"long_description": "=============================\n\nThis example shows how to use the :py:class:`pylops.Restriction` operator\nto sample a certain input vector at desired locations ``iava``. Moreover,\nwe go one step further and use the :py:class:`pylops.signalprocessing.Interp`\noperator to show how we can also sample values at locations that are not\nexactly on the grid of the input vector.\n\nAs explained in the :ref:`sphx_glr_tutorials_solvers.py` tutorial, such\noperators can be used as forward model in an inverse problem aimed at\ninterpolate irregularly sampled 1d or 2d signals onto a regular grid.", "short_description": "Restriction and Interpolation", "full": "Restriction and Interpolation\n=============================\n\nThis example shows how to use the :py:class:`pylops.Restriction` operator\nto sample a certain input vector at desired locations ``iava``. Moreover,\nwe go one step further and use the :py:class:`pylops.signalprocessing.Interp`\noperator to show how we can also sample values at locations that are not\nexactly on the grid of the input vector.\n\nAs explained in the :ref:`sphx_glr_tutorials_solvers.py` tutorial, such\noperators can be used as forward model in an inverse problem aimed at\ninterpolate irregularly sampled 1d or 2d signals onto a regular grid."}}, "dependencies": [{"import": "numpy", "alias": "np", "type": "external"}, {"import": "matplotlib", "alias": "plt", "type": "external"}, {"import": "pylops", "type": "external"}], "body": {"calls": ["numpy.zeros", "int", "numpy.round", "numpy.arange", "numpy.sort", "pylops.Restriction", "pylops.signalprocessing.Interp", "pylops.signalprocessing.Interp", "pylops.signalprocessing.Interp", "pylops.Restriction.mask", "matplotlib.figure", "plt.figure.add_axes", "numpy.random.normal", "int", "numpy.round", "numpy.sort", "pylops.Restriction", "pylops.Restriction.mask", "matplotlib.subplots", "matplotlib.close", "numpy.random.seed", "matplotlib.plot", "matplotlib.plot", "matplotlib.plot", "matplotlib.plot", "matplotlib.plot", "matplotlib.legend", "matplotlib.title", "fig.add_axes.plot", "fig.add_axes.plot", "fig.add_axes.plot", "fig.add_axes.plot", "fig.add_axes.plot", "fig.add_axes.set_xlim", "fig.add_axes.set_ylim", "axs[].imshow", "axs[].set_title", "axs[].axis", "axs[].imshow", "axs[].set_title", "axs[].axis", "axs[].imshow", "axs[].set_title", "axs[].axis"], "store_vars_calls": {"x": "np.random.normal", "ntsub": "int", "isample": "np.arange", "iava": "np.sort", "Rop": "pylops.Restriction", "null": "plt.subplots", "ymask": "Rop.mask", "fig": "plt.figure", "subax": "fig.add_axes", "nxsub": "int"}}, "is_test": false}