{"file": {"path": "/Users/rakshithagnanasekaran/desktop/inspect4py/test/test_files/pylops/pylops/basicoperators/__init__.py", "fileNameBase": "__init__", "extension": "py"}, "dependencies": [{"from_module": "FunctionOperator", "import": "FunctionOperator", "type": "internal"}, {"from_module": "MemoizeOperator", "import": "MemoizeOperator", "type": "internal"}, {"from_module": "Regression", "import": "Regression", "type": "internal"}, {"from_module": "LinearRegression", "import": "LinearRegression", "type": "internal"}, {"from_module": "MatrixMult", "import": "MatrixMult", "type": "internal"}, {"from_module": "Diagonal", "import": "Diagonal", "type": "internal"}, {"from_module": "Zero", "import": "Zero", "type": "internal"}, {"from_module": "Identity", "import": "Identity", "type": "internal"}, {"from_module": "Restriction", "import": "Restriction", "type": "internal"}, {"from_module": "Flip", "import": "Flip", "type": "internal"}, {"from_module": "Symmetrize", "import": "Symmetrize", "type": "internal"}, {"from_module": "Spread", "import": "Spread", "type": "internal"}, {"from_module": "Transpose", "import": "Transpose", "type": "internal"}, {"from_module": "Roll", "import": "Roll", "type": "internal"}, {"from_module": "Pad", "import": "Pad", "type": "internal"}, {"from_module": "Sum", "import": "Sum", "type": "internal"}, {"from_module": "Real", "import": "Real", "type": "internal"}, {"from_module": "Imag", "import": "Imag", "type": "internal"}, {"from_module": "Conj", "import": "Conj", "type": "internal"}, {"from_module": "VStack", "import": "VStack", "type": "internal"}, {"from_module": "HStack", "import": "HStack", "type": "internal"}, {"from_module": "Block", "import": "Block", "type": "internal"}, {"from_module": "BlockDiag", "import": "BlockDiag", "type": "internal"}, {"from_module": "Kronecker", "import": "Kronecker", "type": "internal"}, {"from_module": "Smoothing1D", "import": "Smoothing1D", "type": "internal"}, {"from_module": "Smoothing2D", "import": "Smoothing2D", "type": "internal"}, {"from_module": "CausalIntegration", "import": "CausalIntegration", "type": "internal"}, {"from_module": "FirstDerivative", "import": "FirstDerivative", "type": "internal"}, {"from_module": "SecondDerivative", "import": "SecondDerivative", "type": "internal"}, {"from_module": "Laplacian", "import": "Laplacian", "type": "internal"}, {"from_module": "Gradient", "import": "Gradient", "type": "internal"}, {"from_module": "DirectionalDerivative", "import": "FirstDirectionalDerivative", "type": "internal"}, {"from_module": "DirectionalDerivative", "import": "SecondDirectionalDerivative", "type": "internal"}], "is_test": false}