{"file": {"path": "/Users/rakshithagnanasekaran/desktop/inspect4py/test/test_files/pylops/pylops/basicoperators/_Spread_numba.py", "fileNameBase": "_Spread_numba", "extension": "py"}, "dependencies": [{"import": "os", "type": "external"}, {"from_module": "numba", "import": "jit", "type": "external"}, {"from_module": "numba", "import": "prange", "type": "external"}], "functions": {"_matvec_numba_table": {"doc": {"long_description": "See official documentation for description of variables", "short_description": "numba implementation of forward mode with table."}, "args": ["x", "y", "dims", "interp", "table", "dtable"], "min_max_lineno": {"min_lineno": 9, "max_lineno": 31}, "calls": ["numba.jit", "x.reshape.reshape", "range", "y.ravel", "range", "enumerate", "int"], "store_vars_calls": {"x": "x.reshape", "index": "int"}}, "_rmatvec_numba_table": {"doc": {"long_description": "See official documentation for description of variables", "short_description": "numba implementation of adjoint mode with table."}, "args": ["x", "y", "dims", "dimsd", "interp", "table", "dtable"], "min_max_lineno": {"min_lineno": 32, "max_lineno": 54}, "calls": ["numba.jit", "x.reshape.reshape", "numba.prange", "y.ravel", "range", "enumerate", "int"], "store_vars_calls": {"x": "x.reshape", "index": "int"}}, "_matvec_numba_onthefly": {"doc": {"long_description": "See official documentation for description of variables", "short_description": "numba implementation of forward mode with on-the-fly computations."}, "args": ["x", "y", "dims", "interp", "fh"], "min_max_lineno": {"min_lineno": 55, "max_lineno": 77}, "calls": ["numba.jit", "x.reshape.reshape", "range", "y.ravel", "range", "enumerate", "fh", "fh", "int"], "store_vars_calls": {"x": "x.reshape", "index": "int"}}, "_rmatvec_numba_onthefly": {"doc": {"long_description": "See official documentation for description of variables", "short_description": "numba implementation of adjoint mode with on-the-fly computations."}, "args": ["x", "y", "dims", "dimsd", "interp", "fh"], "min_max_lineno": {"min_lineno": 78, "max_lineno": 100}, "calls": ["numba.jit", "x.reshape.reshape", "numba.prange", "y.ravel", "range", "enumerate", "fh", "fh", "int"], "store_vars_calls": {"x": "x.reshape", "index": "int"}}}, "body": {"calls": ["int", "os.getenv"], "store_vars_calls": {"numba_threads": "int"}}, "is_test": false}