{"file": {"path": "/Users/rakshithagnanasekaran/desktop/inspect4py/test/test_files/pylops/pylops/basicoperators/BlockDiag.py", "fileNameBase": "BlockDiag", "extension": "py"}, "dependencies": [{"import": "multiprocessing", "alias": "mp", "type": "external"}, {"import": "numpy", "alias": "np", "type": "external"}, {"from_module": "scipy.sparse.linalg.interface", "import": "_get_dtype", "type": "external"}, {"from_module": "scipy.sparse.linalg.interface", "import": "LinearOperator", "alias": "spLinearOperator", "type": "external"}, {"from_module": "pylops", "import": "LinearOperator", "type": "external"}, {"from_module": "pylops.basicoperators", "import": "MatrixMult", "type": "external"}, {"from_module": "pylops.utils.backend", "import": "get_array_module", "type": "external"}], "classes": {"BlockDiag": {"doc": {"long_description": "Create a block-diagonal operator from N linear operators.", "short_description": "Block-diagonal operator.", "full": "Block-diagonal operator.\n\nCreate a block-diagonal operator from N linear operators.\n\nParameters\n----------\nops : :obj:`list`\n    Linear operators to be stacked. Alternatively,\n    :obj:`numpy.ndarray` or :obj:`scipy.sparse` matrices can be passed\n    in place of one or more operators.\nnproc : :obj:`int`, optional\n    Number of processes used to evaluate the N operators in parallel using\n    ``multiprocessing``. If ``nproc=1``, work in serial mode.\ndtype : :obj:`str`, optional\n    Type of elements in input array.\n\nAttributes\n----------\nshape : :obj:`tuple`\n    Operator shape\nexplicit : :obj:`bool`\n    Operator contains a matrix that can be solved explicitly (``True``) or\n    not (``False``)\n\nNotes\n-----\nA block-diagonal operator composed of N linear operators is created such\nas its application in forward mode leads to\n\n.. math::\n    \\begin{bmatrix}\n        \\mathbf{L_1}  & \\mathbf{0}   &  ... &  \\mathbf{0}  \\\\\n        \\mathbf{0}    & \\mathbf{L_2} &  ... &  \\mathbf{0}  \\\\\n        ...           & ...          &  ... &  ...         \\\\\n        \\mathbf{0}    & \\mathbf{0}   &  ... &  \\mathbf{L_N}\n    \\end{bmatrix}\n    \\begin{bmatrix}\n        \\mathbf{x}_{1}  \\\\\n        \\mathbf{x}_{2}  \\\\\n        ...     \\\\\n        \\mathbf{x}_{N}\n    \\end{bmatrix} =\n    \\begin{bmatrix}\n        \\mathbf{L_1} \\mathbf{x}_{1}  \\\\\n        \\mathbf{L_2} \\mathbf{x}_{2}  \\\\\n        ...     \\\\\n        \\mathbf{L_N} \\mathbf{x}_{N}\n    \\end{bmatrix}\n\nwhile its application in adjoint mode leads to\n\n.. math::\n    \\begin{bmatrix}\n        \\mathbf{L_1}^H  \\quad \\mathbf{0}    \\quad ... \\quad  \\mathbf{0}  \\\\\n        \\mathbf{0}    \\quad \\mathbf{L_2}^H  \\quad ... \\quad  \\mathbf{0}  \\\\\n        ...           \\quad ...             \\quad ... \\quad  ...         \\\\\n        \\mathbf{0}    \\quad \\mathbf{0}      \\quad ... \\quad  \\mathbf{L_N}^H\n    \\end{bmatrix}\n    \\begin{bmatrix}\n        \\mathbf{y}_{1}  \\\\\n        \\mathbf{y}_{2}  \\\\\n        ...     \\\\\n        \\mathbf{y}_{N}\n    \\end{bmatrix} =\n    \\begin{bmatrix}\n        \\mathbf{L_1}^H \\mathbf{y}_{1}  \\\\\n        \\mathbf{L_2}^H \\mathbf{y}_{2}  \\\\\n        ...     \\\\\n        \\mathbf{L_N}^H \\mathbf{y}_{N}\n    \\end{bmatrix}"}, "extend": ["LinearOperator"], "min_max_lineno": {"min_lineno": 17, "max_lineno": 172}, "methods": {"__init__": {"args": ["self", "ops", "nproc", "dtype"], "min_max_lineno": {"min_lineno": 90, "max_lineno": 116}, "calls": ["numpy.zeros", "numpy.zeros", "enumerate", "int", "int", "numpy.insert", "numpy.insert", "all", "len", "len", "numpy.zeros.sum", "numpy.zeros.sum", "numpy.cumsum", "numpy.cumsum", "multiprocessing.Pool", "scipy.sparse.linalg.interface._get_dtype", "numpy.dtype", "isinstance", "pylops.basicoperators.MatrixMult", "getattr"], "store_vars_calls": {"mops": "np.zeros", "nops": "np.zeros", "self.nops": "int", "self.mops": "int", "self.nnops": "np.insert", "self.mmops": "np.insert", "self.clinear": "all", "self.pool": "mp.Pool", "self.dtype": "np.dtype"}}, "nproc": {"args": ["self", "nprocnew"], "min_max_lineno": {"min_lineno": 121, "max_lineno": 128}, "calls": ["BlockDiag.BlockDiag.pool.close", "multiprocessing.Pool"], "store_vars_calls": {"self.pool": "mp.Pool"}}, "_matvec_serial": {"args": ["self", "x"], "returns": [["y"]], "min_max_lineno": {"min_lineno": 129, "max_lineno": 136}, "calls": ["pylops.utils.backend.get_array_module", "pylops.utils.backend.get_array_module.zeros", "enumerate", "oper.matvec().squeeze", "oper.matvec"], "store_vars_calls": {"ncp": "get_array_module", "y": "ncp.zeros"}}, "_rmatvec_serial": {"args": ["self", "x"], "returns": [["y"]], "min_max_lineno": {"min_lineno": 137, "max_lineno": 144}, "calls": ["pylops.utils.backend.get_array_module", "pylops.utils.backend.get_array_module.zeros", "enumerate", "oper.rmatvec().squeeze", "oper.rmatvec"], "store_vars_calls": {"ncp": "get_array_module", "y": "ncp.zeros"}}, "_matvec_multiproc": {"args": ["self", "x"], "returns": [["y"]], "min_max_lineno": {"min_lineno": 145, "max_lineno": 151}, "calls": ["BlockDiag.BlockDiag.pool.starmap", "numpy.hstack", "enumerate"], "store_vars_calls": {"ys": "self.pool.starmap", "y": "np.hstack"}}, "_rmatvec_multiproc": {"args": ["self", "x"], "returns": [["y"]], "min_max_lineno": {"min_lineno": 152, "max_lineno": 158}, "calls": ["BlockDiag.BlockDiag.pool.starmap", "numpy.hstack", "enumerate"], "store_vars_calls": {"ys": "self.pool.starmap", "y": "np.hstack"}}, "_matvec": {"args": ["self", "x"], "returns": [["y"]], "min_max_lineno": {"min_lineno": 159, "max_lineno": 165}, "calls": ["BlockDiag.BlockDiag._matvec_serial", "BlockDiag.BlockDiag._matvec_multiproc"], "store_vars_calls": {"y": "self._matvec_multiproc"}}, "_rmatvec": {"args": ["self", "x"], "returns": [["y"]], "min_max_lineno": {"min_lineno": 166, "max_lineno": 172}, "calls": ["BlockDiag.BlockDiag._rmatvec_serial", "BlockDiag.BlockDiag._rmatvec_multiproc"], "store_vars_calls": {"y": "self._rmatvec_multiproc"}}}}}, "functions": {"_matvec_rmatvec_map": {"doc": {"short_description": "matvec/rmatvec for multiprocessing"}, "args": ["op", "x"], "min_max_lineno": {"min_lineno": 11, "max_lineno": 15}, "calls": ["op().squeeze", "op"]}}, "is_test": false}