{"file": {"path": "/Users/rakshithagnanasekaran/desktop/inspect4py/test/test_files/pylops/pylops/basicoperators/CausalIntegration.py", "fileNameBase": "CausalIntegration", "extension": "py"}, "dependencies": [{"import": "numpy", "alias": "np", "type": "external"}, {"from_module": "pylops", "import": "LinearOperator", "type": "external"}], "classes": {"CausalIntegration": {"doc": {"long_description": "Apply causal integration to a multi-dimensional array along ``dir`` axis.", "short_description": "Causal integration.", "full": "Causal integration.\n\nApply causal integration to a multi-dimensional array along ``dir`` axis.\n\nParameters\n----------\nN : :obj:`int`\n    Number of samples in model.\ndims : :obj:`list`, optional\n    Number of samples for each dimension\n    (``None`` if only one dimension is available)\ndir : :obj:`int`, optional\n    Direction along which smoothing is applied.\nsampling : :obj:`float`, optional\n    Sampling step ``dx``.\nhalfcurrent : :obj:`float`, optional\n    Add half of current value (``True``) or the entire value (``False``)\ndtype : :obj:`str`, optional\n    Type of elements in input array.\n\nAttributes\n----------\nshape : :obj:`tuple`\n    Operator shape\nexplicit : :obj:`bool`\n    Operator contains a matrix that can be solved explicitly (``True``)\n    or not (``False``)\n\nNotes\n-----\nThe CausalIntegration operator applies a causal integration to any chosen\ndirection of a multi-dimensional array.\n\nFor simplicity, given a one dimensional array, the causal integration is:\n\n.. math::\n    y(t) = \\int x(t) dt\n\nwhich can be discretised as :\n\n.. math::\n    y[i] = \\sum_{j=0}^i x[j] dt\n\nor\n\n.. math::\n    y[i] = (\\sum_{j=0}^{i-1} x[j] + 0.5x[i]) dt\n\nwhere :math:`dt` is the ``sampling`` interval. In our implementation, the\nchoice to add :math:`x[i]` or just :math:`0.5x[i]` is made by selecting\nthe ``halfcurrent`` parameter.\n\nNote that the integral of a signal has no unique solution, as any constant\n:math:`c` can be added to :math:`y`, for example if :math:`x(t)=t^2` the\nresulting integration is:\n\n.. math::\n    y(t) = \\int t^2 dt = \\frac{t^3}{3} + c\n\nIf we apply a first derivative to :math:`y` we in fact obtain:\n\n.. math::\n    x(t) = \\frac{dy}{dt} = t^2\n\nno matter the choice of :math:`c`."}, "extend": ["LinearOperator"], "min_max_lineno": {"min_lineno": 5, "max_lineno": 119}, "methods": {"__init__": {"args": ["self", "N", "dims", "dir", "sampling", "halfcurrent", "dtype"], "min_max_lineno": {"min_lineno": 73, "max_lineno": 91}, "calls": ["numpy.dtype", "numpy.prod", "ValueError"], "store_vars_calls": {"self.dtype": "np.dtype"}}, "_matvec": {"args": ["self", "x"], "min_max_lineno": {"min_lineno": 92, "max_lineno": 103}, "calls": ["numpy.swapaxes.ravel", "numpy.reshape", "numpy.swapaxes", "numpy.cumsum", "numpy.swapaxes"], "store_vars_calls": {"x": "np.swapaxes", "y": "np.swapaxes"}}, "_rmatvec": {"args": ["self", "x"], "min_max_lineno": {"min_lineno": 104, "max_lineno": 119}, "calls": ["numpy.flip", "numpy.flip", "numpy.swapaxes.ravel", "numpy.reshape", "numpy.swapaxes", "numpy.swapaxes", "numpy.cumsum", "numpy.cumsum"], "store_vars_calls": {"xflip": "np.flip", "y": "np.swapaxes", "x": "np.swapaxes"}}}}}, "is_test": false}