{"file": {"path": "/Users/rakshithagnanasekaran/desktop/inspect4py/test/test_files/pylops/pylops/basicoperators/Conj.py", "fileNameBase": "Conj", "extension": "py"}, "dependencies": [{"import": "numpy", "alias": "np", "type": "external"}, {"from_module": "pylops", "import": "LinearOperator", "type": "external"}, {"from_module": "pylops.utils.backend", "import": "get_array_module", "type": "external"}], "classes": {"Conj": {"doc": {"long_description": "Return the complex conjugate of the input. It is self-adjoint.", "short_description": "Complex conjugate operator.", "full": "Complex conjugate operator.\n\nReturn the complex conjugate of the input. It is self-adjoint.\n\nParameters\n----------\ndims : :obj:`int` or :obj:`tuple`\n    Number of samples for each dimension\ndtype : :obj:`str`, optional\n    Type of elements in input array.\n\nAttributes\n----------\nshape : :obj:`tuple`\n    Operator shape\nexplicit : :obj:`bool`\n    Operator contains a matrix that can be solved explicitly (``True``) or\n    not (``False``)\n\nNotes\n-----\nIn forward mode:\n\n.. math::\n\n    y_{i} = \\Re\\{x_{i}\\} - i\\Im\\{x_{i}\\} \\quad \\forall i=0,...,N\n\nIn adjoint mode:\n\n.. math::\n\n    x_{i} = \\Re\\{y_{i}\\} - i\\Im\\{y_{i}\\} \\quad \\forall i=0,...,N"}, "extend": ["LinearOperator"], "min_max_lineno": {"min_lineno": 6, "max_lineno": 55}, "methods": {"__init__": {"args": ["self", "dims", "dtype"], "min_max_lineno": {"min_lineno": 41, "max_lineno": 47}, "calls": ["numpy.dtype", "numpy.prod", "numpy.prod", "numpy.array", "numpy.array"], "store_vars_calls": {"self.dtype": "np.dtype"}}, "_matvec": {"args": ["self", "x"], "min_max_lineno": {"min_lineno": 48, "max_lineno": 51}, "calls": ["pylops.utils.backend.get_array_module", "pylops.utils.backend.get_array_module.conj"], "store_vars_calls": {"ncp": "get_array_module"}}, "_rmatvec": {"args": ["self", "x"], "min_max_lineno": {"min_lineno": 52, "max_lineno": 55}, "calls": ["pylops.utils.backend.get_array_module", "pylops.utils.backend.get_array_module.conj"], "store_vars_calls": {"ncp": "get_array_module"}}}}}, "is_test": false}