{"file": {"path": "/Users/rakshithagnanasekaran/desktop/inspect4py/test/test_files/pylops/pylops/basicoperators/Diagonal.py", "fileNameBase": "Diagonal", "extension": "py"}, "dependencies": [{"import": "numpy", "alias": "np", "type": "external"}, {"from_module": "pylops", "import": "LinearOperator", "type": "external"}, {"from_module": "pylops.utils.backend", "import": "get_array_module", "type": "external"}, {"from_module": "pylops.utils.backend", "import": "to_cupy_conditional", "type": "external"}], "classes": {"Diagonal": {"doc": {"long_description": "Applies element-wise multiplication of the input vector with the vector\n``diag`` in forward and with its complex conjugate in adjoint mode.\n\nThis operator can also broadcast; in this case the input vector is\nreshaped into its dimensions ``dims`` and the element-wise multiplication\nwith ``diag`` is perfomed on the direction ``dir``. Note that the\nvector ``diag`` will need to have size equal to ``dims[dir]``.", "short_description": "Diagonal operator.", "full": "Diagonal operator.\n\nApplies element-wise multiplication of the input vector with the vector\n``diag`` in forward and with its complex conjugate in adjoint mode.\n\nThis operator can also broadcast; in this case the input vector is\nreshaped into its dimensions ``dims`` and the element-wise multiplication\nwith ``diag`` is perfomed on the direction ``dir``. Note that the\nvector ``diag`` will need to have size equal to ``dims[dir]``.\n\nParameters\n----------\ndiag : :obj:`numpy.ndarray`\n    Vector to be used for element-wise multiplication.\ndims : :obj:`list`, optional\n    Number of samples for each dimension\n    (``None`` if only one dimension is available)\ndir : :obj:`int`, optional\n    Direction along which multiplication is applied.\ndtype : :obj:`str`, optional\n    Type of elements in input array.\n\nAttributes\n----------\nshape : :obj:`tuple`\n    Operator shape\nexplicit : :obj:`bool`\n    Operator contains a matrix that can be solved explicitly (``True``) or\n    not (``False``)\n\nNotes\n-----\nElement-wise multiplication between the model :math:`\\mathbf{x}` and/or\ndata :math:`\\mathbf{y}` vectors and the array :math:`\\mathbf{d}`\ncan be expressed as\n\n.. math::\n\n    y_i = d_i x_i  \\quad \\forall i=1,2,...,N\n\nThis is equivalent to a matrix-vector multiplication with a matrix\ncontaining the vector :math:`\\mathbf{d}` along its main diagonal.\n\nFor real-valued ``diag``, the Diagonal operator is self-adjoint as the\nadjoint of a diagonal matrix is the diagonal matrix itself. For\ncomplex-valued ``diag``, the adjoint is equivalent to the element-wise\nmultiplication with the complex conjugate elements of ``diag``."}, "extend": ["LinearOperator"], "min_max_lineno": {"min_lineno": 6, "max_lineno": 121}, "methods": {"__init__": {"args": ["self", "diag", "dims", "dir", "dtype"], "min_max_lineno": {"min_lineno": 56, "max_lineno": 73}, "calls": ["pylops.utils.backend.get_array_module", "diag.flatten", "numpy.dtype", "pylops.utils.backend.get_array_module.iscomplexobj", "Diagonal.Diagonal.diag.reshape", "len", "len", "len", "numpy.prod", "numpy.prod"], "store_vars_calls": {"ncp": "get_array_module", "self.diag": "self.diag.reshape", "self.dtype": "np.dtype"}}, "_matvec": {"args": ["self", "x"], "min_max_lineno": {"min_lineno": 74, "max_lineno": 83}, "calls": ["y.ravel", "type", "type", "pylops.utils.backend.to_cupy_conditional", "x.reshape.reshape.reshape", "x.reshape.reshape.ravel"], "store_vars_calls": {"self.diag": "to_cupy_conditional", "x": "x.reshape"}}, "_rmatvec": {"args": ["self", "x"], "min_max_lineno": {"min_lineno": 84, "max_lineno": 97}, "calls": ["y.ravel", "type", "type", "pylops.utils.backend.to_cupy_conditional", "Diagonal.Diagonal.diag.conj", "x.reshape.reshape.reshape", "x.reshape.reshape.ravel"], "store_vars_calls": {"self.diag": "to_cupy_conditional", "diagadj": "self.diag.conj", "x": "x.reshape"}}, "matrix": {"doc": {"short_description": "Return diagonal matrix as dense :obj:`numpy.ndarray`", "returns": {"description": "Dense matrix.", "type_name": ":obj:`numpy.ndarray`", "is_generator": false, "return_name": "densemat"}}, "args": ["self"], "returns": [["densemat"]], "min_max_lineno": {"min_lineno": 98, "max_lineno": 110}, "calls": ["pylops.utils.backend.get_array_module", "pylops.utils.backend.get_array_module.diag", "Diagonal.Diagonal.diag.squeeze"], "store_vars_calls": {"ncp": "get_array_module", "densemat": "ncp.diag"}}, "todense": {"doc": {"long_description": "operator", "short_description": "Fast implementation of todense based on known structure of the", "returns": {"description": "Dense matrix.", "type_name": ":obj:`numpy.ndarray`", "is_generator": false, "return_name": "densemat"}}, "args": ["self"], "min_max_lineno": {"min_lineno": 111, "max_lineno": 121}, "calls": ["Diagonal.Diagonal.matrix"]}}}}, "is_test": false}