{"file": {"path": "/Users/rakshithagnanasekaran/desktop/inspect4py/test/test_files/pylops/pylops/basicoperators/DirectionalDerivative.py", "fileNameBase": "DirectionalDerivative", "extension": "py"}, "dependencies": [{"from_module": "pylops", "import": "LinearOperator", "type": "external"}, {"from_module": "pylops.basicoperators", "import": "Gradient", "type": "external"}, {"from_module": "pylops.basicoperators", "import": "Diagonal", "type": "external"}, {"from_module": "pylops.basicoperators", "import": "Sum", "type": "external"}], "functions": {"FirstDirectionalDerivative": {"doc": {"long_description": "Apply directional derivative operator to a multi-dimensional\narray (at least 2 dimensions are required) along either a single common\ndirection or different directions for each point of the array.", "short_description": "First Directional derivative.", "args": {"dims": {"description": "Number of samples for each dimension.", "type_name": ":obj:`tuple`", "is_optional": false}, "v": {"description": "Single direction (array of size :math:`n_{dims}`) or group of directions\n(array of size :math:`[n_{dims} \\times n_{d0} \\times ... \\times n_{d_{n_{dims}}}]`)", "type_name": ":obj:`np.ndarray`", "is_optional": true}, "sampling": {"description": "Sampling steps for each direction.", "type_name": ":obj:`tuple`", "is_optional": true}, "edge": {"description": "Use reduced order derivative at edges (``True``) or\nignore them (``False``).", "type_name": ":obj:`bool`", "is_optional": true}, "dtype": {"description": "Type of elements in input array.", "type_name": ":obj:`str`", "is_optional": true}, "kind": {"description": "Derivative kind (``forward``, ``centered``, or ``backward``).", "type_name": ":obj:`str`", "is_optional": true}}, "returns": {"description": "First directional derivative linear operator", "type_name": ":obj:`pylops.LinearOperator`", "is_generator": false, "return_name": "ddop"}}, "args": ["dims", "v", "sampling", "edge", "dtype", "kind"], "min_max_lineno": {"min_lineno": 5, "max_lineno": 67}, "calls": ["pylops.basicoperators.Gradient", "pylops.basicoperators.Sum", "pylops.LinearOperator", "pylops.basicoperators.Diagonal", "pylops.basicoperators.Diagonal", "v.ravel", "list", "list", "len", "len"], "store_vars_calls": {"Gop": "Gradient", "Sop": "Sum", "Dop": "Diagonal"}}, "SecondDirectionalDerivative": {"doc": {"long_description": "Apply second directional derivative operator to a multi-dimensional\narray (at least 2 dimensions are required) along either a single common\ndirection or different directions for each point of the array.", "short_description": "Second Directional derivative.", "args": {"dims": {"description": "Number of samples for each dimension.", "type_name": ":obj:`tuple`", "is_optional": false}, "v": {"description": "Single direction (array of size :math:`n_{dims}`) or group of directions\n(array of size :math:`[n_{dims} \\times n_{d0} \\times ... \\times n_{d_{n_{dims}}}]`)", "type_name": ":obj:`np.ndarray`", "is_optional": true}, "sampling": {"description": "Sampling steps for each direction.", "type_name": ":obj:`tuple`", "is_optional": true}, "edge": {"description": "Use reduced order derivative at edges (``True``) or\nignore them (``False``).", "type_name": ":obj:`bool`", "is_optional": true}, "dtype": {"description": "Type of elements in input array.", "type_name": ":obj:`str`", "is_optional": true}}, "returns": {"description": "Second directional derivative linear operator", "type_name": ":obj:`pylops.LinearOperator`", "is_generator": false, "return_name": "ddop"}}, "args": ["dims", "v", "sampling", "edge", "dtype"], "min_max_lineno": {"min_lineno": 69, "max_lineno": 117}, "calls": ["DirectionalDerivative.FirstDirectionalDerivative", "pylops.LinearOperator"], "store_vars_calls": {"Dop": "FirstDirectionalDerivative"}}}, "is_test": false}