{"file": {"path": "/Users/rakshithagnanasekaran/desktop/inspect4py/test/test_files/pylops/pylops/basicoperators/FirstDerivative.py", "fileNameBase": "FirstDerivative", "extension": "py"}, "dependencies": [{"import": "numpy", "alias": "np", "type": "external"}, {"from_module": "pylops", "import": "LinearOperator", "type": "external"}, {"from_module": "pylops.utils.backend", "import": "get_array_module", "type": "external"}], "classes": {"FirstDerivative": {"doc": {"long_description": "Apply first derivative.", "short_description": "First derivative.", "full": "First derivative.\n\nApply first derivative.\n\nParameters\n----------\nN : :obj:`int`\n    Number of samples in model.\ndims : :obj:`tuple`, optional\n    Number of samples for each dimension\n    (``None`` if only one dimension is available)\ndir : :obj:`int`, optional\n    Direction along which the derivative is applied.\nsampling : :obj:`float`, optional\n    Sampling step ``dx``.\nedge : :obj:`bool`, optional\n    Use reduced order derivative at edges (``True``) or\n    ignore them (``False``)\ndtype : :obj:`str`, optional\n    Type of elements in input array.\nkind : :obj:`str`, optional\n    Derivative kind (``forward``, ``centered``, or ``backward``).\n\nAttributes\n----------\nshape : :obj:`tuple`\n    Operator shape\nexplicit : :obj:`bool`\n    Operator contains a matrix that can be solved explicitly (``True``) or\n    not (``False``)\n\nNotes\n-----\nThe FirstDerivative operator applies a first derivative to any chosen\ndirection of a multi-dimensional array using either a second-order\ncentered stencil or first-order forward/backward stencils.\n\nFor simplicity, given a one dimensional array, the second-order centered\nfirst derivative is:\n\n.. math::\n    y[i] = (0.5x[i+1] - 0.5x[i-1]) / dx\n\nwhile the first-order forward stencil is:\n\n.. math::\n    y[i] = (x[i+1] - x[i]) / dx\n\nand the first-order backward stencil is:\n\n.. math::\n    y[i] = (x[i] - x[i-1]) / dx"}, "extend": ["LinearOperator"], "min_max_lineno": {"min_lineno": 6, "max_lineno": 218}, "methods": {"__init__": {"args": ["self", "N", "dims", "dir", "sampling", "edge", "dtype", "kind"], "min_max_lineno": {"min_lineno": 61, "max_lineno": 93}, "calls": ["numpy.dtype", "numpy.prod", "ValueError", "len", "NotImplementedError"], "store_vars_calls": {"self.dtype": "np.dtype"}}, "_matvec_forward": {"args": ["self", "x"], "returns": [["y"]], "min_max_lineno": {"min_lineno": 95, "max_lineno": 111}, "calls": ["pylops.utils.backend.get_array_module", "pylops.utils.backend.get_array_module.swapaxes.squeeze", "pylops.utils.backend.get_array_module.zeros", "pylops.utils.backend.get_array_module.reshape", "pylops.utils.backend.get_array_module.zeros", "pylops.utils.backend.get_array_module.swapaxes.ravel", "pylops.utils.backend.get_array_module.swapaxes", "pylops.utils.backend.get_array_module.swapaxes"], "store_vars_calls": {"ncp": "get_array_module", "x": "ncp.swapaxes", "y": "ncp.swapaxes"}}, "_rmatvec_forward": {"args": ["self", "x"], "returns": [["y"]], "min_max_lineno": {"min_lineno": 112, "max_lineno": 130}, "calls": ["pylops.utils.backend.get_array_module", "pylops.utils.backend.get_array_module.swapaxes.squeeze", "pylops.utils.backend.get_array_module.zeros", "pylops.utils.backend.get_array_module.reshape", "pylops.utils.backend.get_array_module.zeros", "pylops.utils.backend.get_array_module.swapaxes.ravel", "pylops.utils.backend.get_array_module.swapaxes", "pylops.utils.backend.get_array_module.swapaxes"], "store_vars_calls": {"ncp": "get_array_module", "x": "ncp.swapaxes", "y": "ncp.swapaxes"}}, "_matvec_centered": {"args": ["self", "x"], "returns": [["y"]], "min_max_lineno": {"min_lineno": 131, "max_lineno": 153}, "calls": ["pylops.utils.backend.get_array_module", "pylops.utils.backend.get_array_module.swapaxes.squeeze", "pylops.utils.backend.get_array_module.zeros", "pylops.utils.backend.get_array_module.reshape", "pylops.utils.backend.get_array_module.zeros", "pylops.utils.backend.get_array_module.swapaxes.ravel", "pylops.utils.backend.get_array_module.swapaxes", "pylops.utils.backend.get_array_module.swapaxes"], "store_vars_calls": {"ncp": "get_array_module", "x": "ncp.swapaxes", "y": "ncp.swapaxes"}}, "_rmatvec_centered": {"args": ["self", "x"], "returns": [["y"]], "min_max_lineno": {"min_lineno": 154, "max_lineno": 182}, "calls": ["pylops.utils.backend.get_array_module", "pylops.utils.backend.get_array_module.swapaxes.squeeze", "pylops.utils.backend.get_array_module.zeros", "pylops.utils.backend.get_array_module.reshape", "pylops.utils.backend.get_array_module.zeros", "pylops.utils.backend.get_array_module.swapaxes.ravel", "pylops.utils.backend.get_array_module.swapaxes", "pylops.utils.backend.get_array_module.swapaxes"], "store_vars_calls": {"ncp": "get_array_module", "x": "ncp.swapaxes", "y": "ncp.swapaxes"}}, "_matvec_backward": {"args": ["self", "x"], "returns": [["y"]], "min_max_lineno": {"min_lineno": 183, "max_lineno": 199}, "calls": ["pylops.utils.backend.get_array_module", "pylops.utils.backend.get_array_module.swapaxes.squeeze", "pylops.utils.backend.get_array_module.zeros", "pylops.utils.backend.get_array_module.reshape", "pylops.utils.backend.get_array_module.zeros", "pylops.utils.backend.get_array_module.swapaxes.ravel", "pylops.utils.backend.get_array_module.swapaxes", "pylops.utils.backend.get_array_module.swapaxes"], "store_vars_calls": {"ncp": "get_array_module", "x": "ncp.swapaxes", "y": "ncp.swapaxes"}}, "_rmatvec_backward": {"args": ["self", "x"], "returns": [["y"]], "min_max_lineno": {"min_lineno": 200, "max_lineno": 218}, "calls": ["pylops.utils.backend.get_array_module", "pylops.utils.backend.get_array_module.swapaxes.squeeze", "pylops.utils.backend.get_array_module.zeros", "pylops.utils.backend.get_array_module.reshape", "pylops.utils.backend.get_array_module.zeros", "pylops.utils.backend.get_array_module.swapaxes.ravel", "pylops.utils.backend.get_array_module.swapaxes", "pylops.utils.backend.get_array_module.swapaxes"], "store_vars_calls": {"ncp": "get_array_module", "x": "ncp.swapaxes", "y": "ncp.swapaxes"}}}}}, "is_test": false}