{"file": {"path": "/Users/rakshithagnanasekaran/desktop/inspect4py/test/test_files/pylops/pylops/basicoperators/Flip.py", "fileNameBase": "Flip", "extension": "py"}, "dependencies": [{"import": "numpy", "alias": "np", "type": "external"}, {"from_module": "pylops", "import": "LinearOperator", "type": "external"}], "classes": {"Flip": {"doc": {"long_description": "Flip a multi-dimensional array along a specified direction ``dir``.", "short_description": "Flip along an axis.", "full": "Flip along an axis.\n\nFlip a multi-dimensional array along a specified direction ``dir``.\n\nParameters\n----------\nN : :obj:`int`\n    Number of samples in model.\ndims : :obj:`list`, optional\n    Number of samples for each dimension\n    (``None`` if only one dimension is available)\ndir : :obj:`int`, optional\n    Direction along which flipping is applied.\ndtype : :obj:`str`, optional\n    Type of elements in input array.\n\nAttributes\n----------\nshape : :obj:`tuple`\n    Operator shape\nexplicit : :obj:`bool`\n    Operator contains a matrix that can be solved explicitly\n    (``True``) or not (``False``)\n\nNotes\n-----\nThe Flip operator flips the input model (and data) along any chosen\ndirection. For simplicity, given a one dimensional array,\nin forward mode this is equivalent to:\n\n.. math::\n    y[i] = x[N-i] \\quad \\forall i=0,1,2,...,N-1\n\nwhere :math:`N` is the lenght of the input model. As this operator is\nself-adjoint, :math:`x` and :math:`y` in the equation above are simply\nswapped in adjoint mode."}, "extend": ["LinearOperator"], "min_max_lineno": {"min_lineno": 5, "max_lineno": 70}, "methods": {"__init__": {"args": ["self", "N", "dims", "dir", "dtype"], "min_max_lineno": {"min_lineno": 44, "max_lineno": 59}, "calls": ["numpy.dtype", "numpy.prod", "ValueError"], "store_vars_calls": {"self.dtype": "np.dtype"}}, "_matvec": {"args": ["self", "x"], "returns": [["y"]], "min_max_lineno": {"min_lineno": 60, "max_lineno": 67}, "calls": ["numpy.flip", "numpy.reshape", "y.ravel.ravel.ravel"], "store_vars_calls": {"y": "y.ravel", "x": "np.reshape"}}, "_rmatvec": {"args": ["self", "x"], "min_max_lineno": {"min_lineno": 68, "max_lineno": 70}, "calls": ["Flip.Flip._matvec"]}}}}, "is_test": false}