{"file": {"path": "/Users/rakshithagnanasekaran/desktop/inspect4py/test/test_files/pylops/pylops/basicoperators/FunctionOperator.py", "fileNameBase": "FunctionOperator", "extension": "py"}, "dependencies": [{"from_module": "numbers", "import": "Integral", "type": "external"}, {"from_module": "pylops", "import": "LinearOperator", "type": "external"}], "classes": {"FunctionOperator": {"doc": {"long_description": "Simple wrapper to functions for forward `f` and adjoint `fc`\nmultiplication.\n\nFunctions :math:`f` and :math:`fc` are such that\n:math:`f:\\mathbb{F}^m \\to \\mathbb{F}^n` and\n:math:`fc:\\mathbb{F}^n \\to \\mathbb{F}^m` where :math:`\\mathbb{F}` is\nthe appropriate underlying type (e.g., :math:`\\mathbb{R}` for real or\n:math:`\\mathbb{C}` for complex)\n\nFunctionOperator can be called in the following ways:\n``FunctionOperator(f, n)``, ``FunctionOperator(f, n, m)``,\n``FunctionOperator(f, fc, n)``, and ``FunctionOperator(f, fc, n, m)``.\n\nThe first two methods can only be used for forward modelling and\nwill return `NotImplementedError` if the adjoint is called.\nThe first and third method assume the matrix (or matrices) to be square.\nAll methods can be called with the `dtype` keyword argument.", "short_description": "Function Operator.", "full": "Function Operator.\n\nSimple wrapper to functions for forward `f` and adjoint `fc`\nmultiplication.\n\nFunctions :math:`f` and :math:`fc` are such that\n:math:`f:\\mathbb{F}^m \\to \\mathbb{F}^n` and\n:math:`fc:\\mathbb{F}^n \\to \\mathbb{F}^m` where :math:`\\mathbb{F}` is\nthe appropriate underlying type (e.g., :math:`\\mathbb{R}` for real or\n:math:`\\mathbb{C}` for complex)\n\nFunctionOperator can be called in the following ways:\n``FunctionOperator(f, n)``, ``FunctionOperator(f, n, m)``,\n``FunctionOperator(f, fc, n)``, and ``FunctionOperator(f, fc, n, m)``.\n\nThe first two methods can only be used for forward modelling and\nwill return `NotImplementedError` if the adjoint is called.\nThe first and third method assume the matrix (or matrices) to be square.\nAll methods can be called with the `dtype` keyword argument.\n\nParameters\n----------\nf : :obj:`callable`\n    Function for forward multiplication.\nfc : :obj:`callable`, optional\n    Function for adjoint multiplication.\nn : :obj:`int`, optional\n    Number of rows (length of data vector).\nm : :obj:`int`, optional\n    Number of columns (length of model vector).\ndtype : :obj:`str`, optional\n    Type of elements in input array.\n\nAttributes\n----------\nshape : :obj:`tuple`\n    Operator shape :math:`[n \\times m]`\nexplicit : :obj:`bool`\n    Operator contains a matrix that can be solved explicitly (``True``) or\n    not (``False``)\n\nExamples\n--------\n>>> from pylops.basicoperators import FunctionOperator\n>>> def forward(v):\n...     return np.array([2*v[0], 3*v[1]])\n...\n>>> A = FunctionOperator(forward, 2)\n>>> A\n<2x2 FunctionOperator with dtype=float64>\n>>> A.matvec(np.ones(2))\narray([2.,  3.])\n>>> A @ np.ones(2)\narray([2.,  3.])"}, "extend": ["LinearOperator"], "min_max_lineno": {"min_lineno": 5, "max_lineno": 98}, "methods": {"__init__": {"args": ["self", "f"], "min_max_lineno": {"min_lineno": 61, "max_lineno": 89}, "calls": ["pylops.LinearOperator.__init__", "len", "len", "isinstance", "len"]}, "_matvec": {"args": ["self", "x"], "min_max_lineno": {"min_lineno": 90, "max_lineno": 92}, "calls": ["FunctionOperator.FunctionOperator.f"]}, "_rmatvec": {"args": ["self", "x"], "min_max_lineno": {"min_lineno": 93, "max_lineno": 98}, "calls": ["NotImplementedError", "FunctionOperator.FunctionOperator.fc"]}}}}, "is_test": false}