{"file": {"path": "/Users/rakshithagnanasekaran/desktop/inspect4py/test/test_files/pylops/pylops/basicoperators/Gradient.py", "fileNameBase": "Gradient", "extension": "py"}, "dependencies": [{"import": "numpy", "alias": "np", "type": "external"}, {"from_module": "pylops.basicoperators", "import": "FirstDerivative", "type": "external"}, {"from_module": "pylops.basicoperators", "import": "VStack", "type": "external"}], "functions": {"Gradient": {"doc": {"long_description": "Apply gradient operator to a multi-dimensional\narray (at least 2 dimensions are required).", "short_description": "Gradient.", "args": {"dims": {"description": "Number of samples for each dimension.", "type_name": ":obj:`tuple`", "is_optional": false}, "sampling": {"description": "Sampling steps for each direction.", "type_name": ":obj:`tuple`", "is_optional": true}, "edge": {"description": "Use reduced order derivative at edges (``True``) or\nignore them (``False``).", "type_name": ":obj:`bool`", "is_optional": true}, "dtype": {"description": "Type of elements in input array.", "type_name": ":obj:`str`", "is_optional": true}, "kind": {"description": "Derivative kind (``forward``, ``centered``, or ``backward``).", "type_name": ":obj:`str`", "is_optional": true}}, "returns": {"description": "Gradient linear operator", "type_name": ":obj:`pylops.LinearOperator`", "is_generator": false, "return_name": "l2op"}}, "args": ["dims", "sampling", "edge", "dtype", "kind"], "returns": [["gop"]], "min_max_lineno": {"min_lineno": 5, "max_lineno": 67}, "calls": ["len", "isinstance", "pylops.basicoperators.VStack", "pylops.basicoperators.FirstDerivative", "numpy.prod", "range"], "store_vars_calls": {"ndims": "len", "gop": "VStack"}}}, "is_test": false}