{"file": {"path": "/Users/rakshithagnanasekaran/desktop/inspect4py/test/test_files/pylops/pylops/basicoperators/Identity.py", "fileNameBase": "Identity", "extension": "py"}, "dependencies": [{"import": "numpy", "alias": "np", "type": "external"}, {"from_module": "pylops", "import": "LinearOperator", "type": "external"}, {"from_module": "pylops.utils.backend", "import": "get_array_module", "type": "external"}], "classes": {"Identity": {"doc": {"long_description": "Simply move model to data in forward model and viceversa in adjoint mode if\n:math:`M = N`. If :math:`M > N` removes last :math:`M - N` elements from\nmodel in forward and pads with :math:`0` in adjoint. If :math:`N > M`\nremoves last :math:`N - M` elements from data in adjoint and pads with\n:math:`0` in forward.", "short_description": "Identity operator.", "full": "Identity operator.\n\nSimply move model to data in forward model and viceversa in adjoint mode if\n:math:`M = N`. If :math:`M > N` removes last :math:`M - N` elements from\nmodel in forward and pads with :math:`0` in adjoint. If :math:`N > M`\nremoves last :math:`N - M` elements from data in adjoint and pads with\n:math:`0` in forward.\n\nParameters\n----------\nN : :obj:`int`\n    Number of samples in data (and model, if ``M`` is not provided).\nM : :obj:`int`, optional\n    Number of samples in model.\ndtype : :obj:`str`, optional\n    Type of elements in input array.\ninplace : :obj:`bool`, optional\n    Work inplace (``True``) or make a new copy (``False``). By default,\n    data is a reference to the model (in forward) and model is a reference\n    to the data (in adjoint).\n\nAttributes\n----------\nshape : :obj:`tuple`\n    Operator shape\nexplicit : :obj:`bool`\n    Operator contains a matrix that can be solved explicitly (``True``) or\n    not (``False``)\n\nNotes\n-----\nFor :math:`M = N`, an *Identity* operator simply moves the model\n:math:`\\mathbf{x}` to the data :math:`\\mathbf{y}` in forward mode and\nviceversa in adjoint mode:\n\n.. math::\n\n    y_i = x_i  \\quad \\forall i=1,2,...,N\n\nor in matrix form:\n\n.. math::\n\n    \\mathbf{y} = \\mathbf{I} \\mathbf{x} = \\mathbf{x}\n\nand\n\n.. math::\n\n    \\mathbf{x} = \\mathbf{I} \\mathbf{y} = \\mathbf{y}\n\nFor :math:`M > N`, the *Identity* operator takes the first :math:`M`\nelements of the model :math:`\\mathbf{x}` into the data :math:`\\mathbf{y}`\nin forward mode\n\n.. math::\n\n    y_i = x_i  \\quad \\forall i=1,2,...,N\n\nand all the elements of the data :math:`\\mathbf{y}` into the first\n:math:`M` elements of model in adjoint mode (other elements are ``O``):\n\n.. math::\n\n    x_i = y_i  \\quad \\forall i=1,2,...,M\n\n    x_i = 0 \\quad \\forall i=M+1,...,N"}, "extend": ["LinearOperator"], "min_max_lineno": {"min_lineno": 6, "max_lineno": 108}, "methods": {"__init__": {"args": ["self", "N", "M", "dtype", "inplace"], "min_max_lineno": {"min_lineno": 76, "max_lineno": 82}, "calls": ["numpy.dtype"], "store_vars_calls": {"self.dtype": "np.dtype"}}, "_matvec": {"args": ["self", "x"], "returns": [["y"]], "min_max_lineno": {"min_lineno": 83, "max_lineno": 95}, "calls": ["pylops.utils.backend.get_array_module", "x.copy.copy.copy", "pylops.utils.backend.get_array_module.zeros"], "store_vars_calls": {"ncp": "get_array_module", "x": "x.copy", "y": "ncp.zeros"}}, "_rmatvec": {"args": ["self", "x"], "returns": [["y"]], "min_max_lineno": {"min_lineno": 96, "max_lineno": 108}, "calls": ["pylops.utils.backend.get_array_module", "x.copy.copy.copy", "pylops.utils.backend.get_array_module.zeros"], "store_vars_calls": {"ncp": "get_array_module", "x": "x.copy", "y": "ncp.zeros"}}}}}, "is_test": false}