{"file": {"path": "/Users/rakshithagnanasekaran/desktop/inspect4py/test/test_files/pylops/pylops/basicoperators/Imag.py", "fileNameBase": "Imag", "extension": "py"}, "dependencies": [{"import": "numpy", "alias": "np", "type": "external"}, {"from_module": "pylops", "import": "LinearOperator", "type": "external"}, {"from_module": "pylops.utils.backend", "import": "get_array_module", "type": "external"}], "classes": {"Imag": {"doc": {"long_description": "Return the imaginary component of the input as a real value.\nThe adjoint returns a complex number with zero real component and\nthe imaginary component set to the real component of the input.", "short_description": "Imag operator.", "full": "Imag operator.\n\nReturn the imaginary component of the input as a real value.\nThe adjoint returns a complex number with zero real component and\nthe imaginary component set to the real component of the input.\n\nParameters\n----------\ndims : :obj:`int` or :obj:`tuple`\n    Number of samples for each dimension\ndtype : :obj:`str`, optional\n    Type of elements in input array.\n\nAttributes\n----------\nshape : :obj:`tuple`\n    Operator shape\nexplicit : :obj:`bool`\n    Operator contains a matrix that can be solved explicitly (``True``) or\n    not (``False``)\n\nNotes\n-----\nIn forward mode:\n\n.. math::\n\n    y_{i} = \\Imag\\{x_{i}\\} \\quad \\forall i=0,...,N\n\nIn adjoint mode:\n\n.. math::\n\n    x_{i} = 0 + i\\Re\\{y_{i}\\} \\quad \\forall i=0,...,N"}, "extend": ["LinearOperator"], "min_max_lineno": {"min_lineno": 6, "max_lineno": 58}, "methods": {"__init__": {"args": ["self", "dims", "dtype"], "min_max_lineno": {"min_lineno": 43, "max_lineno": 50}, "calls": ["numpy.dtype", "numpy.prod", "numpy.prod", "numpy.real", "numpy.array", "numpy.array", "numpy.ones"], "store_vars_calls": {"self.dtype": "np.dtype"}}, "_matvec": {"args": ["self", "x"], "min_max_lineno": {"min_lineno": 51, "max_lineno": 54}, "calls": ["pylops.utils.backend.get_array_module", "pylops.utils.backend.get_array_module.imag().astype", "pylops.utils.backend.get_array_module.imag"], "store_vars_calls": {"ncp": "get_array_module"}}, "_rmatvec": {"args": ["self", "x"], "min_max_lineno": {"min_lineno": 55, "max_lineno": 58}, "calls": ["pylops.utils.backend.get_array_module", "pylops.utils.backend.get_array_module.real"], "store_vars_calls": {"ncp": "get_array_module"}}}}}, "is_test": false}