{"file": {"path": "/Users/rakshithagnanasekaran/desktop/inspect4py/test/test_files/pylops/pylops/basicoperators/Kronecker.py", "fileNameBase": "Kronecker", "extension": "py"}, "dependencies": [{"import": "numpy", "alias": "np", "type": "external"}, {"from_module": "pylops", "import": "LinearOperator", "type": "external"}], "classes": {"Kronecker": {"doc": {"long_description": "Perform Kronecker product of two operators. Note that the combined operator\nis never created explicitly, rather the product of this operator with the\nmodel vector is performed in forward mode, or the product of the adjoint of\nthis operator and the data vector in adjoint mode.", "short_description": "Kronecker operator.", "full": "Kronecker operator.\n\nPerform Kronecker product of two operators. Note that the combined operator\nis never created explicitly, rather the product of this operator with the\nmodel vector is performed in forward mode, or the product of the adjoint of\nthis operator and the data vector in adjoint mode.\n\nParameters\n----------\nOp1 : :obj:`pylops.LinearOperator`\n    First operator\nOp2 : :obj:`pylops.LinearOperator`\n    Second operator\ndtype : :obj:`str`, optional\n    Type of elements in input array.\n\nAttributes\n----------\nshape : :obj:`tuple`\n    Operator shape\nexplicit : :obj:`bool`\n    Operator contains a matrix that can be solved\n    explicitly (``True``) or not (``False``)\n\nNotes\n-----\nThe Kronecker product (denoted with :math:`\\otimes`) is an operation\non two operators :math:`\\mathbf{Op_1}` and :math:`\\mathbf{Op_2}` of\nsizes :math:`\\lbrack n_1 \\times m_1 \\rbrack` and\n:math:`\\lbrack n_2 \\times m_2 \\rbrack` respectively, resulting in a\nblock matrix of size :math:`\\lbrack n_1 n_2 \\times m_1 m_2 \\rbrack`.\n\n.. math::\n\n    \\mathbf{Op_1} \\otimes \\mathbf{Op_2} = \\begin{bmatrix}\n        Op_1^{1,1} \\mathbf{Op_2} &  ... & Op_1^{1,m_1} \\mathbf{Op_2}   \\\\\n        ...                     &  ... & ... \\\\\n        Op_1^{n_1,1} \\mathbf{Op_2} &  ... & Op_1^{n_1,m_1} \\mathbf{Op_2}\n    \\end{bmatrix}\n\nThe application of the resulting matrix to a vector :math:`\\mathbf{x}` of\nsize :math:`\\lbrack m_1 m_2 \\times 1 \\rbrack` is equivalent to the\napplication of the second operator :math:`\\mathbf{Op_2}` to the rows of\na matrix of size :math:`\\lbrack m_2 \\times m_1 \\rbrack` obtained by\nreshaping the input vector :math:`\\mathbf{x}`, followed by the application\nof the first operator to the transposed matrix produced by the first\noperator. In adjoint mode the same procedure is followed but the adjoint of\neach operator is used."}, "extend": ["LinearOperator"], "min_max_lineno": {"min_lineno": 6, "max_lineno": 78}, "methods": {"__init__": {"args": ["self", "Op1", "Op2", "dtype"], "min_max_lineno": {"min_lineno": 57, "max_lineno": 66}, "calls": ["numpy.dtype"], "store_vars_calls": {"self.dtype": "np.dtype"}}, "_matvec": {"args": ["self", "x"], "returns": [["y"]], "min_max_lineno": {"min_lineno": 67, "max_lineno": 72}, "calls": ["x.reshape.reshape.reshape", "Kronecker.Kronecker.Op1.matmat().ravel", "Kronecker.Kronecker.Op2.matmat", "Kronecker.Kronecker.Op1.matmat"], "store_vars_calls": {"x": "x.reshape", "y": "self.Op1.matmat().ravel"}}, "_rmatvec": {"args": ["self", "x"], "returns": [["y"]], "min_max_lineno": {"min_lineno": 73, "max_lineno": 78}, "calls": ["x.reshape.reshape.reshape", "Kronecker.Kronecker.Op1H.matmat().ravel", "Kronecker.Kronecker.Op2H.matmat", "Kronecker.Kronecker.Op1H.matmat"], "store_vars_calls": {"x": "x.reshape", "y": "self.Op1H.matmat().ravel"}}}}}, "is_test": false}