{"file": {"path": "/Users/rakshithagnanasekaran/desktop/inspect4py/test/test_files/pylops/pylops/basicoperators/Laplacian.py", "fileNameBase": "Laplacian", "extension": "py"}, "dependencies": [{"import": "numpy", "alias": "np", "type": "external"}, {"from_module": "pylops.LinearOperator", "import": "aslinearoperator", "type": "external"}, {"from_module": "pylops.basicoperators", "import": "SecondDerivative", "type": "external"}], "functions": {"Laplacian": {"doc": {"long_description": "Apply second-order centered Laplacian operator to a multi-dimensional\narray (at least 2 dimensions are required)", "short_description": "Laplacian.", "args": {"dims": {"description": "Number of samples for each dimension.", "type_name": ":obj:`tuple`", "is_optional": false}, "dirs": {"description": "Directions along which laplacian is applied.", "type_name": ":obj:`tuple`", "is_optional": true}, "weights": {"description": "Weight to apply to each direction (real laplacian operator if\n``weights=[1,1]``)", "type_name": ":obj:`tuple`", "is_optional": true}, "sampling": {"description": "Sampling steps for each direction", "type_name": ":obj:`tuple`", "is_optional": true}, "edge": {"description": "Use reduced order derivative at edges (``True``) or\nignore them (``False``)", "type_name": ":obj:`bool`", "is_optional": true}, "dtype": {"description": "Type of elements in input array.", "type_name": ":obj:`str`", "is_optional": true}}, "returns": {"description": "Laplacian linear operator", "type_name": ":obj:`pylops.LinearOperator`", "is_generator": false, "return_name": "l2op"}}, "args": ["dims", "dirs", "weights", "sampling", "edge", "dtype"], "min_max_lineno": {"min_lineno": 6, "max_lineno": 54}, "calls": ["pylops.LinearOperator.aslinearoperator", "pylops.basicoperators.SecondDerivative", "pylops.basicoperators.SecondDerivative", "numpy.prod", "numpy.prod"]}}, "is_test": false}