{"file": {"path": "/Users/rakshithagnanasekaran/desktop/inspect4py/test/test_files/pylops/pylops/basicoperators/LinearRegression.py", "fileNameBase": "LinearRegression", "extension": "py"}, "dependencies": [{"import": "logging", "type": "external"}, {"from_module": "pylops.basicoperators", "import": "Regression", "type": "external"}], "functions": {"LinearRegression": {"doc": {"long_description": "Creates an operator that applies linear regression to a set of points.\nValues along the t-axis  must be provided while initializing the operator.\nIntercept and gradient form the model vector to be provided in forward\nmode, while the values of the regression line curve shall be provided\nin adjoint mode.", "short_description": "Linear regression.", "args": {"taxis": {"description": "Elements along the t-axis.", "type_name": ":obj:`numpy.ndarray`", "is_optional": false}, "dtype": {"description": "Type of elements in input array.", "type_name": ":obj:`str`", "is_optional": true}, "shape": {"description": "Operator shape", "type_name": ":obj:`tuple`", "is_optional": false}, "explicit": {"description": "Operator contains a matrix that can be solved explicitly\n(``True``) or not (``False``)", "type_name": ":obj:`bool`", "is_optional": false}}, "raises": {"0": {"description": "If ``t`` is not :obj:`numpy.ndarray`.", "type_name": "TypeError"}}}, "args": ["taxis", "dtype"], "min_max_lineno": {"min_lineno": 6, "max_lineno": 72}, "calls": ["pylops.basicoperators.Regression"]}}, "body": {"calls": ["logging.basicConfig"]}, "is_test": false}