{"file": {"path": "/Users/rakshithagnanasekaran/desktop/inspect4py/test/test_files/pylops/pylops/basicoperators/MatrixMult.py", "fileNameBase": "MatrixMult", "extension": "py"}, "dependencies": [{"import": "numpy", "alias": "np", "type": "external"}, {"import": "scipy", "alias": "sp", "type": "external"}, {"from_module": "scipy.sparse.linalg", "import": "inv", "type": "external"}, {"from_module": "pylops", "import": "LinearOperator", "type": "external"}, {"from_module": "pylops.utils.backend", "import": "get_array_module", "type": "external"}], "classes": {"MatrixMult": {"doc": {"long_description": "Simple wrapper to :py:func:`numpy.dot` and :py:func:`numpy.vdot` for\nan input matrix :math:`\\mathbf{A}`.", "short_description": "Matrix multiplication.", "full": "Matrix multiplication.\n\nSimple wrapper to :py:func:`numpy.dot` and :py:func:`numpy.vdot` for\nan input matrix :math:`\\mathbf{A}`.\n\nParameters\n----------\nA : :obj:`numpy.ndarray` or :obj:`scipy.sparse` matrix\n    Matrix.\ndims : :obj:`tuple`, optional\n    Number of samples for each other dimension of model\n    (model/data will be reshaped and ``A`` applied multiple times\n    to each column of the model/data).\ndtype : :obj:`str`, optional\n    Type of elements in input array.\n\nAttributes\n----------\nshape : :obj:`tuple`\n    Operator shape\nexplicit : :obj:`bool`\n    Operator contains a matrix that can be solved explicitly\n    (``True``) or not (``False``)\ncomplex : :obj:`bool`\n    Matrix has complex numbers (``True``) or not (``False``)"}, "extend": ["LinearOperator"], "min_max_lineno": {"min_lineno": 8, "max_lineno": 99}, "methods": {"__init__": {"args": ["self", "A", "dims", "dtype"], "min_max_lineno": {"min_lineno": 36, "max_lineno": 59}, "calls": ["pylops.utils.backend.get_array_module", "isinstance", "numpy.dtype", "numpy.iscomplexobj", "numpy.iscomplexobj", "isinstance", "numpy.array", "numpy.insert", "numpy.insert", "numpy.prod", "numpy.prod", "numpy.prod", "numpy.prod"], "store_vars_calls": {"ncp": "get_array_module", "self.dtype": "np.dtype", "self.complex": "np.iscomplexobj", "self.dims": "np.array"}}, "_matvec": {"args": ["self", "x"], "returns": [["y"]], "min_max_lineno": {"min_lineno": 60, "max_lineno": 69}, "calls": ["pylops.utils.backend.get_array_module", "MatrixMult.MatrixMult.A.dot", "pylops.utils.backend.get_array_module.reshape", "MatrixMult.MatrixMult.ravel"], "store_vars_calls": {"ncp": "get_array_module", "y": "self.A.dot", "x": "ncp.reshape"}}, "_rmatvec": {"args": ["self", "x"], "returns": [["y"]], "min_max_lineno": {"min_lineno": 70, "max_lineno": 83}, "calls": ["pylops.utils.backend.get_array_module", "pylops.utils.backend.get_array_module.reshape", "MatrixMult.MatrixMult.A.T.dot().conj", "MatrixMult.MatrixMult.A.T.dot", "MatrixMult.MatrixMult.ravel", "MatrixMult.MatrixMult.A.T.dot", "pylops.utils.backend.get_array_module.reshape.conj"], "store_vars_calls": {"ncp": "get_array_module", "x": "ncp.reshape", "y": "self.A.T.dot"}}, "inv": {"doc": {"long_description": "Returns\n----------\nAinv : :obj:`numpy.ndarray`\n    Inverse matrix.", "short_description": "Return the inverse of :math:`\\mathbf{A}`."}, "args": ["self"], "returns": [["Ainv"]], "min_max_lineno": {"min_lineno": 84, "max_lineno": 99}, "calls": ["scipy.sparse.issparse", "scipy.sparse.linalg.inv", "pylops.utils.backend.get_array_module", "pylops.utils.backend.get_array_module.linalg.inv"], "store_vars_calls": {"Ainv": "ncp.linalg.inv", "ncp": "get_array_module"}}}}}, "is_test": false}