{"file": {"path": "/Users/rakshithagnanasekaran/desktop/inspect4py/test/test_files/pylops/pylops/basicoperators/MemoizeOperator.py", "fileNameBase": "MemoizeOperator", "extension": "py"}, "dependencies": [{"import": "numpy", "alias": "np", "type": "external"}, {"from_module": "pylops", "import": "LinearOperator", "type": "external"}], "classes": {"MemoizeOperator": {"doc": {"long_description": "This operator can be used to wrap any PyLops operator and add a memoize\nfunctionality\nand stores the last ``max_neval`` model/data\nvector pairs", "short_description": "Memoize Operator.", "full": "Memoize Operator.\n\nThis operator can be used to wrap any PyLops operator and add a memoize\nfunctionality\nand stores the last ``max_neval`` model/data\nvector pairs\n\nParameters\n----------\nOp : :obj:`pylops.LinearOperator`\n    PyLops linear operator\nmax_neval : :obj:`int`, optional\n    Maximum number of previous evaluations stored,\n    use ``np.inf`` for infinite memory\n\nAttributes\n----------\nshape : :obj:`tuple`\n    Operator shape :math:`[n \\times m]`\nexplicit : :obj:`bool`\n    Operator contains a matrix that can be solved explicitly\n    (``True``) or not (``False``)"}, "extend": ["LinearOperator"], "min_max_lineno": {"min_lineno": 5, "max_lineno": 61}, "methods": {"__init__": {"args": ["self", "Op", "max_neval"], "min_max_lineno": {"min_lineno": 30, "max_lineno": 39}, "calls": ["numpy.dtype"], "store_vars_calls": {"self.dtype": "np.dtype"}}, "_matvec": {"args": ["self", "x"], "returns": [["y"], ["ystored"]], "min_max_lineno": {"min_lineno": 40, "max_lineno": 50}, "calls": ["MemoizeOperator.MemoizeOperator.Op._matvec", "MemoizeOperator.MemoizeOperator.store.append", "numpy.allclose", "len", "x.copy", "MemoizeOperator.MemoizeOperator.copy"], "store_vars_calls": {"y": "self.Op._matvec"}}, "_rmatvec": {"args": ["self", "y"], "returns": [["x"], ["xstored"]], "min_max_lineno": {"min_lineno": 51, "max_lineno": 61}, "calls": ["MemoizeOperator.MemoizeOperator.Op._rmatvec", "MemoizeOperator.MemoizeOperator.store.append", "numpy.allclose", "len", "MemoizeOperator.MemoizeOperator.copy", "y.copy"], "store_vars_calls": {"x": "self.Op._rmatvec"}}}}}, "is_test": false}