{"file": {"path": "/Users/rakshithagnanasekaran/desktop/inspect4py/test/test_files/pylops/pylops/basicoperators/Pad.py", "fileNameBase": "Pad", "extension": "py"}, "dependencies": [{"import": "numpy", "alias": "np", "type": "external"}, {"from_module": "pylops", "import": "LinearOperator", "type": "external"}], "classes": {"Pad": {"doc": {"long_description": "Zero-pad model in forward model and extract non-zero subsequence\nin adjoint. Padding can be performed in one or multiple directions to any\nmulti-dimensional input arrays.", "short_description": "Pad operator.", "full": "Pad operator.\n\nZero-pad model in forward model and extract non-zero subsequence\nin adjoint. Padding can be performed in one or multiple directions to any\nmulti-dimensional input arrays.\n\nParameters\n----------\ndims : :obj:`int` or :obj:`tuple`\n    Number of samples for each dimension\npad : :obj:`tuple`\n    Number of samples to pad. If ``dims`` is a scalar, ``pad`` is a single\n    tuple ``(pad_in, pad_end)``. If ``dims`` is a tuple,\n    ``pad`` is a tuple of tuples where each inner tuple contains\n    the number of samples to pad in each dimension\ndtype : :obj:`str`, optional\n    Type of elements in input array.\n\nAttributes\n----------\nshape : :obj:`tuple`\n    Operator shape\nexplicit : :obj:`bool`\n    Operator contains a matrix that can be solved explicitly (``True``) or\n    not (``False``)\n\nRaises\n------\nValueError\n    If any element of ``pad`` is negative.\n\nNotes\n-----\nGiven an array of size :math:`N`, the *Pad* operator simply adds\n:math:`pad_{in}` at the start and :math:`pad_{end}` at the end in forward mode:\n\n.. math::\n\n    y_{i} = x_{i-pad_{in}}  \\quad \\forall\n    i=pad_{in},pad_{in}+1,...,pad_{in}+N-1\n\nand :math:`y_i = 0 \\quad \\forall\ni=0,...,pad_{in}-1, pad_{in}+N-1,...,N+pad_{in}+pad_{end}`\n\nIn adjoint mode, values from :math:`pad_{in}` to :math:`N-pad_{end}` are\nextracted from the data:\n\n.. math::\n\n    x_{i} = y_{pad_{in}+i}  \\quad \\forall i=0, N-1"}, "extend": ["LinearOperator"], "min_max_lineno": {"min_lineno": 5, "max_lineno": 90}, "methods": {"__init__": {"args": ["self", "dims", "pad", "dtype"], "min_max_lineno": {"min_lineno": 58, "max_lineno": 72}, "calls": ["numpy.any", "numpy.dtype", "ValueError", "isinstance", "numpy.prod", "numpy.prod", "numpy.array", "numpy.array", "numpy.array", "zip"], "store_vars_calls": {"self.dtype": "np.dtype"}}, "_matvec": {"args": ["self", "x"], "min_max_lineno": {"min_lineno": 73, "max_lineno": 80}, "calls": ["numpy.pad.flatten", "x.reshape", "numpy.pad", "numpy.pad"], "store_vars_calls": {"y": "np.pad"}}, "_rmatvec": {"args": ["self", "x"], "min_max_lineno": {"min_lineno": 81, "max_lineno": 90}, "calls": ["numpy.take.flatten", "x.reshape", "enumerate", "numpy.take", "numpy.arange"], "store_vars_calls": {"y": "np.take"}}}}}, "is_test": false}