{"file": {"path": "/Users/rakshithagnanasekaran/desktop/inspect4py/test/test_files/pylops/pylops/basicoperators/Regression.py", "fileNameBase": "Regression", "extension": "py"}, "dependencies": [{"import": "logging", "type": "external"}, {"import": "numpy", "alias": "np", "type": "external"}, {"from_module": "pylops", "import": "LinearOperator", "type": "external"}, {"from_module": "pylops.utils.backend", "import": "get_array_module", "type": "external"}], "classes": {"Regression": {"doc": {"long_description": "Creates an operator that applies polynomial regression to a set of points.\nValues along the t-axis must be provided while initializing the operator.\nThe coefficients of the polynomial regression form the model vector to\nbe provided in forward mode, while the values of the regression\ncurve shall be provided in adjoint mode.", "short_description": "Polynomial regression.", "full": "Polynomial regression.\n\nCreates an operator that applies polynomial regression to a set of points.\nValues along the t-axis must be provided while initializing the operator.\nThe coefficients of the polynomial regression form the model vector to\nbe provided in forward mode, while the values of the regression\ncurve shall be provided in adjoint mode.\n\nParameters\n----------\ntaxis : :obj:`numpy.ndarray`\n    Elements along the t-axis.\norder : :obj:`int`\n    Order of the regressed polynomial.\ndtype : :obj:`str`, optional\n    Type of elements in input array.\n\nAttributes\n----------\nshape : :obj:`tuple`\n    Operator shape\nexplicit : :obj:`bool`\n    Operator contains a matrix that can be solved explicitly\n    (``True``) or not (``False``)\n\nRaises\n------\nTypeError\n    If ``t`` is not :obj:`numpy.ndarray`.\n\nSee Also\n--------\nLinearRegression: Linear regression\n\nNotes\n-----\nThe Regression operator solves the following problem:\n\n.. math::\n    y_i = \\sum_{n=0}^{order} x_n t_i^n  \\qquad \\forall i=1,2,...,N\n\nwhere :math:`N` represents the order of the chosen polynomial. We can\nexpress this problem in a matrix form\n\n.. math::\n    \\mathbf{y}=  \\mathbf{A} \\mathbf{x}\n\nwhere\n\n.. math::\n    \\mathbf{y}= [y_1, y_2,...,y_N]^T,\n    \\qquad \\mathbf{x}= [x_0, x_1,...,x_{order}]^T\n\nand\n\n.. math::\n    \\mathbf{A}\n    = \\begin{bmatrix}\n        1  & t_{1} & t_{1}^2 & .. & t_{1}^{order}  \\\\\n        1  & t_{2} & t_{2}^2 & .. & t_{1}^{order}  \\\\\n        .. & ..    & ..      & .. & ..             \\\\\n        1  & t_{N} & t_{N}^2 & .. & t_{N}^{order}  \\\\\n    \\end{bmatrix}"}, "extend": ["LinearOperator"], "min_max_lineno": {"min_lineno": 10, "max_lineno": 123}, "methods": {"__init__": {"args": ["self", "taxis", "order", "dtype"], "min_max_lineno": {"min_lineno": 76, "max_lineno": 87}, "calls": ["pylops.utils.backend.get_array_module", "numpy.dtype", "isinstance", "logging.error", "TypeError", "len"], "store_vars_calls": {"ncp": "get_array_module", "self.dtype": "np.dtype"}}, "_matvec": {"args": ["self", "x"], "returns": [["y"]], "min_max_lineno": {"min_lineno": 88, "max_lineno": 94}, "calls": ["pylops.utils.backend.get_array_module", "pylops.utils.backend.get_array_module.zeros_like", "range"], "store_vars_calls": {"ncp": "get_array_module", "y": "ncp.zeros_like"}}, "_rmatvec": {"args": ["self", "x"], "min_max_lineno": {"min_lineno": 95, "max_lineno": 100}, "calls": ["pylops.utils.backend.get_array_module", "pylops.utils.backend.get_array_module.vstack", "pylops.utils.backend.get_array_module.dot", "range"], "store_vars_calls": {"ncp": "get_array_module"}}, "apply": {"doc": {"long_description": "t-axis and regression coefficients ``x``", "short_description": "Return values along y-axis given certain ``t`` location(s) along", "args": {"taxis": {"description": "Elements along the t-axis.", "type_name": ":obj:`numpy.ndarray`", "is_optional": false}, "x": {"description": "Regression coefficients", "type_name": ":obj:`numpy.ndarray`", "is_optional": false}, "dtype": {"type_name": ":obj:`str`", "is_optional": true}, "y": {"description": "Values along y-axis", "type_name": ":obj:`numpy.ndarray`", "is_optional": false}}}, "args": ["self", "t", "x"], "returns": [["y"]], "min_max_lineno": {"min_lineno": 101, "max_lineno": 123}, "calls": ["Regression.Regression.taxis.copy", "Regression.Regression._matvec"], "store_vars_calls": {"torig": "self.taxis.copy", "y": "self._matvec"}}}}}, "body": {"calls": ["logging.basicConfig"]}, "is_test": false}