{"file": {"path": "/Users/rakshithagnanasekaran/desktop/inspect4py/test/test_files/pylops/pylops/basicoperators/Restriction.py", "fileNameBase": "Restriction", "extension": "py"}, "dependencies": [{"import": "numpy", "alias": "np", "type": "external"}, {"import": "numpy", "alias": "np_ma", "type": "external"}, {"from_module": "pylops", "import": "LinearOperator", "type": "external"}, {"from_module": "pylops.utils.backend", "import": "get_array_module", "type": "external"}, {"from_module": "pylops.utils.backend", "import": "to_cupy_conditional", "type": "external"}], "classes": {"Restriction": {"doc": {"long_description": "Extract subset of values from input vector at locations ``iava``\nin forward mode and place those values at locations ``iava``\nin an otherwise zero vector in adjoint mode.", "short_description": "Restriction (or sampling) operator.", "full": "Restriction (or sampling) operator.\n\nExtract subset of values from input vector at locations ``iava``\nin forward mode and place those values at locations ``iava``\nin an otherwise zero vector in adjoint mode.\n\nParameters\n----------\nM : :obj:`int`\n    Number of samples in model.\niava : :obj:`list` or :obj:`numpy.ndarray`\n    Integer indices of available samples for data selection.\ndims : :obj:`list`\n    Number of samples for each dimension\n    (``None`` if only one dimension is available)\ndir : :obj:`int`, optional\n    Direction along which restriction is applied.\ndtype : :obj:`str`, optional\n    Type of elements in input array.\ninplace : :obj:`bool`, optional\n    Work inplace (``True``) or make a new copy (``False``). By default,\n    data is a reference to the model (in forward) and model is a reference\n    to the data (in adjoint).\n\nAttributes\n----------\nshape : :obj:`tuple`\n    Operator shape\nexplicit : :obj:`bool`\n    Operator contains a matrix that can be solved\n    explicitly (``True``) or not (``False``)\n\nSee Also\n--------\npylops.signalprocessing.Interp : Interpolation operator\n\nNotes\n-----\nExtraction (or *sampling*) of a subset of :math:`N` values at locations\n``iava`` from an input (or model) vector :math:`\\mathbf{x}` of size\n:math:`M` can be expressed as:\n\n.. math::\n\n    y_i = x_{l_i}  \\quad \\forall i=1,2,...,N\n\nwhere :math:`\\mathbf{l}=[l_1, l_2,..., l_N]` is a vector containing the indeces\nof the original array at which samples are taken.\n\nConversely, in adjoint mode the available values in the data vector\n:math:`\\mathbf{y}` are placed at locations\n:math:`\\mathbf{l}=[l_1, l_2,..., l_M]` in the model vector:\n\n.. math::\n\n    x_{l_i} = y_i  \\quad \\forall i=1,2,...,N\n\nand :math:`x_{j}=0 j \\neq l_i` (i.e., at all other locations in input\nvector)."}, "extend": ["LinearOperator"], "min_max_lineno": {"min_lineno": 22, "max_lineno": 186}, "methods": {"__init__": {"args": ["self", "M", "iava", "dims", "dir", "dtype", "inplace"], "min_max_lineno": {"min_lineno": 84, "max_lineno": 115}, "calls": ["pylops.utils.backend.get_array_module", "numpy.dtype", "numpy.dtype", "len", "numpy.prod", "numpy.prod", "ValueError", "list", "len", "numpy.prod", "numpy.prod", "Restriction._compute_iavamask", "len", "len"], "store_vars_calls": {"ncp": "get_array_module", "self.dtype": "np.dtype", "self.N": "np.prod", "self.dimsd": "list", "self.iavamask": "_compute_iavamask"}}, "_matvec": {"args": ["self", "x"], "returns": [["y"]], "min_max_lineno": {"min_lineno": 116, "max_lineno": 127}, "calls": ["pylops.utils.backend.get_array_module", "pylops.utils.backend.get_array_module.reshape.copy", "pylops.utils.backend.get_array_module.reshape", "pylops.utils.backend.get_array_module.take", "y.ravel.ravel.ravel"], "store_vars_calls": {"ncp": "get_array_module", "x": "ncp.reshape", "y": "y.ravel"}}, "_rmatvec": {"args": ["self", "x"], "returns": [["y"]], "min_max_lineno": {"min_lineno": 128, "max_lineno": 150}, "calls": ["pylops.utils.backend.get_array_module", "pylops.utils.backend.get_array_module.reshape.copy", "pylops.utils.backend.get_array_module.zeros", "pylops.utils.backend.get_array_module.reshape", "pylops.utils.backend.get_array_module.zeros.ravel", "pylops.utils.backend.get_array_module.zeros", "pylops.utils.backend.get_array_module.put_along_axis", "pylops.utils.backend.get_array_module.zeros", "pylops.utils.backend.get_array_module.reshape.ravel", "pylops.utils.backend.get_array_module.reshape", "hasattr", "pylops.utils.backend.to_cupy_conditional", "Restriction._compute_iavamask", "int"], "store_vars_calls": {"ncp": "get_array_module", "x": "ncp.reshape", "y": "ncp.zeros", "self.iava": "to_cupy_conditional", "self.iavamask": "_compute_iavamask"}}, "mask": {"doc": {"long_description": "values at ``iava`` locations and ``0`` at other locations", "short_description": "Apply mask to input signal returning a signal of same size with", "args": {"x": {"description": "Input array (can be either flattened or not)", "type_name": ":obj:`numpy.ndarray` or :obj:`cupy.ndarray`", "is_optional": false}, "y": {"description": "Masked array.", "type_name": ":obj:`numpy.ma.core.MaskedArray`", "is_optional": false}}}, "args": ["self", "x"], "returns": [["y"]], "min_max_lineno": {"min_lineno": 151, "max_lineno": 186}, "calls": ["pylops.utils.backend.get_array_module", "numpy.array", "numpy.array", "pylops.utils.backend.get_array_module.asnumpy", "Restriction.Restriction.iava.copy", "numpy.zeros", "numpy.zeros", "numpy.reshape", "numpy.reshape", "numpy.swapaxes", "numpy.swapaxes", "numpy.swapaxes", "numpy.swapaxes", "numpy.swapaxes", "numpy.swapaxes", "numpy.ones", "numpy.ones", "pylops.utils.backend.get_array_module.asnumpy"], "store_vars_calls": {"ncp": "get_array_module", "y": "np.swapaxes", "iava": "self.iava.copy", "x": "np.swapaxes"}}}}}, "functions": {"_compute_iavamask": {"doc": {"short_description": "Compute restriction mask when using cupy arrays"}, "args": ["dims", "dir", "iava", "ncp"], "returns": [["iavamask"]], "min_max_lineno": {"min_lineno": 7, "max_lineno": 20}, "calls": ["numpy.array", "numpy.delete", "ncp.zeros", "ncp.moveaxis", "ncp.broadcast_to", "ncp.where", "list", "ncp.moveaxis.ravel"], "store_vars_calls": {"otherdims": "np.delete", "iavamask": "ncp.moveaxis"}}}, "is_test": false}