{"file": {"path": "/Users/rakshithagnanasekaran/desktop/inspect4py/test/test_files/pylops/pylops/basicoperators/Roll.py", "fileNameBase": "Roll", "extension": "py"}, "dependencies": [{"import": "numpy", "alias": "np", "type": "external"}, {"from_module": "pylops", "import": "LinearOperator", "type": "external"}], "classes": {"Roll": {"doc": {"long_description": "Roll a multi-dimensional array along a specified direction ``dir`` for\na chosen number of samples (``shift``).", "short_description": "Roll along an axis.", "full": "Roll along an axis.\n\nRoll a multi-dimensional array along a specified direction ``dir`` for\na chosen number of samples (``shift``).\n\nParameters\n----------\nN : :obj:`int`\n    Number of samples in model.\ndims : :obj:`list`, optional\n    Number of samples for each dimension\n    (``None`` if only one dimension is available)\ndir : :obj:`int`, optional\n    Direction along which rolling is applied.\nshift : :obj:`int`, optional\n    Number of samples by which elements are shifted\ndtype : :obj:`str`, optional\n    Type of elements in input array.\n\nAttributes\n----------\nshape : :obj:`tuple`\n    Operator shape\nexplicit : :obj:`bool`\n    Operator contains a matrix that can be solved explicitly\n    (``True``) or not (``False``)\n\nNotes\n-----\nThe Roll operator is a thin wrapper around :func:`numpy.roll` and shifts\nelements in a multi-dimensional array along a specified direction for a\nchosen number of samples."}, "extend": ["LinearOperator"], "min_max_lineno": {"min_lineno": 5, "max_lineno": 68}, "methods": {"__init__": {"args": ["self", "N", "dims", "dir", "shift", "dtype"], "min_max_lineno": {"min_lineno": 40, "max_lineno": 56}, "calls": ["numpy.dtype", "numpy.prod", "ValueError"], "store_vars_calls": {"self.dtype": "np.dtype"}}, "_matvec": {"args": ["self", "x"], "min_max_lineno": {"min_lineno": 57, "max_lineno": 62}, "calls": ["numpy.roll", "numpy.roll.ravel", "numpy.reshape"], "store_vars_calls": {"y": "np.roll", "x": "np.reshape"}}, "_rmatvec": {"args": ["self", "x"], "min_max_lineno": {"min_lineno": 63, "max_lineno": 68}, "calls": ["numpy.roll", "numpy.roll.ravel", "numpy.reshape"], "store_vars_calls": {"y": "np.roll", "x": "np.reshape"}}}}}, "is_test": false}