{"file": {"path": "/Users/rakshithagnanasekaran/desktop/inspect4py/test/test_files/pylops/pylops/basicoperators/SecondDerivative.py", "fileNameBase": "SecondDerivative", "extension": "py"}, "dependencies": [{"import": "numpy", "alias": "np", "type": "external"}, {"from_module": "pylops", "import": "LinearOperator", "type": "external"}, {"from_module": "pylops.utils.backend", "import": "get_array_module", "type": "external"}], "classes": {"SecondDerivative": {"doc": {"long_description": "Apply second-order second derivative.", "short_description": "Second derivative.", "full": "Second derivative.\n\nApply second-order second derivative.\n\nParameters\n----------\nN : :obj:`int`\n    Number of samples in model.\ndims : :obj:`tuple`, optional\n    Number of samples for each dimension\n    (``None`` if only one dimension is available)\ndir : :obj:`int`, optional\n    Direction along which the derivative is applied.\nsampling : :obj:`float`, optional\n    Sampling step ``dx``.\nedge : :obj:`bool`, optional\n    Use reduced order derivative at edges (``True``) or\n    ignore them (``False``)\ndtype : :obj:`str`, optional\n    Type of elements in input array.\n\nAttributes\n----------\nshape : :obj:`tuple`\n    Operator shape\nexplicit : :obj:`bool`\n    Operator contains a matrix that can be solved explicitly (``True``) or\n    not (``False``)\n\nNotes\n-----\nThe SecondDerivative operator applies a second derivative to any chosen\ndirection of a multi-dimensional array.\n\nFor simplicity, given a one dimensional array, the second-order centered\nfirst derivative is:\n\n.. math::\n    y[i] = (x[i+1] - 2x[i] + x[i-1]) / dx^2"}, "extend": ["LinearOperator"], "min_max_lineno": {"min_lineno": 6, "max_lineno": 124}, "methods": {"__init__": {"args": ["self", "N", "dims", "dir", "sampling", "edge", "dtype"], "min_max_lineno": {"min_lineno": 48, "max_lineno": 66}, "calls": ["numpy.dtype", "numpy.prod", "ValueError", "len"], "store_vars_calls": {"self.dtype": "np.dtype"}}, "_matvec": {"args": ["self", "x"], "returns": [["y"]], "min_max_lineno": {"min_lineno": 67, "max_lineno": 89}, "calls": ["pylops.utils.backend.get_array_module", "pylops.utils.backend.get_array_module.swapaxes.squeeze", "pylops.utils.backend.get_array_module.zeros", "pylops.utils.backend.get_array_module.reshape", "pylops.utils.backend.get_array_module.zeros", "pylops.utils.backend.get_array_module.swapaxes.ravel", "pylops.utils.backend.get_array_module.swapaxes", "pylops.utils.backend.get_array_module.swapaxes"], "store_vars_calls": {"ncp": "get_array_module", "x": "ncp.swapaxes", "y": "ncp.swapaxes"}}, "_rmatvec": {"args": ["self", "x"], "returns": [["y"]], "min_max_lineno": {"min_lineno": 90, "max_lineno": 124}, "calls": ["pylops.utils.backend.get_array_module", "pylops.utils.backend.get_array_module.swapaxes.squeeze", "pylops.utils.backend.get_array_module.zeros", "pylops.utils.backend.get_array_module.reshape", "pylops.utils.backend.get_array_module.zeros", "pylops.utils.backend.get_array_module.swapaxes.ravel", "pylops.utils.backend.get_array_module.swapaxes", "pylops.utils.backend.get_array_module.swapaxes"], "store_vars_calls": {"ncp": "get_array_module", "x": "ncp.swapaxes", "y": "ncp.swapaxes"}}}}}, "is_test": false}