{"file": {"path": "/Users/rakshithagnanasekaran/desktop/inspect4py/test/test_files/pylops/pylops/basicoperators/Smoothing2D.py", "fileNameBase": "Smoothing2D", "extension": "py"}, "dependencies": [{"import": "numpy", "alias": "np", "type": "external"}, {"from_module": "pylops.signalprocessing", "import": "Convolve2D", "type": "external"}], "functions": {"Smoothing2D": {"doc": {"long_description": "Apply smoothing to model (and data) along two directions of a\nmulti-dimensional array depending on the choice of ``nodir``.", "short_description": "2D Smoothing.", "args": {"nsmooth": {"description": "Lenght of smoothing operator in 1st and 2nd dimensions (must be odd)", "type_name": ":obj:`tuple` or :obj:`list`", "is_optional": false}, "dims": {"description": "Number of samples for each dimension", "type_name": ":obj:`tuple`", "is_optional": false}, "nodir": {"description": "Direction along which smoothing is NOT applied (set to None for 2d\narrays)", "type_name": ":obj:`int`", "is_optional": true}, "dtype": {"description": "Type of elements in input array.", "type_name": ":obj:`str`", "is_optional": true}, "shape": {"description": "Operator shape", "type_name": ":obj:`tuple`", "is_optional": false}, "explicit": {"description": "Operator contains a matrix that can be solved explicitly (``True``) or\nnot (``False``)", "type_name": ":obj:`bool`", "is_optional": false}}}, "args": ["nsmooth", "dims", "nodir", "dtype"], "min_max_lineno": {"min_lineno": 5, "max_lineno": 63}, "calls": ["isinstance", "pylops.signalprocessing.Convolve2D", "list", "numpy.ones", "float", "numpy.prod", "numpy.array"], "store_vars_calls": {"nsmooth": "list"}}}, "is_test": false}