{"file": {"path": "/Users/rakshithagnanasekaran/desktop/inspect4py/test/test_files/pylops/pylops/basicoperators/Smoothing1D.py", "fileNameBase": "Smoothing1D", "extension": "py"}, "dependencies": [{"import": "numpy", "alias": "np", "type": "external"}, {"from_module": "pylops.signalprocessing", "import": "Convolve1D", "type": "external"}], "functions": {"Smoothing1D": {"doc": {"long_description": "Apply smoothing to model (and data) along a specific direction of a\nmulti-dimensional array depending on the choice of ``dir``.", "short_description": "1D Smoothing.", "args": {"nsmooth": {"description": "Lenght of smoothing operator (must be odd)", "type_name": ":obj:`int`", "is_optional": false}, "dims": {"description": "Number of samples for each dimension", "type_name": ":obj:`tuple` or :obj:`int`", "is_optional": false}, "dir": {"description": "Direction along which smoothing is applied", "type_name": ":obj:`int`", "is_optional": true}, "dtype": {"description": "Type of elements in input array.", "type_name": ":obj:`str`", "is_optional": true}, "shape": {"description": "Operator shape", "type_name": ":obj:`tuple`", "is_optional": false}, "explicit": {"description": "Operator contains a matrix that can be solved explicitly (``True``) or\nnot (``False``)", "type_name": ":obj:`bool`", "is_optional": false}}}, "args": ["nsmooth", "dims", "dir", "dtype"], "min_max_lineno": {"min_lineno": 5, "max_lineno": 70}, "calls": ["numpy.prod", "isinstance", "pylops.signalprocessing.Convolve1D", "numpy.array", "numpy.ones", "float"], "store_vars_calls": {"n": "np.prod"}}}, "is_test": false}