{"file": {"path": "/Users/rakshithagnanasekaran/desktop/inspect4py/test/test_files/pylops/pylops/basicoperators/Spread.py", "fileNameBase": "Spread", "extension": "py"}, "dependencies": [{"import": "logging", "type": "external"}, {"import": "numpy", "alias": "np", "type": "external"}, {"from_module": "pylops", "import": "LinearOperator", "type": "external"}], "classes": {"Spread": {"doc": {"long_description": "Spread values from the input model vector arranged as a 2-dimensional\narray of size :math:`[n_{x0} \\times n_{t0}]` into the data vector of size\n:math:`[n_x \\times n_t]`. Spreading is performed along parametric curves\nprovided as look-up table of pre-computed indices (``table``)\nor computed on-the-fly using a function handle (``fh``).\n\nIn adjont mode, values from the data vector are instead stacked\nalong the same parametric curves.", "short_description": "Spread operator.", "full": "Spread operator.\n\nSpread values from the input model vector arranged as a 2-dimensional\narray of size :math:`[n_{x0} \\times n_{t0}]` into the data vector of size\n:math:`[n_x \\times n_t]`. Spreading is performed along parametric curves\nprovided as look-up table of pre-computed indices (``table``)\nor computed on-the-fly using a function handle (``fh``).\n\nIn adjont mode, values from the data vector are instead stacked\nalong the same parametric curves.\n\nParameters\n----------\ndims : :obj:`tuple`\n    Dimensions of model vector (vector will be reshaped internally into\n    a two-dimensional array of size :math:`[n_{x0} \\times n_{t0}]`,\n    where the first dimension is the spreading/stacking direction)\ndimsd : :obj:`tuple`\n    Dimensions of model vector (vector will be reshaped internal into\n    a two-dimensional array of size :math:`[n_x \\times n_t]`)\ntable : :obj:`np.ndarray`, optional\n    Look-up table of indeces of size\n    :math:`[n_{x0} \\times n_{t0} \\times n_x]` (if ``None`` use function\n    handle ``fh``)\ndtable : :obj:`np.ndarray`, optional\n    Look-up table of decimals remainders for linear interpolation of size\n    :math:`[n_{x0} \\times n_{t0} \\times n_x]` (if ``None`` use function\n    handle ``fh``)\nfh : :obj:`np.ndarray`, optional\n    Function handle that returns an index (and a fractional value in case\n    of ``interp=True``) to be used for spreading/stacking given indices\n    in :math:`x0` and :math:`t` axes (if ``None`` use look-up table\n    ``table``)\ninterp : :obj:`bool`, optional\n    Apply linear interpolation (``True``) or nearest interpolation\n    (``False``) during stacking/spreading along parametric curve. To be\n    used only if ``engine='numba'``, inferred directly from the number of\n    outputs of ``fh`` for ``engine='numpy'``\nengine : :obj:`str`, optional\n    Engine used for fft computation (``numpy`` or ``numba``). Note that\n    ``numba`` can only be used when providing a look-up table\ndtype : :obj:`str`, optional\n    Type of elements in input array.\n\nAttributes\n----------\nshape : :obj:`tuple`\n    Operator shape\nexplicit : :obj:`bool`\n    Operator contains a matrix that can be solved explicitly (``True``) or\n    not (``False``)\n\nRaises\n------\nKeyError\n    If ``engine`` is neither ``numpy`` nor ``numba``\nNotImplementedError\n    If both ``table`` and ``fh`` are not provided\nValueError\n    If ``table`` has shape different from\n    :math:`[n_{x0} \\times n_t0 \\times n_x]`\n\nNotes\n-----\nThe Spread operator applies the following linear transform in forward mode\nto the model vector after reshaping it into a 2-dimensional array of size\n:math:`[n_x \\times n_t]`:\n\n.. math::\n    m(x0, t_0) \\rightarrow d(x, t=f(x0, x, t_0))\n\nwhere :math:`f(x0, x, t)` is a mapping function that returns a value t\ngiven values :math:`x0`, :math:`x`, and  :math:`t_0`.\n\nIn adjoint mode, the model is reconstructed by means of the following\nstacking operation:\n\n.. math::\n    m(x0, t_0) = \\int{d(x, t=f(x0, x, t_0))} dx\n\nNote that ``table`` (or ``fh``)  must return integer numbers\nrepresenting indices in the axis :math:`t`. However it also possible to\nperform linear interpolation as part of the spreading/stacking process by\nproviding the decimal part of the mapping function (:math:`t - \\lfloor\nt \\rfloor`) either in ``dtable`` input parameter or as second value in\nthe return of ``fh`` function."}, "extend": ["LinearOperator"], "min_max_lineno": {"min_lineno": 19, "max_lineno": 234}, "methods": {"__init__": {"args": ["self", "dims", "dimsd", "table", "dtable", "fh", "interp", "engine", "dtype"], "min_max_lineno": {"min_lineno": 108, "max_lineno": 155}, "calls": ["numpy.dtype", "KeyError", "NotImplementedError", "int", "int", "logging.warning", "numpy.any", "numpy.prod", "numpy.prod", "ValueError", "ValueError", "ValueError", "len", "fh"], "store_vars_calls": {"self.dtype": "np.dtype"}}, "_matvec_numpy": {"args": ["self", "x"], "min_max_lineno": {"min_lineno": 156, "max_lineno": 179}, "calls": ["x.reshape.reshape.reshape", "numpy.zeros", "range", "numpy.zeros.ravel", "range", "numpy.argwhere", "indices[].astype", "Spread.Spread.fh", "Spread.Spread.fh", "numpy.isnan"], "store_vars_calls": {"x": "x.reshape", "y": "np.zeros", "mask": "np.argwhere", "indices": "self.fh"}}, "_rmatvec_numpy": {"args": ["self", "x"], "min_max_lineno": {"min_lineno": 180, "max_lineno": 204}, "calls": ["x.reshape.reshape.reshape", "numpy.zeros", "range", "numpy.zeros.ravel", "range", "numpy.argwhere", "indices[].astype", "Spread.Spread.fh", "Spread.Spread.fh", "numpy.isnan", "numpy.sum", "numpy.sum", "numpy.sum"], "store_vars_calls": {"x": "x.reshape", "y": "np.zeros", "mask": "np.argwhere", "indices": "self.fh"}}, "_matvec": {"args": ["self", "x"], "returns": [["y"]], "min_max_lineno": {"min_lineno": 205, "max_lineno": 219}, "calls": ["numpy.zeros", "Spread.Spread._matvec_numpy", "_matvec_numba_table", "_matvec_numba_onthefly"], "store_vars_calls": {"y": "_matvec_numba_onthefly"}}, "_rmatvec": {"args": ["self", "x"], "returns": [["y"]], "min_max_lineno": {"min_lineno": 220, "max_lineno": 234}, "calls": ["numpy.zeros", "Spread.Spread._rmatvec_numpy", "_rmatvec_numba_table", "_rmatvec_numba_onthefly"], "store_vars_calls": {"y": "_rmatvec_numba_onthefly"}}}}}, "body": {"calls": ["logging.basicConfig"]}, "is_test": false}