{"file": {"path": "/Users/rakshithagnanasekaran/desktop/inspect4py/test/test_files/pylops/pylops/basicoperators/Sum.py", "fileNameBase": "Sum", "extension": "py"}, "dependencies": [{"import": "numpy", "alias": "np", "type": "external"}, {"from_module": "pylops", "import": "LinearOperator", "type": "external"}, {"from_module": "pylops.utils.backend", "import": "get_array_module", "type": "external"}], "classes": {"Sum": {"doc": {"long_description": "Sum along an axis of a multi-dimensional\narray (at least 2 dimensions are required) in forward model, and spread\nalong the same axis in adjoint mode.", "short_description": "Sum operator.", "full": "Sum operator.\n\nSum along an axis of a multi-dimensional\narray (at least 2 dimensions are required) in forward model, and spread\nalong the same axis in adjoint mode.\n\nParameters\n----------\ndims : :obj:`tuple`\n    Number of samples for each dimension\ndir : :obj:`int`\n    Direction along which summation is performed.\ndtype : :obj:`str`, optional\n    Type of elements in input array.\n\nAttributes\n----------\nshape : :obj:`tuple`\n    Operator shape\nexplicit : :obj:`bool`\n    Operator contains a matrix that can be solved explicitly (``True``) or\n    not (``False``)\n\nNotes\n-----\nGiven a two dimensional array, the *Sum* operator re-arranges\nthe input model into a multi-dimensional array\nof size ``dims`` and sums values along direction ``dir``:\n\n.. math::\n\n    y_j = \\sum_i x_{i, j}\n\nIn adjoint mode, the data is spread along the same direction:\n\n.. math::\n\n    x_{i, j} = y_j   \\quad \\forall i=0, N-1"}, "extend": ["LinearOperator"], "min_max_lineno": {"min_lineno": 6, "max_lineno": 74}, "methods": {"__init__": {"args": ["self", "dims", "dir", "dtype"], "min_max_lineno": {"min_lineno": 47, "max_lineno": 61}, "calls": ["list().copy", "Sum.Sum.dims_d.pop", "numpy.ones", "numpy.dtype", "len", "len", "numpy.prod", "numpy.prod", "list"], "store_vars_calls": {"self.dims_d": "list().copy", "self.tile": "np.ones", "self.dtype": "np.dtype"}}, "_matvec": {"args": ["self", "x"], "min_max_lineno": {"min_lineno": 62, "max_lineno": 67}, "calls": ["pylops.utils.backend.get_array_module", "x.reshape", "pylops.utils.backend.get_array_module.sum", "pylops.utils.backend.get_array_module.sum.flatten"], "store_vars_calls": {"ncp": "get_array_module", "y": "ncp.sum"}}, "_rmatvec": {"args": ["self", "x"], "min_max_lineno": {"min_lineno": 68, "max_lineno": 74}, "calls": ["pylops.utils.backend.get_array_module", "x.reshape", "pylops.utils.backend.get_array_module.expand_dims", "pylops.utils.backend.get_array_module.tile", "pylops.utils.backend.get_array_module.tile.flatten"], "store_vars_calls": {"ncp": "get_array_module", "y": "ncp.tile"}}}}}, "is_test": false}