{"file": {"path": "/Users/rakshithagnanasekaran/desktop/inspect4py/test/test_files/pylops/pylops/basicoperators/Symmetrize.py", "fileNameBase": "Symmetrize", "extension": "py"}, "dependencies": [{"import": "numpy", "alias": "np", "type": "external"}, {"from_module": "pylops", "import": "LinearOperator", "type": "external"}, {"from_module": "pylops.utils.backend", "import": "get_array_module", "type": "external"}], "classes": {"Symmetrize": {"doc": {"long_description": "Symmetrize a multi-dimensional array along a specified direction ``dir``.", "short_description": "Symmetrize along an axis.", "full": "Symmetrize along an axis.\n\nSymmetrize a multi-dimensional array along a specified direction ``dir``.\n\nParameters\n----------\nN : :obj:`int`\n    Number of samples in model. Symmetric data has  :math:`2N-1` samples\ndims : :obj:`list`, optional\n    Number of samples for each dimension\n    (``None`` if only one dimension is available)\ndir : :obj:`int`, optional\n    Direction along which symmetrization is applied\ndtype : :obj:`str`, optional\n    Type of elements in input array\n\nAttributes\n----------\nshape : :obj:`tuple`\n    Operator shape\nexplicit : :obj:`bool`\n    Operator contains a matrix that can be solved explicitly\n    (``True``) or not (``False``)\n\nNotes\n-----\nThe Symmetrize operator constructs a symmetric array given an input model\nin forward mode, by pre-pending the input model in reversed order.\n\nFor simplicity, given a one dimensional array, the forward operation can\nbe expressed as:\n\n.. math::\n    y[i] = \\begin{cases}\n    x[i-N],& i\\geq N\\\\\n    x[N-i],& \\text{otherwise}\n    \\end{cases}\n\nfor :math:`i=0,1,2,...,2N-2`, where :math:`N` is the lenght of\nthe input model.\n\nIn adjoint mode, the Symmetrize operator assigns the sums of the elements\nin position :math:`N-i` and :math:`N+i` to position :math:`i` as follows:\n\n.. math::\n    \\begin{multline}\n    x[i] = y[N-i]+y[N+i] \\quad \\forall i=1,2,...,N-1\n    \\end{multline}\n\napart from the central sample where :math:`x[0] = y[N]`."}, "extend": ["LinearOperator"], "min_max_lineno": {"min_lineno": 6, "max_lineno": 107}, "methods": {"__init__": {"args": ["self", "N", "dims", "dir", "dtype"], "min_max_lineno": {"min_lineno": 58, "max_lineno": 77}, "calls": ["numpy.dtype", "numpy.prod", "numpy.prod", "numpy.prod", "ValueError", "list"], "store_vars_calls": {"self.dtype": "np.dtype", "self.dimsd": "list"}}, "_matvec": {"args": ["self", "x"], "returns": [["y"]], "min_max_lineno": {"min_lineno": 78, "max_lineno": 93}, "calls": ["pylops.utils.backend.get_array_module", "pylops.utils.backend.get_array_module.zeros", "pylops.utils.backend.get_array_module.reshape", "pylops.utils.backend.get_array_module.swapaxes", "pylops.utils.backend.get_array_module.swapaxes", "pylops.utils.backend.get_array_module.swapaxes", "pylops.utils.backend.get_array_module.ndarray.flatten"], "store_vars_calls": {"ncp": "get_array_module", "y": "ncp.ndarray.flatten", "x": "ncp.swapaxes"}}, "_rmatvec": {"args": ["self", "x"], "returns": [["y"]], "min_max_lineno": {"min_lineno": 94, "max_lineno": 107}, "calls": ["pylops.utils.backend.get_array_module", "x[].copy", "pylops.utils.backend.get_array_module.reshape", "pylops.utils.backend.get_array_module.swapaxes", "pylops.utils.backend.get_array_module.swapaxes", "pylops.utils.backend.get_array_module.ndarray.flatten"], "store_vars_calls": {"ncp": "get_array_module", "y": "ncp.ndarray.flatten", "x": "ncp.swapaxes"}}}}}, "is_test": false}