{"file": {"path": "/Users/rakshithagnanasekaran/desktop/inspect4py/test/test_files/pylops/pylops/basicoperators/Transpose.py", "fileNameBase": "Transpose", "extension": "py"}, "dependencies": [{"import": "numpy", "alias": "np", "type": "external"}, {"from_module": "pylops", "import": "LinearOperator", "type": "external"}], "classes": {"Transpose": {"doc": {"long_description": "Transpose axes of a multi-dimensional array. This operator works with\nflattened input model (or data), which are however multi-dimensional in\nnature and will be reshaped and treated as such in both forward and adjoint\nmodes.", "short_description": "Transpose operator.", "full": "Transpose operator.\n\nTranspose axes of a multi-dimensional array. This operator works with\nflattened input model (or data), which are however multi-dimensional in\nnature and will be reshaped and treated as such in both forward and adjoint\nmodes.\n\nParameters\n----------\ndims : :obj:`tuple`, optional\n    Number of samples for each dimension\naxes : :obj:`tuple`, optional\n    Direction along which transposition is applied\ndtype : :obj:`str`, optional\n    Type of elements in input array\n\nAttributes\n----------\nshape : :obj:`tuple`\n    Operator shape\nexplicit : :obj:`bool`\n    Operator contains a matrix that can be solved explicitly\n    (``True``) or not (``False``)\n\nRaises\n------\nValueError\n    If ``axes`` contains repeated dimensions (or a dimension is missing)\n\nNotes\n-----\nThe Transpose operator reshapes the input model into a multi-dimensional\narray of size ``dims`` and transposes (or swaps) its axes as defined\nin ``axes``.\n\nSimilarly, in adjoint mode the data is reshaped into a multi-dimensional\narray whose size is a permuted version of ``dims`` defined by ``axes``.\nThe array is then rearragned into the original model dimensions ``dims``."}, "extend": ["LinearOperator"], "min_max_lineno": {"min_lineno": 5, "max_lineno": 75}, "methods": {"__init__": {"args": ["self", "dims", "axes", "dtype"], "min_max_lineno": {"min_lineno": 46, "max_lineno": 65}, "calls": ["list", "list", "len", "numpy.zeros", "numpy.zeros", "numpy.arange", "list", "numpy.dtype", "len", "ValueError", "numpy.prod", "numpy.prod", "numpy.unique"], "store_vars_calls": {"self.dims": "list", "self.axes": "list", "ndims": "len", "self.axesd": "list", "self.dimsd": "np.zeros", "self.dtype": "np.dtype"}}, "_matvec": {"args": ["self", "x"], "min_max_lineno": {"min_lineno": 66, "max_lineno": 70}, "calls": ["x.reshape", "y.transpose.transpose.transpose", "y.transpose.transpose.ravel"], "store_vars_calls": {"y": "y.transpose"}}, "_rmatvec": {"args": ["self", "x"], "min_max_lineno": {"min_lineno": 71, "max_lineno": 75}, "calls": ["x.reshape", "y.transpose.transpose.transpose", "y.transpose.transpose.ravel"], "store_vars_calls": {"y": "y.transpose"}}}}}, "is_test": false}