{"file": {"path": "/Users/rakshithagnanasekaran/desktop/inspect4py/test/test_files/pylops/pylops/basicoperators/VStack.py", "fileNameBase": "VStack", "extension": "py"}, "dependencies": [{"import": "multiprocessing", "alias": "mp", "type": "external"}, {"import": "numpy", "alias": "np", "type": "external"}, {"from_module": "scipy.sparse.linalg.interface", "import": "_get_dtype", "type": "external"}, {"from_module": "scipy.sparse.linalg.interface", "import": "LinearOperator", "alias": "spLinearOperator", "type": "external"}, {"from_module": "pylops", "import": "LinearOperator", "type": "external"}, {"from_module": "pylops.basicoperators", "import": "MatrixMult", "type": "external"}, {"from_module": "pylops.utils.backend", "import": "get_array_module", "type": "external"}], "classes": {"VStack": {"doc": {"long_description": "Stack a set of N linear operators vertically.", "short_description": "Vertical stacking.", "full": "Vertical stacking.\n\nStack a set of N linear operators vertically.\n\nParameters\n----------\nops : :obj:`list`\n    Linear operators to be stacked. Alternatively,\n    :obj:`numpy.ndarray` or :obj:`scipy.sparse` matrices can be passed\n    in place of one or more operators.\nnproc : :obj:`int`, optional\n    Number of processes used to evaluate the N operators in parallel using\n    ``multiprocessing``. If ``nproc=1``, work in serial mode.\ndtype : :obj:`str`, optional\n    Type of elements in input array.\n\nAttributes\n----------\nshape : :obj:`tuple`\n    Operator shape\nexplicit : :obj:`bool`\n    Operator contains a matrix that can be solved explicitly (``True``) or\n    not (``False``)\n\nRaises\n------\nValueError\n    If ``ops`` have different number of rows\n\nNotes\n-----\nA vertical stack of N linear operators is created such as its application\nin forward mode leads to\n\n.. math::\n    \\begin{bmatrix}\n        \\mathbf{L}_{1}  \\\\\n        \\mathbf{L}_{2}  \\\\\n        ...     \\\\\n        \\mathbf{L}_{N}\n    \\end{bmatrix}\n    \\mathbf{x} =\n    \\begin{bmatrix}\n        \\mathbf{L}_{1} \\mathbf{x}  \\\\\n        \\mathbf{L}_{2} \\mathbf{x}  \\\\\n        ...     \\\\\n        \\mathbf{L}_{N} \\mathbf{x}\n    \\end{bmatrix} =\n    \\begin{bmatrix}\n        \\mathbf{y}_{1}  \\\\\n        \\mathbf{y}_{2}  \\\\\n        ...     \\\\\n        \\mathbf{y}_{N}\n    \\end{bmatrix}\n\nwhile its application in adjoint mode leads to\n\n.. math::\n    \\begin{bmatrix}\n        \\mathbf{L}_{1}^H & \\mathbf{L}_{2}^H & ... & \\mathbf{L}_{N}^H\n    \\end{bmatrix}\n    \\begin{bmatrix}\n        \\mathbf{y}_{1}  \\\\\n        \\mathbf{y}_{2}  \\\\\n        ...     \\\\\n        \\mathbf{y}_{N}\n    \\end{bmatrix} =\n    \\mathbf{L}_{1}^H \\mathbf{y}_1 + \\mathbf{L}_{2}^H \\mathbf{y}_2 +\n    ... + \\mathbf{L}_{N}^H \\mathbf{y}_N"}, "extend": ["LinearOperator"], "min_max_lineno": {"min_lineno": 17, "max_lineno": 169}, "methods": {"__init__": {"args": ["self", "ops", "nproc", "dtype"], "min_max_lineno": {"min_lineno": 89, "max_lineno": 115}, "calls": ["numpy.zeros", "enumerate", "int", "int", "numpy.insert", "all", "len", "numpy.zeros.sum", "len", "ValueError", "numpy.cumsum", "multiprocessing.Pool", "scipy.sparse.linalg.interface._get_dtype", "numpy.dtype", "isinstance", "pylops.basicoperators.MatrixMult", "set", "getattr"], "store_vars_calls": {"nops": "np.zeros", "self.nops": "int", "self.mops": "int", "self.nnops": "np.insert", "self.clinear": "all", "self.pool": "mp.Pool", "self.dtype": "np.dtype"}}, "nproc": {"args": ["self", "nprocnew"], "min_max_lineno": {"min_lineno": 120, "max_lineno": 127}, "calls": ["VStack.VStack.pool.close", "multiprocessing.Pool"], "store_vars_calls": {"self.pool": "mp.Pool"}}, "_matvec_serial": {"args": ["self", "x"], "returns": [["y"]], "min_max_lineno": {"min_lineno": 128, "max_lineno": 134}, "calls": ["pylops.utils.backend.get_array_module", "pylops.utils.backend.get_array_module.zeros", "enumerate", "oper.matvec().squeeze", "oper.matvec"], "store_vars_calls": {"ncp": "get_array_module", "y": "ncp.zeros"}}, "_rmatvec_serial": {"args": ["self", "x"], "returns": [["y"]], "min_max_lineno": {"min_lineno": 135, "max_lineno": 141}, "calls": ["pylops.utils.backend.get_array_module", "pylops.utils.backend.get_array_module.zeros", "enumerate", "oper.rmatvec().squeeze", "oper.rmatvec"], "store_vars_calls": {"ncp": "get_array_module", "y": "ncp.zeros"}}, "_matvec_multiproc": {"args": ["self", "x"], "returns": [["y"]], "min_max_lineno": {"min_lineno": 142, "max_lineno": 148}, "calls": ["VStack.VStack.pool.starmap", "numpy.hstack", "enumerate"], "store_vars_calls": {"ys": "self.pool.starmap", "y": "np.hstack"}}, "_rmatvec_multiproc": {"args": ["self", "x"], "returns": [["y"]], "min_max_lineno": {"min_lineno": 149, "max_lineno": 155}, "calls": ["VStack.VStack.pool.starmap", "numpy.sum", "enumerate"], "store_vars_calls": {"ys": "self.pool.starmap", "y": "np.sum"}}, "_matvec": {"args": ["self", "x"], "returns": [["y"]], "min_max_lineno": {"min_lineno": 156, "max_lineno": 162}, "calls": ["VStack.VStack._matvec_serial", "VStack.VStack._matvec_multiproc"], "store_vars_calls": {"y": "self._matvec_multiproc"}}, "_rmatvec": {"args": ["self", "x"], "returns": [["y"]], "min_max_lineno": {"min_lineno": 163, "max_lineno": 169}, "calls": ["VStack.VStack._rmatvec_serial", "VStack.VStack._rmatvec_multiproc"], "store_vars_calls": {"y": "self._rmatvec_multiproc"}}}}}, "functions": {"_matvec_rmatvec_map": {"doc": {"short_description": "matvec/rmatvec for multiprocessing"}, "args": ["op", "x"], "min_max_lineno": {"min_lineno": 11, "max_lineno": 15}, "calls": ["op().squeeze", "op"]}}, "is_test": false}