{"file": {"path": "/Users/rakshithagnanasekaran/desktop/inspect4py/test/test_files/pylops/pylops/basicoperators/Zero.py", "fileNameBase": "Zero", "extension": "py"}, "dependencies": [{"import": "numpy", "alias": "np", "type": "external"}, {"from_module": "pylops", "import": "LinearOperator", "type": "external"}, {"from_module": "pylops.utils.backend", "import": "get_array_module", "type": "external"}], "classes": {"Zero": {"doc": {"long_description": "Transform model into array of zeros of size :math:`N` in forward\nand transform data into array of zeros of size :math:`N` in adjoint.", "short_description": "Zero operator.", "full": "Zero operator.\n\nTransform model into array of zeros of size :math:`N` in forward\nand transform data into array of zeros of size :math:`N` in adjoint.\n\nParameters\n----------\nN : :obj:`int`\n   Number of samples in data (and model in M is not provided).\nM : :obj:`int`, optional\n   Number of samples in model.\ndtype : :obj:`str`, optional\n   Type of elements in input array.\n\nAttributes\n----------\nshape : :obj:`tuple`\n    Operator shape\nexplicit : :obj:`bool`\n    Operator contains a matrix that can be solved explicitly (``True``) or\n    not (``False``)\n\nNotes\n-----\nAn *Zero* operator simply creates a null data vector :math:`\\mathbf{y}` in\nforward mode:\n\n.. math::\n\n   \\mathbf{0} \\mathbf{x} = \\mathbf{0}_N\n\nand a null model vector :math:`\\mathbf{x}` in forward mode:\n\n.. math::\n\n   \\mathbf{0} \\mathbf{y} = \\mathbf{0}_M"}, "extend": ["LinearOperator"], "min_max_lineno": {"min_lineno": 6, "max_lineno": 58}, "methods": {"__init__": {"args": ["self", "N", "M", "dtype"], "min_max_lineno": {"min_lineno": 45, "max_lineno": 50}, "calls": ["numpy.dtype"], "store_vars_calls": {"self.dtype": "np.dtype"}}, "_matvec": {"args": ["self", "x"], "min_max_lineno": {"min_lineno": 51, "max_lineno": 54}, "calls": ["pylops.utils.backend.get_array_module", "pylops.utils.backend.get_array_module.zeros"], "store_vars_calls": {"ncp": "get_array_module"}}, "_rmatvec": {"args": ["self", "x"], "min_max_lineno": {"min_lineno": 55, "max_lineno": 58}, "calls": ["pylops.utils.backend.get_array_module", "pylops.utils.backend.get_array_module.zeros"], "store_vars_calls": {"ncp": "get_array_module"}}}}}, "is_test": false}