{"file": {"path": "/Users/rakshithagnanasekaran/desktop/Python/ciphers/a1z26.py", "fileNameBase": "a1z26", "extension": "py", "doc": {"long_description": "corresponding to the character's position in the alphabet.\n\nhttps://www.dcode.fr/letter-number-cipher\nhttp://bestcodes.weebly.com/a1z26.html", "short_description": "Convert a string of characters to a sequence of numbers", "full": "Convert a string of characters to a sequence of numbers\ncorresponding to the character's position in the alphabet.\n\nhttps://www.dcode.fr/letter-number-cipher\nhttp://bestcodes.weebly.com/a1z26.html"}}, "dependencies": [{"from_module": "__future__", "import": "annotations", "type": "external"}], "functions": {"encode": {"doc": {"long_description": "[13, 25, 14, 1, 13, 5]", "short_description": ">>> encode(\"myname\")"}, "args": ["plain"], "min_max_lineno": {"min_lineno": 11, "max_lineno": 17}, "calls": ["ord"]}, "decode": {"doc": {"long_description": "'myname'", "short_description": ">>> decode([13, 25, 14, 1, 13, 5])"}, "args": ["encoded"], "min_max_lineno": {"min_lineno": 19, "max_lineno": 25}, "calls": ["chr"]}, "main": {"min_max_lineno": {"min_lineno": 27, "max_lineno": 31}, "calls": ["a1z26.encode", "print", "print", "input().strip().lower", "a1z26.decode", "input().strip", "input"], "store_vars_calls": {"encoded": "encode"}}}, "main_info": {"main_flag": 1, "main_function": "a1z26.main", "type": "script"}, "is_test": false}