{"file": {"path": "/Users/rakshithagnanasekaran/desktop/Python/ciphers/affine_cipher.py", "fileNameBase": "affine_cipher", "extension": "py"}, "dependencies": [{"import": "random", "type": "external"}, {"import": "sys", "type": "external"}, {"import": "cryptomath_module", "alias": "cryptomath", "type": "internal"}], "functions": {"check_keys": {"args": ["keyA", "keyB", "mode"], "min_max_lineno": {"min_lineno": 12, "max_lineno": 32}, "calls": ["sys.exit", "cryptomath_module.gcd", "sys.exit", "sys.exit", "sys.exit", "len", "len", "len", "len"]}, "encrypt_message": {"doc": {"long_description": "...                       'substitution cipher.')\n'VL}p MM{I}p~{HL}Gp{vp pFsH}pxMpyxIx JHL O}F{~pvuOvF{FuF{xIp~{HL}Gi'", "short_description": ">>> encrypt_message(4545, 'The affine cipher is a type of monoalphabetic '"}, "args": ["key", "message"], "returns": [["cipherText"]], "min_max_lineno": {"min_lineno": 36, "max_lineno": 52}, "calls": ["divmod", "affine_cipher.check_keys", "len", "SYMBOLS.find", "len"], "store_vars_calls": {"symIndex": "SYMBOLS.find"}}, "decrypt_message": {"doc": {"long_description": "...                       '{xIp~{HL}Gi')\n'The affine cipher is a type of monoalphabetic substitution cipher.'", "short_description": ">>> decrypt_message(4545, 'VL}p MM{I}p~{HL}Gp{vp pFsH}pxMpyxIx JHL O}F{~pvuOvF{FuF'"}, "args": ["key", "message"], "returns": [["plainText"]], "min_max_lineno": {"min_lineno": 54, "max_lineno": 71}, "calls": ["divmod", "affine_cipher.check_keys", "cryptomath_module.find_mod_inverse", "len", "len", "SYMBOLS.find", "len"], "store_vars_calls": {"modInverseOfkeyA": "cryptomath.find_mod_inverse", "symIndex": "SYMBOLS.find"}}, "get_random_key": {"min_max_lineno": {"min_lineno": 73, "max_lineno": 79}, "calls": ["random.randint", "random.randint", "len", "len", "cryptomath_module.gcd", "len", "len", "len"], "store_vars_calls": {"keyA": "random.randint", "keyB": "random.randint"}}, "main": {"doc": {"long_description": ">>> msg = \"This is a test!\"\n>>> decrypt_message(key, encrypt_message(key, msg)) == msg\nTrue", "short_description": ">>> key = get_random_key()"}, "min_max_lineno": {"min_lineno": 81, "max_lineno": 99}, "calls": ["input().strip", "int", "input().strip().lower", "input().strip().lower.startswith", "print", "input().strip", "affine_cipher.encrypt_message", "input().strip().lower.startswith", "input", "input().strip", "affine_cipher.decrypt_message", "input", "input().strip().lower.title", "input"], "store_vars_calls": {"message": "input().strip", "key": "int", "mode": "input().strip().lower", "translated": "decrypt_message"}}}, "main_info": {"main_flag": 1, "type": "script"}, "is_test": false}