{"file": {"path": "/Users/rakshithagnanasekaran/desktop/Python/ciphers/atbash.py", "fileNameBase": "atbash", "extension": "py", "doc": {"short_description": "https://en.wikipedia.org/wiki/Atbash ", "full": "https://en.wikipedia.org/wiki/Atbash "}}, "dependencies": [{"import": "string", "type": "external"}], "functions": {"atbash_slow": {"doc": {"long_description": "'ZYXWVUT'\n\n>>> atbash_slow(\"aW;;123BX\")\n'zD;;123YC'", "short_description": ">>> atbash_slow(\"ABCDEFG\")"}, "args": ["sequence"], "returns": [["output"]], "min_max_lineno": {"min_lineno": 5, "max_lineno": 23}, "calls": ["ord", "chr", "chr"], "store_vars_calls": {"extract": "ord"}}, "atbash": {"doc": {"long_description": "'ZYXWVUT'\n\n>>> atbash(\"aW;;123BX\")\n'zD;;123YC'", "short_description": ">>> atbash(\"ABCDEFG\")"}, "args": ["sequence"], "min_max_lineno": {"min_lineno": 25, "max_lineno": 37}, "calls": ["letters.index"]}, "benchmark": {"doc": {"short_description": "Let's benchmark them side-by-side..."}, "min_max_lineno": {"min_lineno": 40, "max_lineno": 60}, "calls": ["print", "print", "print", "timeit", "timeit"]}}, "main_info": {"main_flag": 1, "type": "script"}, "is_test": false}