{"file": {"path": "/Users/rakshithagnanasekaran/desktop/Python/ciphers/baconian_cipher.py", "fileNameBase": "baconian_cipher", "extension": "py", "doc": {"long_description": "Wikipedia reference : https://en.wikipedia.org/wiki/Bacon%27s_cipher", "short_description": "Program to encode and decode Baconian or Bacon's Cipher", "full": "Program to encode and decode Baconian or Bacon's Cipher\nWikipedia reference : https://en.wikipedia.org/wiki/Bacon%27s_cipher"}}, "functions": {"encode": {"doc": {"long_description": ">>> encode(\"hello\")\n'AABBBAABAAABABAABABAABBAB'\n>>> encode(\"hello world\")\n'AABBBAABAAABABAABABAABBAB BABAAABBABBAAAAABABAAAABB'\n>>> encode(\"hello world!\")\nTraceback (most recent call last):\n    ...\nException: encode() accepts only letters of the alphabet and spaces", "short_description": "Encodes to Baconian cipher"}, "args": ["word"], "returns": [["encoded"]], "min_max_lineno": {"min_lineno": 40, "max_lineno": 60}, "calls": ["word.lower", "letter.isalpha", "Exception"]}, "decode": {"doc": {"long_description": ">>> decode(\"AABBBAABAAABABAABABAABBAB BABAAABBABBAAAAABABAAAABB\")\n'hello world'\n>>> decode(\"AABBBAABAAABABAABABAABBAB\")\n'hello'\n>>> decode(\"AABBBAABAAABABAABABAABBAB BABAAABBABBAAAAABABAAAABB!\")\nTraceback (most recent call last):\n    ...\nException: decode() accepts only 'A', 'B' and spaces", "short_description": "Decodes from Baconian cipher"}, "args": ["coded"], "min_max_lineno": {"min_lineno": 62, "max_lineno": 84}, "calls": ["coded.split", "decoded.strip", "set", "Exception", "set", "len"]}}, "main_info": {"main_flag": 1, "type": "script"}, "is_test": false}