{"file": {"path": "/Users/rakshithagnanasekaran/desktop/Python/ciphers/base85.py", "fileNameBase": "base85", "extension": "py"}, "dependencies": [{"import": "base64", "type": "internal"}], "functions": {"base85_encode": {"doc": {"long_description": "b''\n>>> base85_encode(\"12345\")\nb'0etOA2#'\n>>> base85_encode(\"base 85\")\nb'@UX=h+?24'", "short_description": ">>> base85_encode(\"\")"}, "args": ["string"], "min_max_lineno": {"min_lineno": 4, "max_lineno": 15}, "calls": ["base64.a85encode", "string.encode"]}, "base85_decode": {"doc": {"long_description": "''\n>>> base85_decode(b\"0etOA2#\")\n'12345'\n>>> base85_decode(b\"@UX=h+?24\")\n'base 85'", "short_description": ">>> base85_decode(b\"\")"}, "args": ["a85encoded"], "min_max_lineno": {"min_lineno": 17, "max_lineno": 28}, "calls": ["base64.a85decode().decode", "base64.a85decode"]}}, "main_info": {"main_flag": 1, "type": "script"}, "is_test": false}