{"file": {"path": "/Users/rakshithagnanasekaran/desktop/Python/ciphers/base16.py", "fileNameBase": "base16", "extension": "py"}, "dependencies": [{"import": "base64", "type": "internal"}], "functions": {"base16_encode": {"doc": {"long_description": ">>> base16_encode('Hello World!')\nb'48656C6C6F20576F726C6421'\n>>> base16_encode('HELLO WORLD!')\nb'48454C4C4F20574F524C4421'\n>>> base16_encode('')\nb''", "short_description": "Encodes a given utf-8 string into base-16."}, "args": ["inp"], "min_max_lineno": {"min_lineno": 4, "max_lineno": 17}, "calls": ["base64.b16encode", "inp.encode"]}, "base16_decode": {"doc": {"long_description": ">>> base16_decode(b'48656C6C6F20576F726C6421')\n'Hello World!'\n>>> base16_decode(b'48454C4C4F20574F524C4421')\n'HELLO WORLD!'\n>>> base16_decode(b'')\n''", "short_description": "Decodes from base-16 to a utf-8 string."}, "args": ["b16encoded"], "min_max_lineno": {"min_lineno": 19, "max_lineno": 32}, "calls": ["base64.b16decode().decode", "base64.b16decode"]}}, "main_info": {"main_flag": 1, "type": "script"}, "is_test": false}