{"file": {"path": "/Users/rakshithagnanasekaran/desktop/Python/ciphers/base64.py", "fileNameBase": "base64", "extension": "py"}, "functions": {"base64_encode": {"doc": {"long_description": "The data is first transformed to binary and appended with binary digits so that its\nlength becomes a multiple of 6, then each 6 binary digits will match a character in\nthe B64_CHARSET string. The number of appended binary digits would later determine\nhow many \"=\" signs should be added, the padding.\nFor every 2 binary digits added, a \"=\" sign is added in the output.\nWe can add any binary digits to make it a multiple of 6, for instance, consider the\nfollowing example:\n\"AA\" -> 0010100100101001 -> 001010 010010 1001\nAs can be seen above, 2 more binary digits should be added, so there's 4\npossibilities here: 00, 01, 10 or 11.\nThat being said, Base64 encoding can be used in Steganography to hide data in these\nappended digits.\n\n>>> from base64 import b64encode\n>>> a = b\"This pull request is part of Hacktoberfest20!\"\n>>> b = b\"https://tools.ietf.org/html/rfc4648\"\n>>> c = b\"A\"\n>>> base64_encode(a) == b64encode(a)\nTrue\n>>> base64_encode(b) == b64encode(b)\nTrue\n>>> base64_encode(c) == b64encode(c)\nTrue\n>>> base64_encode(\"abc\")\nTraceback (most recent call last):\n  ...\nTypeError: a bytes-like object is required, not 'str'", "short_description": "Encodes data according to RFC4648."}, "args": ["data"], "min_max_lineno": {"min_lineno": 4, "max_lineno": 62}, "calls": ["isinstance", "TypeError", "[].zfill", "len", "len", "bin", "len", "range", "int", "len"]}, "base64_decode": {"doc": {"long_description": "This does the reverse operation of base64_encode.\nWe first transform the encoded data back to a binary stream, take off the\npreviously appended binary digits according to the padding, at this point we\nwould have a binary stream whose length is multiple of 8, the last step is\nto convert every 8 bits to a byte.\n\n>>> from base64 import b64decode\n>>> a = \"VGhpcyBwdWxsIHJlcXVlc3QgaXMgcGFydCBvZiBIYWNrdG9iZXJmZXN0MjAh\"\n>>> b = \"aHR0cHM6Ly90b29scy5pZXRmLm9yZy9odG1sL3JmYzQ2NDg=\"\n>>> c = \"QQ==\"\n>>> base64_decode(a) == b64decode(a)\nTrue\n>>> base64_decode(b) == b64decode(b)\nTrue\n>>> base64_decode(c) == b64decode(c)\nTrue\n>>> base64_decode(\"abc\")\nTraceback (most recent call last):\n  ...\nAssertionError: Incorrect padding", "short_description": "Decodes data according to RFC4648."}, "args": ["encoded_data"], "min_max_lineno": {"min_lineno": 65, "max_lineno": 137}, "calls": ["isinstance", "encoded_data.decode.count", "bytes", "TypeError", "all", "all", "int", "isinstance", "isinstance", "encoded_data.decode.decode", "range", "ValueError", "len", "[].zfill", "len", "[].zfill", "bin", "bin", "B64_CHARSET.index", "B64_CHARSET.index"], "store_vars_calls": {"padding": "encoded_data.count", "encoded_data": "encoded_data.decode"}}}, "main_info": {"main_flag": 1, "type": "script"}, "is_test": true}