{"file": {"path": "/Users/rakshithagnanasekaran/desktop/Python/ciphers/base32.py", "fileNameBase": "base32", "extension": "py"}, "dependencies": [{"import": "base64", "type": "internal"}], "functions": {"base32_encode": {"doc": {"long_description": ">>> base32_encode(\"Hello World!\")\nb'JBSWY3DPEBLW64TMMQQQ===='\n>>> base32_encode(\"123456\")\nb'GEZDGNBVGY======'\n>>> base32_encode(\"some long complex string\")\nb'ONXW2ZJANRXW4ZZAMNXW24DMMV4CA43UOJUW4ZY='", "short_description": "Encodes a given string to base32, returning a bytes-like object"}, "args": ["string"], "min_max_lineno": {"min_lineno": 4, "max_lineno": 18}, "calls": ["base64.b32encode", "string.encode"]}, "base32_decode": {"doc": {"long_description": ">>> base32_decode(b'JBSWY3DPEBLW64TMMQQQ====')\n'Hello World!'\n>>> base32_decode(b'GEZDGNBVGY======')\n'123456'\n>>> base32_decode(b'ONXW2ZJANRXW4ZZAMNXW24DMMV4CA43UOJUW4ZY=')\n'some long complex string'", "short_description": "Decodes a given bytes-like object to a string, returning a string"}, "args": ["encoded_bytes"], "min_max_lineno": {"min_lineno": 20, "max_lineno": 34}, "calls": ["base64.b32decode().decode", "base64.b32decode"]}}, "main_info": {"main_flag": 1, "main_function": "base32.base32_encode", "type": "script"}, "is_test": false}