{"file": {"path": "/Users/rakshithagnanasekaran/desktop/Python/ciphers/beaufort_cipher.py", "fileNameBase": "beaufort_cipher", "extension": "py", "doc": {"short_description": "Author: Mohit Radadiya", "full": "Author: Mohit Radadiya"}}, "dependencies": [{"from_module": "string", "import": "ascii_uppercase", "type": "external"}], "functions": {"generate_key": {"doc": {"long_description": "'SECRETSECRETSECRE'", "short_description": ">>> generate_key(\"THE GERMAN ATTACK\",\"SECRET\")"}, "args": ["message", "key"], "returns": [["key"]], "min_max_lineno": {"min_lineno": 14, "max_lineno": 29}, "calls": ["len", "len", "len"], "store_vars_calls": {"x": "len"}}, "cipher_text": {"doc": {"long_description": "'BDC PAYUWL JPAIYI'", "short_description": ">>> cipher_text(\"THE GERMAN ATTACK\",\"SECRETSECRETSECRE\")"}, "args": ["message", "key_new"], "returns": [["cipher_text"]], "min_max_lineno": {"min_lineno": 33, "max_lineno": 48}}, "original_text": {"doc": {"long_description": "'THE GERMAN ATTACK'", "short_description": ">>> original_text(\"BDC PAYUWL JPAIYI\",\"SECRETSECRETSECRE\")"}, "args": ["cipher_text", "key_new"], "returns": [["or_txt"]], "min_max_lineno": {"min_lineno": 52, "max_lineno": 67}}, "main": {"min_max_lineno": {"min_lineno": 69, "max_lineno": 76}, "calls": ["beaufort_cipher.generate_key", "beaufort_cipher.cipher_text", "print", "print", "beaufort_cipher.original_text"], "store_vars_calls": {"key_new": "generate_key", "s": "cipher_text"}}}, "main_info": {"main_flag": 1, "type": "script"}, "is_test": false}