{"file": {"path": "/Users/rakshithagnanasekaran/desktop/Python/ciphers/bifid.py", "fileNameBase": "bifid", "extension": "py", "doc": {"long_description": "makes it fairly difficult to decipher without knowing the secret.\n\nhttps://www.braingle.com/brainteasers/codes/bifid.php", "short_description": "The Bifid Cipher uses a Polybius Square to encipher a message in a way that", "full": "The Bifid Cipher uses a Polybius Square to encipher a message in a way that\nmakes it fairly difficult to decipher without knowing the secret.\n\nhttps://www.braingle.com/brainteasers/codes/bifid.php"}}, "dependencies": [{"import": "numpy", "alias": "np", "type": "external"}], "classes": {"BifidCipher": {"min_max_lineno": {"min_lineno": 13, "max_lineno": 111}, "methods": {"__init__": {"args": ["self"], "min_max_lineno": {"min_lineno": 14, "max_lineno": 23}, "calls": ["numpy.array"], "store_vars_calls": {"self.SQUARE": "np.array"}}, "letter_to_numbers": {"doc": {"long_description": "polybius square\n\n>>> np.array_equal(BifidCipher().letter_to_numbers('a'), [1,1])\nTrue\n\n>>> np.array_equal(BifidCipher().letter_to_numbers('u'), [4,5])\nTrue", "short_description": "Return the pair of numbers that represents the given letter in the"}, "args": ["self", "letter"], "returns": [["indexes"]], "min_max_lineno": {"min_lineno": 24, "max_lineno": 38}, "calls": ["numpy.where", "numpy.concatenate"], "store_vars_calls": {"indexes": "np.concatenate"}}, "numbers_to_letter": {"doc": {"long_description": "the polybius square\n\n>>> BifidCipher().numbers_to_letter(4, 5) == \"u\"\nTrue\n\n>>> BifidCipher().numbers_to_letter(1, 1) == \"a\"\nTrue", "short_description": "Return the letter corresponding to the position [index1, index2] in"}, "args": ["self", "index1", "index2"], "returns": [["letter"]], "min_max_lineno": {"min_lineno": 39, "max_lineno": 52}}, "encode": {"doc": {"long_description": ">>> BifidCipher().encode('testmessage') == 'qtltbdxrxlk'\nTrue\n\n>>> BifidCipher().encode('Test Message') == 'qtltbdxrxlk'\nTrue\n\n>>> BifidCipher().encode('test j') == BifidCipher().encode('test i')\nTrue", "short_description": "Return the encoded version of message according to the polybius cipher"}, "args": ["self", "message"], "returns": [["encoded_message"]], "min_max_lineno": {"min_lineno": 53, "max_lineno": 86}, "calls": ["message.replace.replace.lower", "message.replace.replace.replace", "message.replace.replace.replace", "numpy.empty", "range", "numpy.empty.reshape", "range", "len", "bifid.BifidCipher.letter_to_numbers", "len", "int", "int", "bifid.BifidCipher.numbers_to_letter", "len", "len"], "store_vars_calls": {"message": "message.replace", "first_step": "np.empty", "second_step": "first_step.reshape", "numbers": "self.letter_to_numbers", "index1": "int", "index2": "int", "letter": "self.numbers_to_letter"}}, "decode": {"doc": {"long_description": ">>> BifidCipher().decode('qtltbdxrxlk') == 'testmessage'\nTrue", "short_description": "Return the decoded version of message according to the polybius cipher"}, "args": ["self", "message"], "returns": [["decoded_message"]], "min_max_lineno": {"min_lineno": 87, "max_lineno": 111}, "calls": ["message.lower.lower.lower", "message.lower.lower.replace", "numpy.empty", "range", "numpy.empty.reshape", "range", "len", "bifid.BifidCipher.letter_to_numbers", "len", "int", "int", "bifid.BifidCipher.numbers_to_letter", "len", "len"], "store_vars_calls": {"message": "message.lower", "first_step": "np.empty", "second_step": "first_step.reshape", "numbers": "self.letter_to_numbers", "index1": "int", "index2": "int", "letter": "self.numbers_to_letter"}}}}}, "is_test": false}