{"file": {"path": "/Users/rakshithagnanasekaran/desktop/Python/ciphers/brute_force_caesar_cipher.py", "fileNameBase": "brute_force_caesar_cipher", "extension": "py"}, "functions": {"decrypt": {"doc": {"long_description": "Decryption using Key #0: TMDETUX PMDVU\nDecryption using Key #1: SLCDSTW OLCUT\nDecryption using Key #2: RKBCRSV NKBTS\nDecryption using Key #3: QJABQRU MJASR\nDecryption using Key #4: PIZAPQT LIZRQ\nDecryption using Key #5: OHYZOPS KHYQP\nDecryption using Key #6: NGXYNOR JGXPO\nDecryption using Key #7: MFWXMNQ IFWON\nDecryption using Key #8: LEVWLMP HEVNM\nDecryption using Key #9: KDUVKLO GDUML\nDecryption using Key #10: JCTUJKN FCTLK\nDecryption using Key #11: IBSTIJM EBSKJ\nDecryption using Key #12: HARSHIL DARJI\nDecryption using Key #13: GZQRGHK CZQIH\nDecryption using Key #14: FYPQFGJ BYPHG\nDecryption using Key #15: EXOPEFI AXOGF\nDecryption using Key #16: DWNODEH ZWNFE\nDecryption using Key #17: CVMNCDG YVMED\nDecryption using Key #18: BULMBCF XULDC\nDecryption using Key #19: ATKLABE WTKCB\nDecryption using Key #20: ZSJKZAD VSJBA\nDecryption using Key #21: YRIJYZC URIAZ\nDecryption using Key #22: XQHIXYB TQHZY\nDecryption using Key #23: WPGHWXA SPGYX\nDecryption using Key #24: VOFGVWZ ROFXW\nDecryption using Key #25: UNEFUVY QNEWV", "short_description": ">>> decrypt('TMDETUX PMDVU')"}, "args": ["message"], "min_max_lineno": {"min_lineno": 1, "max_lineno": 44}, "calls": ["range", "len", "print", "LETTERS.find", "len"], "store_vars_calls": {"num": "LETTERS.find"}}, "main": {"min_max_lineno": {"min_lineno": 46, "max_lineno": 50}, "calls": ["input", "message.upper.upper", "brute_force_caesar_cipher.decrypt"], "store_vars_calls": {"message": "message.upper"}}}, "main_info": {"main_flag": 1, "type": "script"}, "is_test": false}