{"file": {"path": "/Users/rakshithagnanasekaran/desktop/Python/ciphers/caesar_cipher.py", "fileNameBase": "caesar_cipher", "extension": "py"}, "dependencies": [{"from_module": "__future__", "import": "annotations", "type": "external"}, {"from_module": "string", "import": "ascii_letters", "type": "external"}], "functions": {"encrypt": {"doc": {"long_description": "=======\nEncodes a given string with the caesar cipher and returns the encoded\nmessage\n\nParameters:\n-----------\n*   input_string: the plain-text that needs to be encoded\n*   key: the number of letters to shift the message by\n\nOptional:\n*   alphabet (None): the alphabet used to encode the cipher, if not\n    specified, the standard english alphabet with upper and lowercase\n    letters is used\n\nReturns:\n*   A string containing the encoded cipher-text\n\nMore on the caesar cipher\n=========================\nThe caesar cipher is named after Julius Caesar who used it when sending\nsecret military messages to his troops. This is a simple substitution cipher\nwhere very character in the plain-text is shifted by a certain number known\nas the \"key\" or \"shift\".\n\nExample:\nSay we have the following message:\n\"Hello, captain\"\n\nAnd our alphabet is made up of lower and uppercase letters:\n\"abcdefghijklmnopqrstuvwxyzABCDEFGHIJKLMNOPQRSTUVWXYZ\"\n\nAnd our shift is \"2\"\n\nWe can then encode the message, one letter at a time. \"H\" would become \"J\",\nsince \"J\" is two letters away, and so on. If the shift is ever two large, or\nour letter is at the end of the alphabet, we just start at the beginning\n(\"Z\" would shift to \"a\" then \"b\" and so on).\n\nOur final message would be \"Jgnnq, ecrvckp\"\n\nFurther reading\n===============\n*   https://en.m.wikipedia.org/wiki/Caesar_cipher\n\nDoctests\n========\n>>> encrypt('The quick brown fox jumps over the lazy dog', 8)\n'bpm yCqks jzwEv nwF rCuxA wDmz Bpm tiHG lwo'\n\n>>> encrypt('A very large key', 8000)\n's nWjq dSjYW cWq'\n\n>>> encrypt('a lowercase alphabet', 5, 'abcdefghijklmnopqrstuvwxyz')\n'f qtbjwhfxj fqumfgjy'", "short_description": "encrypt"}, "args": ["input_string", "key", "alphabet"], "returns": [["result"]], "min_max_lineno": {"min_lineno": 6, "max_lineno": 82}, "calls": ["len", "alpha.index"]}, "decrypt": {"doc": {"long_description": "=======\nDecodes a given string of cipher-text and returns the decoded plain-text\n\nParameters:\n-----------\n*   input_string: the cipher-text that needs to be decoded\n*   key: the number of letters to shift the message backwards by to decode\n\nOptional:\n*   alphabet (None): the alphabet used to decode the cipher, if not\n    specified, the standard english alphabet with upper and lowercase\n    letters is used\n\nReturns:\n*   A string containing the decoded plain-text\n\nMore on the caesar cipher\n=========================\nThe caesar cipher is named after Julius Caesar who used it when sending\nsecret military messages to his troops. This is a simple substitution cipher\nwhere very character in the plain-text is shifted by a certain number known\nas the \"key\" or \"shift\". Please keep in mind, here we will be focused on\ndecryption.\n\nExample:\nSay we have the following cipher-text:\n\"Jgnnq, ecrvckp\"\n\nAnd our alphabet is made up of lower and uppercase letters:\n\"abcdefghijklmnopqrstuvwxyzABCDEFGHIJKLMNOPQRSTUVWXYZ\"\n\nAnd our shift is \"2\"\n\nTo decode the message, we would do the same thing as encoding, but in\nreverse. The first letter, \"J\" would become \"H\" (remember: we are decoding)\nbecause \"H\" is two letters in reverse (to the left) of \"J\". We would\ncontinue doing this. A letter like \"a\" would shift back to the end of\nthe alphabet, and would become \"Z\" or \"Y\" and so on.\n\nOur final message would be \"Hello, captain\"\n\nFurther reading\n===============\n*   https://en.m.wikipedia.org/wiki/Caesar_cipher\n\nDoctests\n========\n>>> decrypt('bpm yCqks jzwEv nwF rCuxA wDmz Bpm tiHG lwo', 8)\n'The quick brown fox jumps over the lazy dog'\n\n>>> decrypt('s nWjq dSjYW cWq', 8000)\n'A very large key'\n\n>>> decrypt('f qtbjwhfxj fqumfgjy', 5, 'abcdefghijklmnopqrstuvwxyz')\n'a lowercase alphabet'", "short_description": "decrypt"}, "args": ["input_string", "key", "alphabet"], "min_max_lineno": {"min_lineno": 84, "max_lineno": 147}, "calls": ["caesar_cipher.encrypt"]}, "brute_force": {"doc": {"long_description": "===========\nReturns all the possible combinations of keys and the decoded strings in the\nform of a dictionary\n\nParameters:\n-----------\n*   input_string: the cipher-text that needs to be used during brute-force\n\nOptional:\n*   alphabet:  (None): the alphabet used to decode the cipher, if not\n    specified, the standard english alphabet with upper and lowercase\n    letters is used\n\nMore about brute force\n======================\nBrute force is when a person intercepts a message or password, not knowing\nthe key and tries every single combination. This is easy with the caesar\ncipher since there are only all the letters in the alphabet. The more\ncomplex the cipher, the larger amount of time it will take to do brute force\n\nEx:\nSay we have a 5 letter alphabet (abcde), for simplicity and we intercepted the\nfollowing message:\n\n\"dbc\"\n\nwe could then just write out every combination:\necd... and so on, until we reach a combination that makes sense:\n\"cab\"\n\nFurther reading\n===============\n*   https://en.wikipedia.org/wiki/Brute_force\n\nDoctests\n========\n>>> brute_force(\"jFyuMy xIH'N vLONy zILwy Gy!\")[20]\n\"Please don't brute force me!\"\n\n>>> brute_force(1)\nTraceback (most recent call last):\nTypeError: 'int' object is not iterable", "short_description": "brute_force"}, "args": ["input_string", "alphabet"], "returns": [["brute_force_data"]], "min_max_lineno": {"min_lineno": 149, "max_lineno": 207}, "calls": ["range", "caesar_cipher.decrypt", "len"]}}, "main_info": {"main_flag": 1, "type": "script"}, "is_test": false}