{"file": {"path": "/Users/rakshithagnanasekaran/desktop/Python/ciphers/decrypt_caesar_with_chi_squared.py", "fileNameBase": "decrypt_caesar_with_chi_squared", "extension": "py"}, "dependencies": [{"from_module": "__future__", "import": "annotations", "type": "external"}], "functions": {"decrypt_caesar_with_chi_squared": {"doc": {"long_description": "===========\nArguments:\n* ciphertext (str): the text to decode (encoded with the caesar cipher)\n\nOptional Arguments:\n* cipher_alphabet (list): the alphabet used for the cipher (each letter is\n  a string separated by commas)\n* frequencies_dict (dict): a dictionary of word frequencies where keys are\n  the letters and values are a percentage representation of the frequency as\n  a decimal/float\n* case_sensitive (bool): a boolean value: True if the case matters during\n  decryption, False if it doesn't\n\nReturns:\n* A tuple in the form of:\n  (\n    most_likely_cipher,\n    most_likely_cipher_chi_squared_value,\n    decoded_most_likely_cipher\n  )\n\n  where...\n  - most_likely_cipher is an integer representing the shift of the smallest\n    chi-squared statistic (most likely key)\n  - most_likely_cipher_chi_squared_value is a float representing the\n    chi-squared statistic of the most likely shift\n  - decoded_most_likely_cipher is a string with the decoded cipher\n    (decoded by the most_likely_cipher key)\n\n\nThe Chi-squared test\n====================\n\nThe caesar cipher\n-----------------\nThe caesar cipher is a very insecure encryption algorithm, however it has\nbeen used since Julius Caesar. The cipher is a simple substitution cipher\nwhere each character in the plain text is replaced by a character in the\nalphabet a certain number of characters after the original character. The\nnumber of characters away is called the shift or key. For example:\n\nPlain text: hello\nKey: 1\nCipher text: ifmmp\n(each letter in hello has been shifted one to the right in the eng. alphabet)\n\nAs you can imagine, this doesn't provide lots of security. In fact\ndecrypting ciphertext by brute-force is extremely easy even by hand. However\n one way to do that is the chi-squared test.\n\nThe chi-squared test\n-------------------\nEach letter in the english alphabet has a frequency, or the amount of times\nit shows up compared to other letters (usually expressed as a decimal\nrepresenting the percentage likelihood). The most common letter in the\nenglish language is \"e\" with a frequency of 0.11162 or 11.162%. The test is\ncompleted in the following fashion.\n\n1. The ciphertext is decoded in a brute force way (every combination of the\n   26 possible combinations)\n2. For every combination, for each letter in the combination, the average\n   amount of times the letter should appear the message is calculated by\n   multiplying the total number of characters by the frequency of the letter\n\n   For example:\n   In a message of 100 characters, e should appear around 11.162 times.\n\n 3. Then, to calculate the margin of error (the amount of times the letter\n    SHOULD appear with the amount of times the letter DOES appear), we use\n    the chi-squared test. The following formula is used:\n\n    Let:\n    - n be the number of times the letter actually appears\n    - p be the predicted value of the number of times the letter should\n      appear (see #2)\n    - let v be the chi-squared test result (referred to here as chi-squared\n      value/statistic)\n\n    (n - p)^2\n    --------- = v\n       p\n\n4. Each chi squared value for each letter is then added up to the total.\n   The total is the chi-squared statistic for that encryption key.\n5. The encryption key with the lowest chi-squared value is the most likely\n   to be the decoded answer.\n\nFurther Reading\n================\n\n* http://practicalcryptography.com/cryptanalysis/text-characterisation/chi-squared-\n    statistic/\n* https://en.wikipedia.org/wiki/Letter_frequency\n* https://en.wikipedia.org/wiki/Chi-squared_test\n* https://en.m.wikipedia.org/wiki/Caesar_cipher\n\nDoctests\n========\n>>> decrypt_caesar_with_chi_squared(\n...    'dof pz aol jhlzhy jpwoly zv wvwbshy? pa pz avv lhzf av jyhjr!'\n... )  # doctest: +NORMALIZE_WHITESPACE\n(7, 3129.228005747531,\n 'why is the caesar cipher so popular? it is too easy to crack!')\n\n>>> decrypt_caesar_with_chi_squared('crybd cdbsxq')\n(10, 233.35343938980898, 'short string')\n\n>>> decrypt_caesar_with_chi_squared('Crybd Cdbsxq', case_sensitive=True)\n(10, 233.35343938980898, 'Short String')\n\n>>> decrypt_caesar_with_chi_squared(12)\nTraceback (most recent call last):\nAttributeError: 'int' object has no attribute 'lower'", "short_description": "Basic Usage"}, "args": ["ciphertext", "cipher_alphabet", "frequencies_dict", "case_sensitive"], "returns": [["most_likely_cipher", "most_likely_cipher_chi_squared_value", "decoded_most_likely_cipher"]], "min_max_lineno": {"min_lineno": 5, "max_lineno": 251}, "calls": ["range", "min", "ciphertext.lower.lower", "len", "chr", "range", "letter.lower.lower", "len", "alphabet_letters[].upper", "decrypted_with_shift.lower().count", "letter.lower.lower", "decrypted_with_shift.count", "alphabet_letters.index", "letter.lower.isupper", "letter.lower.lower", "decrypted_with_shift.lower"], "store_vars_calls": {"ciphertext": "ciphertext.lower", "letter": "letter.lower", "occurrences": "decrypted_with_shift.count"}, "functions": {"chi_squared_statistic_values_sorting_key": {"args": ["key"], "min_max_lineno": {"min_lineno": 232, "max_lineno": 234}}}}}, "is_test": false}