{"file": {"path": "/Users/rakshithagnanasekaran/desktop/Python/ciphers/deterministic_miller_rabin.py", "fileNameBase": "deterministic_miller_rabin", "extension": "py", "doc": {"long_description": ">>> test_miller_rabin()", "short_description": "Created by Nathan Damon, @bizzfitch on github", "full": "Created by Nathan Damon, @bizzfitch on github\n>>> test_miller_rabin()"}}, "functions": {"miller_rabin": {"doc": {"long_description": "Uses numerical analysis results to return whether or not the passed number\nis prime. If the passed number is above the upper limit, and\nallow_probable is True, then a return value of True indicates that n is\nprobably prime. This test does not allow False negatives- a return value\nof False is ALWAYS composite.", "short_description": "Deterministic Miller-Rabin algorithm for primes ~< 3.32e24.", "args": {"n": {"description": "The integer to be tested. Since we usually care if a number is prime,\nn < 2 returns False instead of raising a ValueError.", "type_name": "int", "is_optional": false}, "allow_probable": {"description": "Whether or not to test n above the upper bound of the deterministic test.", "type_name": "bool, default False", "is_optional": false}}, "raises": {"0": {"type_name": "ValueError"}}}, "args": ["n", "allow_probable"], "min_max_lineno": {"min_lineno": 6, "max_lineno": 88}, "calls": ["enumerate", "ValueError", "range", "pow"], "store_vars_calls": {"m": "pow"}}, "test_miller_rabin": {"doc": {"long_description": "and a prime in each range.", "short_description": "Testing a nontrivial (ends in 1, 3, 7, 9) composite"}, "min_max_lineno": {"min_lineno": 90, "max_lineno": 132}, "calls": ["deterministic_miller_rabin.miller_rabin", "deterministic_miller_rabin.miller_rabin", "deterministic_miller_rabin.miller_rabin", "deterministic_miller_rabin.miller_rabin", "deterministic_miller_rabin.miller_rabin", "deterministic_miller_rabin.miller_rabin", "deterministic_miller_rabin.miller_rabin", "deterministic_miller_rabin.miller_rabin", "deterministic_miller_rabin.miller_rabin", "deterministic_miller_rabin.miller_rabin", "deterministic_miller_rabin.miller_rabin", "deterministic_miller_rabin.miller_rabin", "deterministic_miller_rabin.miller_rabin", "deterministic_miller_rabin.miller_rabin", "deterministic_miller_rabin.miller_rabin", "deterministic_miller_rabin.miller_rabin", "deterministic_miller_rabin.miller_rabin", "deterministic_miller_rabin.miller_rabin", "deterministic_miller_rabin.miller_rabin", "deterministic_miller_rabin.miller_rabin"]}}, "main_info": {"main_flag": 1, "main_function": "deterministic_miller_rabin.test_miller_rabin", "type": "script"}, "is_test": true}