{"file": {"path": "/Users/rakshithagnanasekaran/desktop/Python/ciphers/elgamal_key_generator.py", "fileNameBase": "elgamal_key_generator", "extension": "py"}, "dependencies": [{"import": "os", "type": "external"}, {"import": "random", "type": "external"}, {"import": "sys", "type": "external"}, {"import": "cryptomath_module", "alias": "cryptomath", "type": "internal"}, {"import": "rabin_miller", "type": "internal"}], "functions": {"primitive_root": {"args": ["p_val"], "returns": [["g"]], "min_max_lineno": {"min_lineno": 16, "max_lineno": 25}, "calls": ["print", "random.randrange", "pow", "pow"], "store_vars_calls": {"g": "random.randrange"}}, "generate_key": {"args": ["key_size"], "returns": [["public_key", "private_key"]], "min_max_lineno": {"min_lineno": 27, "max_lineno": 38}, "calls": ["print", "rabin_miller.generateLargePrime", "elgamal_key_generator.primitive_root", "random.randrange", "cryptomath_module.find_mod_inverse", "pow"], "store_vars_calls": {"p": "rabin_miller.generateLargePrime", "e_1": "primitive_root", "d": "random.randrange", "e_2": "cryptomath.find_mod_inverse"}}, "make_key_files": {"args": ["name", "keySize"], "min_max_lineno": {"min_lineno": 40, "max_lineno": 60}, "calls": ["elgamal_key_generator.generate_key", "print", "print", "os.path.exists", "os.path.exists", "print", "print", "sys.exit", "open", "fo.write", "open", "fo.write"]}, "main": {"min_max_lineno": {"min_lineno": 62, "max_lineno": 66}, "calls": ["print", "elgamal_key_generator.make_key_files", "print"]}}, "main_info": {"main_flag": 1, "main_function": "elgamal_key_generator.main", "type": "script"}, "is_test": false}