{"file": {"path": "/Users/rakshithagnanasekaran/desktop/Python/ciphers/enigma_machine2.py", "fileNameBase": "enigma_machine2", "extension": "py", "doc": {"long_description": "Video explanation: https://youtu.be/QwQVMqfoB2E\nAlso check out Numberphile's and Computerphile's videos on this topic\n\nThis module contains function 'enigma' which emulates\nthe famous Enigma machine from WWII.\nModule includes:\n- enigma function\n- showcase of function usage\n- 9 randomly generated rotors\n- reflector (aka static rotor)\n- original alphabet\n\nCreated by TrapinchO", "short_description": "Wikipedia: https://en.wikipedia.org/wiki/Enigma_machine", "full": "Wikipedia: https://en.wikipedia.org/wiki/Enigma_machine\nVideo explanation: https://youtu.be/QwQVMqfoB2E\nAlso check out Numberphile's and Computerphile's videos on this topic\n\nThis module contains function 'enigma' which emulates\nthe famous Enigma machine from WWII.\nModule includes:\n- enigma function\n- showcase of function usage\n- 9 randomly generated rotors\n- reflector (aka static rotor)\n- original alphabet\n\nCreated by TrapinchO"}}, "dependencies": [{"from_module": "__future__", "import": "annotations", "type": "external"}], "functions": {"_validator": {"doc": {"long_description": ">>> _validator((1,1,1), (rotor1, rotor2, rotor3), 'POLAND')\n((1, 1, 1), ('EGZWVONAHDCLFQMSIPJBYUKXTR', 'FOBHMDKEXQNRAULPGSJVTYICZW', 'ZJXESIUQLHAVRMDOYGTNFWPBKC'), {'P': 'O', 'O': 'P', 'L': 'A', 'A': 'L', 'N': 'D', 'D': 'N'})", "short_description": "Checks if the values can be used for the 'enigma' function", "args": {"rotpos": {"description": "rotor_positon"}, "rotsel": {"description": "rotor_selection"}, "pb": {"description": "plugb -> validated and transformed"}}, "returns": {"description": "(rotpos, rotsel, pb)", "is_generator": false}}, "args": ["rotpos", "rotsel", "pb"], "returns": [["rotpos", "rotsel", "pbdict"]], "min_max_lineno": {"min_lineno": 71, "max_lineno": 112}, "calls": ["len", "enigma_machine2._plugboard", "set", "Exception", "ValueError", "ValueError", "ValueError", "len", "len", "len"], "store_vars_calls": {"unique_rotsel": "len", "pbdict": "_plugboard"}}, "_plugboard": {"doc": {"long_description": ">>> _plugboard('PICTURES')\n{'P': 'I', 'I': 'P', 'C': 'T', 'T': 'C', 'U': 'R', 'R': 'U', 'E': 'S', 'S': 'E'}\n>>> _plugboard('POLAND')\n{'P': 'O', 'O': 'P', 'L': 'A', 'A': 'L', 'N': 'D', 'D': 'N'}\n\nIn the code, 'pb' stands for 'plugboard'\n\nPairs can be separated by spaces", "short_description": "https://en.wikipedia.org/wiki/Enigma_machine#Plugboard", "args": {"pbstring": {"description": "string containing plugboard setting for the Enigma machine"}}, "returns": {"description": "dictionary containing converted pairs", "is_generator": false}}, "args": ["pbstring"], "returns": [["pb"]], "min_max_lineno": {"min_lineno": 114, "max_lineno": 160}, "calls": ["pbstring.replace", "set", "range", "isinstance", "TypeError", "Exception", "Exception", "len", "len", "Exception", "set.add", "type", "len"], "store_vars_calls": {"tmppbl": "set"}}, "enigma": {"doc": {"long_description": "All characters are converted to uppercase. (non-letter symbol are ignored)\nHow it works:\n(for every letter in the message)\n\n- Input letter goes into the plugboard.\nIf it is connected to another one, switch it.\n\n- Letter goes through 3 rotors.\nEach rotor can be represented as 2 sets of symbol, where one is shuffled.\nEach symbol from the first set has corresponding symbol in\nthe second set and vice versa.\n\nexample:\n| ABCDEFGHIJKLMNOPQRSTUVWXYZ | e.g. F=D and D=F\n| VKLEPDBGRNWTFCJOHQAMUZYIXS |\n\n- Symbol then goes through reflector (static rotor).\nThere it is switched with paired symbol\nThe reflector can be represented as2 sets, each with half of the alphanet.\nThere are usually 10 pairs of letters.\n\nExample:\n| ABCDEFGHIJKLM | e.g. E is paired to X\n| ZYXWVUTSRQPON | so when E goes in X goes out and vice versa\n\n- Letter then goes through the rotors again\n\n- If the letter is connected to plugboard, it is switched.\n\n- Return the letter\n\n>>> enigma('Hello World!', (1, 2, 1), plugb='pictures')\n'KORYH JUHHI!'\n>>> enigma('KORYH, juhhi!', (1, 2, 1), plugb='pictures')\n'HELLO, WORLD!'\n>>> enigma('hello world!', (1, 1, 1), plugb='pictures')\n'FPNCZ QWOBU!'\n>>> enigma('FPNCZ QWOBU', (1, 1, 1), plugb='pictures')\n'HELLO WORLD'", "short_description": "The only difference with real-world enigma is that I allowed string input.", "args": {"text": {"description": "input message"}, "rotor_position": {"description": "tuple with 3 values in range 1..26"}, "rotor_selection": {"description": "tuple with 3 rotors ()"}, "plugb": {"description": "string containing plugboard configuration (default '')"}}, "returns": {"description": "en/decrypted string", "is_generator": false}}, "args": ["text", "rotor_position", "rotor_selection", "plugb"], "min_max_lineno": {"min_lineno": 162, "max_lineno": 284}, "calls": ["text.upper.upper", "enigma_machine2._validator", "plugb.upper", "result.append", "abc.index", "abc.index", "abc.index", "len", "len", "len", "len", "len", "len", "rotor3.index", "rotor2.index", "rotor1.index"], "store_vars_calls": {"text": "text.upper"}}}, "main_info": {"main_flag": 1, "main_function": "enigma_machine2.enigma", "type": "script"}, "is_test": false}