{"file": {"path": "/Users/rakshithagnanasekaran/desktop/Python/ciphers/hill_cipher.py", "fileNameBase": "hill_cipher", "extension": "py", "doc": {"long_description": "The 'HillCipher' class below implements the Hill Cipher algorithm which uses\nmodern linear algebra techniques to encode and decode text using an encryption\nkey matrix.\n\nAlgorithm:\nLet the order of the encryption key be N (as it is a square matrix).\nYour text is divided into batches of length N and converted to numerical vectors\nby a simple mapping starting with A=0 and so on.\n\nThe key is then multiplied with the newly created batch vector to obtain the\nencoded vector. After each multiplication modular 36 calculations are performed\non the vectors so as to bring the numbers between 0 and 36 and then mapped with\ntheir corresponding alphanumerics.\n\nWhile decrypting, the decrypting key is found which is the inverse of the\nencrypting key modular 36. The same process is repeated for decrypting to get\nthe original message back.\n\nConstraints:\nThe determinant of the encryption key matrix must be relatively prime w.r.t 36.\n\nNote:\nThis implementation only considers alphanumerics in the text.  If the length of\nthe text to be encrypted is not a multiple of the break key(the length of one\nbatch of letters), the last character of the text is added to the text until the\nlength of the text reaches a multiple of the break_key. So the text after\ndecrypting might be a little different than the original text.\n\nReferences:\nhttps://apprendre-en-ligne.net/crypto/hill/Hillciph.pdf\nhttps://www.youtube.com/watch?v=kfmNeskzs2o\nhttps://www.youtube.com/watch?v=4RhLNDqcjpA", "short_description": "Hill Cipher:", "full": "Hill Cipher:\nThe 'HillCipher' class below implements the Hill Cipher algorithm which uses\nmodern linear algebra techniques to encode and decode text using an encryption\nkey matrix.\n\nAlgorithm:\nLet the order of the encryption key be N (as it is a square matrix).\nYour text is divided into batches of length N and converted to numerical vectors\nby a simple mapping starting with A=0 and so on.\n\nThe key is then multiplied with the newly created batch vector to obtain the\nencoded vector. After each multiplication modular 36 calculations are performed\non the vectors so as to bring the numbers between 0 and 36 and then mapped with\ntheir corresponding alphanumerics.\n\nWhile decrypting, the decrypting key is found which is the inverse of the\nencrypting key modular 36. The same process is repeated for decrypting to get\nthe original message back.\n\nConstraints:\nThe determinant of the encryption key matrix must be relatively prime w.r.t 36.\n\nNote:\nThis implementation only considers alphanumerics in the text.  If the length of\nthe text to be encrypted is not a multiple of the break key(the length of one\nbatch of letters), the last character of the text is added to the text until the\nlength of the text reaches a multiple of the break_key. So the text after\ndecrypting might be a little different than the original text.\n\nReferences:\nhttps://apprendre-en-ligne.net/crypto/hill/Hillciph.pdf\nhttps://www.youtube.com/watch?v=kfmNeskzs2o\nhttps://www.youtube.com/watch?v=4RhLNDqcjpA"}}, "dependencies": [{"import": "string", "type": "external"}, {"import": "numpy", "type": "external"}], "classes": {"HillCipher": {"min_max_lineno": {"min_lineno": 57, "max_lineno": 201}, "methods": {"__init__": {"doc": {"short_description": "encrypt_key is an NxN numpy array"}, "args": ["self", "encrypt_key"], "min_max_lineno": {"min_lineno": 67, "max_lineno": 74}, "calls": ["hill_cipher.HillCipher.modulus", "hill_cipher.HillCipher.check_determinant"], "store_vars_calls": {"self.encrypt_key": "self.modulus"}}, "replace_letters": {"doc": {"long_description": ">>> hill_cipher.replace_letters('T')\n19\n>>> hill_cipher.replace_letters('0')\n26", "short_description": ">>> hill_cipher = HillCipher(numpy.array([[2, 5], [1, 6]]))"}, "args": ["self", "letter"], "min_max_lineno": {"min_lineno": 75, "max_lineno": 84}, "calls": ["hill_cipher.HillCipher.key_string.index"]}, "replace_digits": {"doc": {"long_description": ">>> hill_cipher.replace_digits(19)\n'T'\n>>> hill_cipher.replace_digits(26)\n'0'", "short_description": ">>> hill_cipher = HillCipher(numpy.array([[2, 5], [1, 6]]))"}, "args": ["self", "num"], "min_max_lineno": {"min_lineno": 85, "max_lineno": 94}, "calls": ["round"]}, "check_determinant": {"doc": {"long_description": ">>> hill_cipher.check_determinant()", "short_description": ">>> hill_cipher = HillCipher(numpy.array([[2, 5], [1, 6]]))"}, "args": ["self"], "min_max_lineno": {"min_lineno": 95, "max_lineno": 109}, "calls": ["round", "len", "numpy.linalg.det", "hill_cipher.greatest_common_divisor", "ValueError", "len", "len"], "store_vars_calls": {"det": "round", "req_l": "len"}}, "process_text": {"doc": {"long_description": ">>> hill_cipher.process_text('Testing Hill Cipher')\n'TESTINGHILLCIPHERR'\n>>> hill_cipher.process_text('hello')\n'HELLOO'", "short_description": ">>> hill_cipher = HillCipher(numpy.array([[2, 5], [1, 6]]))"}, "args": ["self", "text"], "min_max_lineno": {"min_lineno": 112, "max_lineno": 127}, "calls": ["chars.append", "text.upper", "len"]}, "encrypt": {"doc": {"long_description": ">>> hill_cipher.encrypt('testing hill cipher')\n'WHXYJOLM9C6XT085LL'\n>>> hill_cipher.encrypt('hello')\n'85FF00'", "short_description": ">>> hill_cipher = HillCipher(numpy.array([[2, 5], [1, 6]]))"}, "args": ["self", "text"], "returns": [["encrypted"]], "min_max_lineno": {"min_lineno": 128, "max_lineno": 152}, "calls": ["hill_cipher.HillCipher.process_text", "range", "hill_cipher.HillCipher.upper", "hill_cipher.HillCipher.replace_letters", "numpy.array", "hill_cipher.HillCipher.modulus().T.tolist", "len", "hill_cipher.HillCipher.replace_digits", "hill_cipher.HillCipher.modulus", "hill_cipher.HillCipher.encrypt_key.dot"], "store_vars_calls": {"text": "self.process_text"}}, "make_decrypt_key": {"doc": {"long_description": ">>> hill_cipher.make_decrypt_key()\narray([[ 6, 25],\n       [ 5, 26]])", "short_description": ">>> hill_cipher = HillCipher(numpy.array([[2, 5], [1, 6]]))"}, "args": ["self"], "min_max_lineno": {"min_lineno": 153, "max_lineno": 177}, "calls": ["round", "range", "hill_cipher.HillCipher.to_int", "numpy.linalg.det", "len", "numpy.linalg.inv", "hill_cipher.HillCipher.modulus", "len", "numpy.linalg.det", "len"], "store_vars_calls": {"det": "round"}}, "decrypt": {"doc": {"long_description": ">>> hill_cipher.decrypt('WHXYJOLM9C6XT085LL')\n'TESTINGHILLCIPHERR'\n>>> hill_cipher.decrypt('85FF00')\n'HELLOO'", "short_description": ">>> hill_cipher = HillCipher(numpy.array([[2, 5], [1, 6]]))"}, "args": ["self", "text"], "returns": [["decrypted"]], "min_max_lineno": {"min_lineno": 178, "max_lineno": 201}, "calls": ["hill_cipher.HillCipher.make_decrypt_key", "hill_cipher.HillCipher.process_text", "range", "hill_cipher.HillCipher.upper", "hill_cipher.HillCipher.replace_letters", "numpy.array", "hill_cipher.HillCipher.modulus().T.tolist", "len", "hill_cipher.HillCipher.replace_digits", "hill_cipher.HillCipher.modulus", "hill_cipher.HillCipher.dot"], "store_vars_calls": {"decrypt_key": "self.make_decrypt_key", "text": "self.process_text"}}}}}, "functions": {"greatest_common_divisor": {"doc": {"long_description": "4\n>>> greatest_common_divisor(8, 4)\n4\n>>> greatest_common_divisor(4, 7)\n1\n>>> greatest_common_divisor(0, 10)\n10", "short_description": ">>> greatest_common_divisor(4, 8)"}, "args": ["a", "b"], "min_max_lineno": {"min_lineno": 43, "max_lineno": 55}, "calls": ["hill_cipher.greatest_common_divisor"]}, "main": {"min_max_lineno": {"min_lineno": 203, "max_lineno": 224}, "calls": ["int", "print", "range", "hill_cipher.HillCipher", "print", "input", "input", "hill_matrix.append", "numpy.array", "input", "print", "print", "int", "hill_cipher.HillCipher.encrypt", "input", "print", "print", "input().split", "hill_cipher.HillCipher.decrypt", "input"], "store_vars_calls": {"N": "int", "hc": "HillCipher", "option": "input", "text_e": "input", "text_d": "input"}}}, "main_info": {"main_flag": 1, "type": "script"}, "is_test": false}