{"file": {"path": "/Users/rakshithagnanasekaran/desktop/Python/ciphers/mixed_keyword_cypher.py", "fileNameBase": "mixed_keyword_cypher", "extension": "py"}, "functions": {"mixed_keyword": {"doc": {"long_description": "H E L O\nA B C D\nF G I J\nK M N P\nQ R S T\nU V W X\nY Z\nand map vertically\n\n>>> mixed_keyword(\"college\", \"UNIVERSITY\")  # doctest: +NORMALIZE_WHITESPACE\n{'A': 'C', 'B': 'A', 'C': 'I', 'D': 'P', 'E': 'U', 'F': 'Z', 'G': 'O', 'H': 'B',\n 'I': 'J', 'J': 'Q', 'K': 'V', 'L': 'L', 'M': 'D', 'N': 'K', 'O': 'R', 'P': 'W',\n 'Q': 'E', 'R': 'F', 'S': 'M', 'T': 'S', 'U': 'X', 'V': 'G', 'W': 'H', 'X': 'N',\n 'Y': 'T', 'Z': 'Y'}\n'XKJGUFMJST'", "short_description": "For key:hello"}, "args": ["key", "pt"], "returns": [["cypher"]], "min_max_lineno": {"min_lineno": 1, "max_lineno": 66}, "calls": ["key.upper.upper", "pt.upper.upper", "len", "range", "int", "range", "range", "print", "chr", "alpha.append", "range", "modalpha.append", "temp.append", "temp.append", "s.append", "len"], "store_vars_calls": {"key": "key.upper", "pt": "pt.upper", "len_temp": "len", "r": "int", "t": "chr"}}}, "body": {"calls": ["print", "mixed_keyword_cypher.mixed_keyword"]}, "is_test": false}