{"file": {"path": "/Users/rakshithagnanasekaran/desktop/Python/ciphers/mono_alphabetic_ciphers.py", "fileNameBase": "mono_alphabetic_ciphers", "extension": "py"}, "dependencies": [{"from_module": "typing", "import": "Literal", "type": "external"}], "functions": {"translate_message": {"doc": {"long_description": "'Pcssi Bidsm'", "short_description": ">>> translate_message(\"QWERTYUIOPASDFGHJKLZXCVBNM\",\"Hello World\",\"encrypt\")"}, "args": ["key", "message", "mode"], "returns": [["translated"]], "min_max_lineno": {"min_lineno": 6, "max_lineno": 29}, "calls": ["symbol.upper", "chars_a.find", "symbol.isupper", "symbol.upper", "chars_b[].upper", "chars_b[].lower"], "store_vars_calls": {"sym_index": "chars_a.find"}}, "encrypt_message": {"doc": {"long_description": "'Pcssi Bidsm'", "short_description": ">>> encrypt_message(\"QWERTYUIOPASDFGHJKLZXCVBNM\", \"Hello World\")"}, "args": ["key", "message"], "min_max_lineno": {"min_lineno": 31, "max_lineno": 37}, "calls": ["mono_alphabetic_ciphers.translate_message"]}, "decrypt_message": {"doc": {"long_description": "'Itssg Vgksr'", "short_description": ">>> decrypt_message(\"QWERTYUIOPASDFGHJKLZXCVBNM\", \"Hello World\")"}, "args": ["key", "message"], "min_max_lineno": {"min_lineno": 39, "max_lineno": 45}, "calls": ["mono_alphabetic_ciphers.translate_message"]}, "main": {"min_max_lineno": {"min_lineno": 47, "max_lineno": 57}, "calls": ["print", "mono_alphabetic_ciphers.encrypt_message", "mono_alphabetic_ciphers.decrypt_message"], "store_vars_calls": {"translated": "decrypt_message"}}}, "main_info": {"main_flag": 1, "type": "script"}, "is_test": false}