{"file": {"path": "/Users/rakshithagnanasekaran/desktop/Python/ciphers/morse_code.py", "fileNameBase": "morse_code", "extension": "py", "doc": {"long_description": "https://en.wikipedia.org/wiki/Morse_code", "short_description": "Python program to translate to and from Morse code.", "full": "Python program to translate to and from Morse code.\n\nhttps://en.wikipedia.org/wiki/Morse_code"}}, "functions": {"encrypt": {"doc": {"long_description": "'... --- ... -.-.--'\n>>> encrypt(\"SOS!\") == encrypt(\"sos!\")\nTrue", "short_description": ">>> encrypt(\"Sos!\")"}, "args": ["message"], "min_max_lineno": {"min_lineno": 25, "max_lineno": 33}, "calls": ["message.upper"]}, "decrypt": {"doc": {"long_description": "'SOS!'", "short_description": ">>> decrypt('... --- ... -.-.--')"}, "args": ["message"], "min_max_lineno": {"min_lineno": 35, "max_lineno": 41}, "calls": ["message.split"]}, "main": {"doc": {"long_description": ">>> decrypt(encrypt(s)) == s\nTrue", "short_description": ">>> s = \"\".join(MORSE_CODE_DICT)"}, "min_max_lineno": {"min_lineno": 43, "max_lineno": 55}, "calls": ["print", "morse_code.encrypt", "print", "morse_code.decrypt", "print"], "store_vars_calls": {"message": "decrypt"}}}, "main_info": {"main_flag": 1, "main_function": "morse_code.main", "type": "script"}, "is_test": false}