{"file": {"path": "/Users/rakshithagnanasekaran/desktop/Python/ciphers/onepad_cipher.py", "fileNameBase": "onepad_cipher", "extension": "py"}, "dependencies": [{"import": "random", "type": "external"}], "classes": {"Onepad": {"min_max_lineno": {"min_lineno": 4, "max_lineno": 26}, "methods": {"encrypt": {"doc": {"short_description": "Function to encrypt text using pseudo-random numbers"}, "args": ["text"], "returns": [["cipher", "key"]], "min_max_lineno": {"min_lineno": 5, "max_lineno": 17}, "calls": ["ord", "random.randint", "cipher.append", "key.append"], "store_vars_calls": {"k": "random.randint"}}, "decrypt": {"doc": {"short_description": "Function to decrypt text using pseudo-random numbers."}, "args": ["cipher", "key"], "min_max_lineno": {"min_lineno": 18, "max_lineno": 26}, "calls": ["range", "len", "int", "plain.append", "chr"], "store_vars_calls": {"p": "int"}}}}}, "main_info": {"main_flag": 1, "main_function": "onepad_cipher.Onepad().encrypt", "type": "script"}, "is_test": false}