{"file": {"path": "/Users/rakshithagnanasekaran/desktop/Python/ciphers/playfair_cipher.py", "fileNameBase": "playfair_cipher", "extension": "py"}, "dependencies": [{"import": "itertools", "type": "external"}, {"import": "string", "type": "external"}, {"from_module": "collections.abc", "import": "Generator", "type": "external"}, {"from_module": "collections.abc", "import": "Iterable", "type": "external"}], "functions": {"chunker": {"args": ["seq", "size"], "min_max_lineno": {"min_lineno": 6, "max_lineno": 13}, "calls": ["iter", "tuple", "itertools.islice"], "store_vars_calls": {"it": "iter", "chunk": "tuple"}}, "prepare_input": {"doc": {"long_description": "and separating repeated letters with X's", "short_description": "Prepare the plaintext by up-casing it"}, "args": ["dirty"], "returns": [["clean"], ["dirty"]], "min_max_lineno": {"min_lineno": 15, "max_lineno": 39}, "calls": ["range", "len", "len", "c.upper", "len"]}, "generate_table": {"args": ["key"], "returns": [["table"]], "min_max_lineno": {"min_lineno": 41, "max_lineno": 61}, "calls": ["key.upper", "table.append", "table.append"]}, "encode": {"args": ["plaintext", "key"], "returns": [["ciphertext"]], "min_max_lineno": {"min_lineno": 63, "max_lineno": 84}, "calls": ["playfair_cipher.generate_table", "playfair_cipher.prepare_input", "playfair_cipher.chunker", "divmod", "divmod", "generate_table.index", "generate_table.index"], "store_vars_calls": {"table": "generate_table", "plaintext": "prepare_input"}}, "decode": {"args": ["ciphertext", "key"], "returns": [["plaintext"]], "min_max_lineno": {"min_lineno": 86, "max_lineno": 106}, "calls": ["playfair_cipher.generate_table", "playfair_cipher.chunker", "divmod", "divmod", "generate_table.index", "generate_table.index"], "store_vars_calls": {"table": "generate_table"}}}, "is_test": false}