{"file": {"path": "/Users/rakshithagnanasekaran/desktop/Python/ciphers/polybius.py", "fileNameBase": "polybius", "extension": "py", "doc": {"long_description": "https://www.braingle.com/brainteasers/codes/polybius.php", "short_description": "A Polybius Square is a table that allows someone to translate letters into numbers.", "full": "A Polybius Square is a table that allows someone to translate letters into numbers.\n\nhttps://www.braingle.com/brainteasers/codes/polybius.php"}}, "dependencies": [{"import": "numpy", "alias": "np", "type": "external"}], "classes": {"PolybiusCipher": {"min_max_lineno": {"min_lineno": 12, "max_lineno": 96}, "methods": {"__init__": {"args": ["self"], "min_max_lineno": {"min_lineno": 13, "max_lineno": 22}, "calls": ["numpy.array"], "store_vars_calls": {"self.SQUARE": "np.array"}}, "letter_to_numbers": {"doc": {"long_description": "polybius square\n>>> np.array_equal(PolybiusCipher().letter_to_numbers('a'), [1,1])\nTrue\n\n>>> np.array_equal(PolybiusCipher().letter_to_numbers('u'), [4,5])\nTrue", "short_description": "Return the pair of numbers that represents the given letter in the"}, "args": ["self", "letter"], "returns": [["indexes"]], "min_max_lineno": {"min_lineno": 23, "max_lineno": 36}, "calls": ["numpy.where", "numpy.concatenate"], "store_vars_calls": {"indexes": "np.concatenate"}}, "numbers_to_letter": {"doc": {"long_description": "the polybius square\n\n>>> PolybiusCipher().numbers_to_letter(4, 5) == \"u\"\nTrue\n\n>>> PolybiusCipher().numbers_to_letter(1, 1) == \"a\"\nTrue", "short_description": "Return the letter corresponding to the position [index1, index2] in"}, "args": ["self", "index1", "index2"], "min_max_lineno": {"min_lineno": 37, "max_lineno": 49}}, "encode": {"doc": {"long_description": ">>> PolybiusCipher().encode(\"test message\") == \"44154344 32154343112215\"\nTrue\n\n>>> PolybiusCipher().encode(\"Test Message\") == \"44154344 32154343112215\"\nTrue", "short_description": "Return the encoded version of message according to the polybius cipher"}, "args": ["self", "message"], "returns": [["encoded_message"]], "min_max_lineno": {"min_lineno": 50, "max_lineno": 72}, "calls": ["message.replace.replace.lower", "message.replace.replace.replace", "range", "len", "polybius.PolybiusCipher.letter_to_numbers", "str", "str"], "store_vars_calls": {"message": "message.replace", "numbers": "self.letter_to_numbers"}}, "decode": {"doc": {"long_description": ">>> PolybiusCipher().decode(\"44154344 32154343112215\") == \"test message\"\nTrue\n\n>>> PolybiusCipher().decode(\"4415434432154343112215\") == \"testmessage\"\nTrue", "short_description": "Return the decoded version of message according to the polybius cipher"}, "args": ["self", "message"], "returns": [["decoded_message"]], "min_max_lineno": {"min_lineno": 73, "max_lineno": 96}, "calls": ["message.replace.replace.replace", "range", "int", "polybius.PolybiusCipher.numbers_to_letter", "len", "int", "int"], "store_vars_calls": {"message": "message.replace", "letter": "self.numbers_to_letter"}}}}}, "is_test": false}