{"file": {"path": "/Users/rakshithagnanasekaran/desktop/Python/ciphers/porta_cipher.py", "fileNameBase": "porta_cipher", "extension": "py"}, "functions": {"generate_table": {"doc": {"long_description": "[('ABCDEFGHIJKLM', 'UVWXYZNOPQRST'), ('ABCDEFGHIJKLM', 'NOPQRSTUVWXYZ'),\n ('ABCDEFGHIJKLM', 'STUVWXYZNOPQR'), ('ABCDEFGHIJKLM', 'QRSTUVWXYZNOP'),\n ('ABCDEFGHIJKLM', 'WXYZNOPQRSTUV'), ('ABCDEFGHIJKLM', 'UVWXYZNOPQRST')]", "short_description": ">>> generate_table('marvin')  # doctest: +NORMALIZE_WHITESPACE"}, "args": ["key"], "min_max_lineno": {"min_lineno": 31, "max_lineno": 39}, "calls": ["key.upper"]}, "encrypt": {"doc": {"long_description": "'QRACRWU'", "short_description": ">>> encrypt('marvin', 'jessica')"}, "args": ["key", "words"], "returns": [["cipher"]], "min_max_lineno": {"min_lineno": 41, "max_lineno": 53}, "calls": ["porta_cipher.generate_table", "words.upper", "porta_cipher.get_opponent", "len"], "store_vars_calls": {"table": "generate_table"}}, "decrypt": {"doc": {"long_description": "'JESSICA'", "short_description": ">>> decrypt('marvin', 'QRACRWU')"}, "args": ["key", "words"], "min_max_lineno": {"min_lineno": 55, "max_lineno": 61}, "calls": ["porta_cipher.encrypt"]}, "get_position": {"doc": {"long_description": "(0, 12)", "short_description": ">>> get_position(generate_table('marvin')[0], 'M')"}, "args": ["table", "char"], "returns": [["row", "col"]], "min_max_lineno": {"min_lineno": 63, "max_lineno": 72}, "calls": ["table[].index"], "store_vars_calls": {"col": "table[].index"}}, "get_opponent": {"doc": {"long_description": "'T'", "short_description": ">>> get_opponent(generate_table('marvin')[0], 'M')"}, "args": ["table", "char"], "min_max_lineno": {"min_lineno": 74, "max_lineno": 84}, "calls": ["porta_cipher.get_position", "char.upper"]}}, "main_info": {"main_flag": 1, "type": "script"}, "is_test": false}