{"file": {"path": "/Users/rakshithagnanasekaran/desktop/Python/ciphers/rabin_miller.py", "fileNameBase": "rabin_miller", "extension": "py"}, "dependencies": [{"import": "random", "type": "external"}], "functions": {"rabinMiller": {"args": ["num"], "min_max_lineno": {"min_lineno": 6, "max_lineno": 26}, "calls": ["range", "random.randrange", "pow"], "store_vars_calls": {"a": "random.randrange", "v": "pow"}}, "is_prime_low_num": {"args": ["num"], "min_max_lineno": {"min_lineno": 28, "max_lineno": 211}, "calls": ["rabin_miller.rabinMiller"]}, "generateLargePrime": {"args": ["keysize"], "returns": [["num"]], "min_max_lineno": {"min_lineno": 213, "max_lineno": 218}, "calls": ["random.randrange", "rabin_miller.is_prime_low_num"], "store_vars_calls": {"num": "random.randrange"}}}, "main_info": {"main_flag": 1, "main_function": "rabin_miller.generateLargePrime", "type": "script"}, "is_test": false}