{"file": {"path": "/Users/rakshithagnanasekaran/desktop/Python/ciphers/rail_fence_cipher.py", "fileNameBase": "rail_fence_cipher", "extension": "py", "doc": {"short_description": "https://en.wikipedia.org/wiki/Rail_fence_cipher ", "full": "https://en.wikipedia.org/wiki/Rail_fence_cipher "}}, "functions": {"encrypt": {"doc": {"long_description": "in a grid (the height is dependent on the key) in a zigzag\nformation and reading it left to right.\n\n>>> encrypt(\"Hello World\", 4)\n'HWe olordll'\n\n>>> encrypt(\"This is a message\", 0)\nTraceback (most recent call last):\n    ...\nValueError: Height of grid can't be 0 or negative\n\n>>> encrypt(b\"This is a byte string\", 5)\nTraceback (most recent call last):\n    ...\nTypeError: sequence item 0: expected str instance, int found", "short_description": "Shuffles the character of a string by placing each of them"}, "args": ["input_string", "key"], "returns": [["output_string"], ["input_string"]], "min_max_lineno": {"min_lineno": 4, "max_lineno": 39}, "calls": ["enumerate", "ValueError", "min", "temp_grid[].append", "range", "len"], "store_vars_calls": {"num": "min"}}, "decrypt": {"doc": {"long_description": "the characters of the input string and then reading it in\na zigzag formation.\n\n>>> decrypt(\"HWe olordll\", 4)\n'Hello World'\n\n>>> decrypt(\"This is a message\", -10)\nTraceback (most recent call last):\n    ...\nValueError: Height of grid can't be 0 or negative\n\n>>> decrypt(\"My key is very big\", 100)\n'My key is very big'", "short_description": "Generates a template based on the key and fills it in with"}, "args": ["input_string", "key"], "returns": [["output_string"], ["input_string"]], "min_max_lineno": {"min_lineno": 41, "max_lineno": 85}, "calls": ["range", "range", "ValueError", "len", "min", "temp_grid[].append", "grid.append", "len", "len", "min", "grid[].pop", "range", "len"], "store_vars_calls": {"num": "min"}}, "bruteforce": {"doc": {"long_description": ">>> bruteforce(\"HWe olordll\")[4]\n'Hello World'", "short_description": "Uses decrypt function by guessing every key"}, "args": ["input_string"], "returns": [["results"]], "min_max_lineno": {"min_lineno": 87, "max_lineno": 97}, "calls": ["range", "len", "rail_fence_cipher.decrypt"]}}, "main_info": {"main_flag": 1, "type": "script"}, "is_test": false}