{"file": {"path": "/Users/rakshithagnanasekaran/desktop/Python/ciphers/rot13.py", "fileNameBase": "rot13", "extension": "py"}, "functions": {"dencrypt": {"doc": {"long_description": ">>> msg = \"My secret bank account number is 173-52946 so don't tell anyone!!\"\n>>> s = dencrypt(msg)\n>>> s\n\"Zl frperg onax nppbhag ahzore vf 173-52946 fb qba'g gryy nalbar!!\"\n>>> dencrypt(s) == msg\nTrue", "short_description": "https://en.wikipedia.org/wiki/ROT13"}, "args": ["s", "n"], "returns": [["out"]], "min_max_lineno": {"min_lineno": 1, "max_lineno": 21}, "calls": ["chr", "chr", "ord", "ord", "ord", "ord", "ord", "ord"]}, "main": {"min_max_lineno": {"min_lineno": 23, "max_lineno": 31}, "calls": ["input", "rot13.dencrypt", "print", "rot13.dencrypt", "print"], "store_vars_calls": {"s0": "input", "s1": "dencrypt", "s2": "dencrypt"}}}, "main_info": {"main_flag": 1, "type": "script"}, "is_test": false}