{"file": {"path": "/Users/rakshithagnanasekaran/desktop/Python/ciphers/rsa_cipher.py", "fileNameBase": "rsa_cipher", "extension": "py"}, "dependencies": [{"import": "os", "type": "external"}, {"import": "sys", "type": "external"}, {"import": "rsa_key_generator", "alias": "rkg", "type": "internal"}], "functions": {"get_blocks_from_text": {"args": ["message", "block_size"], "returns": [["block_ints"]], "min_max_lineno": {"min_lineno": 10, "max_lineno": 22}, "calls": ["message.encode", "range", "len", "range", "block_ints.append", "min", "len"], "store_vars_calls": {"message_bytes": "message.encode"}}, "get_text_from_blocks": {"args": ["block_ints", "message_length", "block_size"], "min_max_lineno": {"min_lineno": 24, "max_lineno": 37}, "calls": ["range", "message.extend", "block_message.insert", "len", "chr"]}, "encrypt_message": {"args": ["message", "key", "blockSize"], "returns": [["encrypted_blocks"]], "min_max_lineno": {"min_lineno": 39, "max_lineno": 48}, "calls": ["rsa_cipher.get_blocks_from_text", "encrypted_blocks.append", "pow"]}, "decrypt_message": {"args": ["encrypted_blocks", "message_length", "key", "block_size"], "min_max_lineno": {"min_lineno": 50, "max_lineno": 61}, "calls": ["rsa_cipher.get_text_from_blocks", "decrypted_blocks.append", "pow"]}, "read_key_file": {"args": ["key_filename"], "min_max_lineno": {"min_lineno": 63, "max_lineno": 68}, "calls": ["fo.read.split", "open", "fo.read", "int", "int", "int"], "store_vars_calls": {"content": "fo.read"}}, "encrypt_and_write_to_file": {"args": ["message_filename", "key_filename", "message", "block_size"], "returns": [["encrypted_content"]], "min_max_lineno": {"min_lineno": 70, "max_lineno": 92}, "calls": ["rsa_cipher.read_key_file", "sys.exit", "str", "open", "fo.write", "rsa_cipher.encrypt_message", "len"]}, "read_from_file_and_decrypt": {"args": ["message_filename", "key_filename"], "min_max_lineno": {"min_lineno": 94, "max_lineno": 115}, "calls": ["rsa_cipher.read_key_file", "fo.read.split", "int", "int", "encrypted_message.split", "rsa_cipher.decrypt_message", "open", "fo.read", "sys.exit", "encrypted_blocks.append", "int"], "store_vars_calls": {"message_length": "int", "block_size": "int", "content": "fo.read"}}, "main": {"min_max_lineno": {"min_lineno": 117, "max_lineno": 148}, "calls": ["input", "input.lower().startswith", "input.lower().startswith", "input", "print", "rsa_cipher.encrypt_and_write_to_file", "print", "print", "input.lower", "os.path.exists", "rsa_key_generator.makeKeyFiles", "print", "rsa_cipher.read_from_file_and_decrypt", "print", "print", "print", "input.lower", "open", "dec.write"], "store_vars_calls": {"response": "input", "message": "input", "encryptedText": "encrypt_and_write_to_file", "decrypted_text": "read_from_file_and_decrypt"}}}, "main_info": {"main_flag": 1, "main_function": "rsa_cipher.main", "type": "script"}, "is_test": false}