{"file": {"path": "/Users/rakshithagnanasekaran/desktop/Python/ciphers/rsa_factorization.py", "fileNameBase": "rsa_factorization", "extension": "py", "doc": {"long_description": "The program can efficiently factor RSA prime number given the private key d and\npublic key e.\nSource: on page 3 of https://crypto.stanford.edu/~dabo/papers/RSA-survey.pdf\nMore readable source: https://www.di-mgt.com.au/rsa_factorize_n.html\nlarge number can take minutes to factor, therefore are not included in doctest.", "short_description": "An RSA prime factor algorithm.", "full": "An RSA prime factor algorithm.\n\nThe program can efficiently factor RSA prime number given the private key d and\npublic key e.\nSource: on page 3 of https://crypto.stanford.edu/~dabo/papers/RSA-survey.pdf\nMore readable source: https://www.di-mgt.com.au/rsa_factorize_n.html\nlarge number can take minutes to factor, therefore are not included in doctest."}}, "dependencies": [{"from_module": "__future__", "import": "annotations", "type": "external"}, {"import": "math", "type": "external"}, {"import": "random", "type": "external"}], "functions": {"rsafactor": {"doc": {"long_description": "Return: [p, q]\n\nWe call N the RSA modulus, e the encryption exponent, and d the decryption exponent.\nThe pair (N, e) is the public key. As its name suggests, it is public and is used to\n    encrypt messages.\nThe pair (N, d) is the secret key or private key and is known only to the recipient\n    of encrypted messages.\n\n>>> rsafactor(3, 16971, 25777)\n[149, 173]\n>>> rsafactor(7331, 11, 27233)\n[113, 241]\n>>> rsafactor(4021, 13, 17711)\n[89, 199]", "short_description": "This function returns the factors of N, where p*q=N"}, "args": ["d", "e", "N"], "min_max_lineno": {"min_lineno": 16, "max_lineno": 52}, "calls": ["sorted", "random.randint", "math.gcd"], "store_vars_calls": {"g": "random.randint", "y": "math.gcd"}}}, "main_info": {"main_flag": 1, "type": "script"}, "is_test": false}