{"file": {"path": "/Users/rakshithagnanasekaran/desktop/Python/ciphers/rsa_key_generator.py", "fileNameBase": "rsa_key_generator", "extension": "py"}, "dependencies": [{"import": "os", "type": "external"}, {"import": "random", "type": "external"}, {"import": "sys", "type": "external"}, {"import": "cryptomath_module", "alias": "cryptoMath", "type": "internal"}, {"import": "rabin_miller", "alias": "rabinMiller", "type": "internal"}], "functions": {"main": {"min_max_lineno": {"min_lineno": 9, "max_lineno": 13}, "calls": ["print", "rsa_key_generator.makeKeyFiles", "print"]}, "generateKey": {"args": ["keySize"], "returns": [["publicKey", "privateKey"]], "min_max_lineno": {"min_lineno": 15, "max_lineno": 34}, "calls": ["print", "rabin_miller.generateLargePrime", "print", "rabin_miller.generateLargePrime", "print", "print", "cryptomath_module.find_mod_inverse", "random.randrange", "cryptomath_module.gcd"], "store_vars_calls": {"p": "rabinMiller.generateLargePrime", "q": "rabinMiller.generateLargePrime", "d": "cryptoMath.find_mod_inverse", "e": "random.randrange"}}, "makeKeyFiles": {"args": ["name", "keySize"], "min_max_lineno": {"min_lineno": 36, "max_lineno": 54}, "calls": ["rsa_key_generator.generateKey", "print", "print", "os.path.exists", "os.path.exists", "print", "print", "sys.exit", "open", "out_file.write", "open", "out_file.write"]}}, "main_info": {"main_flag": 1, "main_function": "rsa_key_generator.main", "type": "script"}, "is_test": false}