{"file": {"path": "/Users/rakshithagnanasekaran/desktop/Python/ciphers/shuffled_shift_cipher.py", "fileNameBase": "shuffled_shift_cipher", "extension": "py"}, "dependencies": [{"from_module": "__future__", "import": "annotations", "type": "external"}, {"import": "random", "type": "external"}, {"import": "string", "type": "external"}], "classes": {"ShuffledShiftCipher": {"doc": {"long_description": "use brute force to decrypt the message.\n\nThe passcode is a random password from the selection buffer of\n1. uppercase letters of the English alphabet\n2. lowercase letters of the English alphabet\n3. digits from 0 to 9\n\nUsing unique characters from the passcode, the normal list of characters,\nthat can be allowed in the plaintext, is pivoted and shuffled. Refer to docstring\nof __make_key_list() to learn more about the shuffling.\n\nThen, using the passcode, a number is calculated which is used to encrypt the\nplaintext message with the normal shift cipher method, only in this case, the\nreference, to look back at while decrypting, is shuffled.\n\nEach cipher object can possess an optional argument as passcode, without which a\nnew passcode is generated for that object automatically.\ncip1 = ShuffledShiftCipher('d4usr9TWxw9wMD')\ncip2 = ShuffledShiftCipher()", "short_description": "This algorithm uses the Caesar Cipher algorithm but removes the option to", "full": "This algorithm uses the Caesar Cipher algorithm but removes the option to\nuse brute force to decrypt the message.\n\nThe passcode is a random password from the selection buffer of\n1. uppercase letters of the English alphabet\n2. lowercase letters of the English alphabet\n3. digits from 0 to 9\n\nUsing unique characters from the passcode, the normal list of characters,\nthat can be allowed in the plaintext, is pivoted and shuffled. Refer to docstring\nof __make_key_list() to learn more about the shuffling.\n\nThen, using the passcode, a number is calculated which is used to encrypt the\nplaintext message with the normal shift cipher method, only in this case, the\nreference, to look back at while decrypting, is shuffled.\n\nEach cipher object can possess an optional argument as passcode, without which a\nnew passcode is generated for that object automatically.\ncip1 = ShuffledShiftCipher('d4usr9TWxw9wMD')\ncip2 = ShuffledShiftCipher()"}, "min_max_lineno": {"min_lineno": 7, "max_lineno": 170}, "methods": {"__init__": {"doc": {"long_description": "Note: No new passcode is generated if user provides a passcode\nwhile creating the object", "short_description": "Initializes a cipher object with a passcode as it's entity"}, "args": ["self", "passcode"], "min_max_lineno": {"min_lineno": 31, "max_lineno": 40}, "calls": ["shuffled_shift_cipher.ShuffledShiftCipher.__make_key_list", "shuffled_shift_cipher.ShuffledShiftCipher.__make_shift_key", "shuffled_shift_cipher.ShuffledShiftCipher.__passcode_creator"], "store_vars_calls": {"self.__key_list": "self.__make_key_list", "self.__shift_key": "self.__make_shift_key"}}, "__str__": {"doc": {"returns": {"description": "passcode of the cipher object", "is_generator": false}}, "args": ["self"], "min_max_lineno": {"min_lineno": 41, "max_lineno": 46}}, "__neg_pos": {"doc": {"short_description": "Mutates the list by changing the sign of each alternate element", "args": {"iterlist": {"description": "takes a list iterable"}}, "returns": {"description": "the mutated list", "is_generator": false}}, "args": ["self", "iterlist"], "returns": [["iterlist"]], "min_max_lineno": {"min_lineno": 47, "max_lineno": 58}, "calls": ["range", "len"]}, "__passcode_creator": {"doc": {"long_description": "1. uppercase letters of the English alphabet\n2. lowercase letters of the English alphabet\n3. digits from 0 to 9", "short_description": "Creates a random password from the selection buffer of", "returns": {"description": "a password of a random length between 10 to 20", "is_generator": false}}, "args": ["self"], "returns": [["password"]], "min_max_lineno": {"min_lineno": 59, "max_lineno": 72}, "calls": ["random.choice", "range", "random.randint"]}, "__make_key_list": {"doc": {"long_description": "Breakpoints are the set of characters in the passcode\n\neg:\n    if, ABCDEFGHIJKLMNOPQRSTUVWXYZ are the possible characters\n    and CAMERA is the passcode\n    then, breakpoints = [A,C,E,M,R] # sorted set of characters from passcode\n    shuffled parts: [A,CB,ED,MLKJIHGF,RQPON,ZYXWVUTS]\n    shuffled __key_list : ACBEDMLKJIHGFRQPONZYXWVUTS\n\nShuffling only 26 letters of the english alphabet can generate 26!\ncombinations for the shuffled list. In the program we consider, a set of\n97 characters (including letters, digits, punctuation and whitespaces),\nthereby creating a possibility of 97! combinations (which is a 152 digit number\nin itself), thus diminishing the possibility of a brute force approach.\nMoreover, shift keys even introduce a multiple of 26 for a brute force approach\nfor each of the already 97! combinations.", "short_description": "Shuffles the ordered character choices by pivoting at breakpoints"}, "args": ["self"], "returns": [["keys_l"]], "min_max_lineno": {"min_lineno": 73, "max_lineno": 118}, "calls": ["sorted", "set", "temp_list.extend", "keys_l.extend", "temp_list.clear"], "store_vars_calls": {"breakpoints": "sorted"}}, "__make_shift_key": {"doc": {"long_description": "mutated list is the one returned by __neg_pos()", "short_description": "sum() of the mutated list of ascii values of all characters where the"}, "args": ["self"], "min_max_lineno": {"min_lineno": 119, "max_lineno": 126}, "calls": ["sum", "shuffled_shift_cipher.ShuffledShiftCipher.__neg_pos", "len", "ord"], "store_vars_calls": {"num": "sum"}}, "decrypt": {"doc": {"long_description": "to create the decoded_message\n\n>>> ssc = ShuffledShiftCipher('4PYIXyqeQZr44')\n>>> ssc.decrypt(\"d>**-1z6&'5z'5z:z+-='$'>=zp:>5:#z<'.&>#\")\n'Hello, this is a modified Caesar cipher'", "short_description": "Performs shifting of the encoded_message w.r.t. the shuffled __key_list"}, "args": ["self", "encoded_message"], "returns": [["decoded_message"]], "min_max_lineno": {"min_lineno": 127, "max_lineno": 148}, "calls": ["shuffled_shift_cipher.ShuffledShiftCipher.__key_list.index", "len"], "store_vars_calls": {"position": "self.__key_list.index"}}, "encrypt": {"doc": {"long_description": "to create the encoded_message\n\n>>> ssc = ShuffledShiftCipher('4PYIXyqeQZr44')\n>>> ssc.encrypt('Hello, this is a modified Caesar cipher')\n\"d>**-1z6&'5z'5z:z+-='$'>=zp:>5:#z<'.&>#\"", "short_description": "Performs shifting of the plaintext w.r.t. the shuffled __key_list"}, "args": ["self", "plaintext"], "returns": [["encoded_message"]], "min_max_lineno": {"min_lineno": 149, "max_lineno": 170}, "calls": ["shuffled_shift_cipher.ShuffledShiftCipher.__key_list.index", "len"], "store_vars_calls": {"position": "self.__key_list.index"}}}}}, "functions": {"test_end_to_end": {"doc": {"long_description": "'Hello, this is a modified Caesar cipher'", "short_description": ">>> test_end_to_end()"}, "args": ["msg"], "min_max_lineno": {"min_lineno": 172, "max_lineno": 179}, "calls": ["shuffled_shift_cipher.ShuffledShiftCipher", "shuffled_shift_cipher.ShuffledShiftCipher.decrypt", "shuffled_shift_cipher.ShuffledShiftCipher.encrypt"], "store_vars_calls": {"cip1": "ShuffledShiftCipher"}}}, "main_info": {"main_flag": 1, "type": "script"}, "is_test": false}