{"file": {"path": "/Users/rakshithagnanasekaran/desktop/Python/ciphers/simple_keyword_cypher.py", "fileNameBase": "simple_keyword_cypher", "extension": "py"}, "functions": {"remove_duplicates": {"doc": {"long_description": "first appearance).", "short_description": "Removes duplicate alphabetic characters in a keyword (letter is ignored after its", "args": {"key": {"description": "Keyword to use"}}, "returns": {"description": "String with duplicates removed\n>>> remove_duplicates('Hello World!!')\n'Helo Wrd'", "is_generator": false}}, "args": ["key"], "returns": [["key_no_dups"]], "min_max_lineno": {"min_lineno": 1, "max_lineno": 16}, "calls": ["ch.isalpha"]}, "create_cipher_map": {"doc": {"short_description": "Returns a cipher map given a keyword.", "args": {"key": {"description": "keyword to use"}}, "returns": {"description": "dictionary cipher map", "is_generator": false}}, "args": ["key"], "returns": [["cipher_alphabet"]], "min_max_lineno": {"min_lineno": 18, "max_lineno": 41}, "calls": ["simple_keyword_cypher.remove_duplicates", "len", "range", "chr", "remove_duplicates.upper", "len", "range", "enumerate"], "store_vars_calls": {"key": "remove_duplicates", "offset": "len"}}, "encipher": {"doc": {"short_description": "Enciphers a message given a cipher map.", "args": {"message": {"description": "Message to encipher"}, "cipher_map": {"description": "Cipher map"}}, "returns": {"description": "enciphered string\n>>> encipher('Hello World!!', create_cipher_map('Goodbye!!'))\n'CYJJM VMQJB!!'", "is_generator": false}}, "args": ["message", "cipher_map"], "min_max_lineno": {"min_lineno": 43, "max_lineno": 53}, "calls": ["cipher_map.get", "message.upper"]}, "decipher": {"doc": {"short_description": "Deciphers a message given a cipher map", "args": {"message": {"description": "Message to decipher"}, "cipher_map": {"description": "Dictionary mapping to use"}}, "returns": {"description": "Deciphered string\n>>> cipher_map = create_cipher_map('Goodbye!!')\n>>> decipher(encipher('Hello World!!', cipher_map), cipher_map)\n'HELLO WORLD!!'", "is_generator": false}}, "args": ["message", "cipher_map"], "min_max_lineno": {"min_lineno": 55, "max_lineno": 68}, "calls": ["cipher_map.items", "rev_cipher_map.get", "message.upper"]}, "main": {"doc": {"short_description": "Handles I/O", "returns": {"description": "void", "is_generator": false}}, "min_max_lineno": {"min_lineno": 70, "max_lineno": 84}, "calls": ["input().strip", "input().strip", "[].lower", "simple_keyword_cypher.create_cipher_map", "print", "func", "input", "input", "KeyError", "input().strip", "input"], "store_vars_calls": {"message": "input().strip", "key": "input().strip", "option": "[].lower", "cipher_map": "create_cipher_map"}}}, "main_info": {"main_flag": 1, "type": "script"}, "is_test": false}