{"file": {"path": "/Users/rakshithagnanasekaran/desktop/Python/ciphers/simple_substitution_cipher.py", "fileNameBase": "simple_substitution_cipher", "extension": "py"}, "dependencies": [{"import": "random", "type": "external"}, {"import": "sys", "type": "external"}], "functions": {"main": {"min_max_lineno": {"min_lineno": 7, "max_lineno": 22}, "calls": ["input", "input", "simple_substitution_cipher.checkValidKey", "input.lower().startswith", "print", "simple_substitution_cipher.encryptMessage", "input.lower().startswith", "input.lower", "simple_substitution_cipher.decryptMessage", "input.lower", "mode.title"], "store_vars_calls": {"message": "input", "resp": "input", "translated": "decryptMessage"}}, "checkValidKey": {"args": ["key"], "min_max_lineno": {"min_lineno": 24, "max_lineno": 32}, "calls": ["list", "list", "list.sort", "list.sort", "sys.exit"], "store_vars_calls": {"keyList": "list", "lettersList": "list"}}, "encryptMessage": {"doc": {"long_description": "'Ilcrism Olcvs'", "short_description": ">>> encryptMessage('LFWOAYUISVKMNXPBDCRJTQEGHZ', 'Harshil Darji')"}, "args": ["key", "message"], "min_max_lineno": {"min_lineno": 34, "max_lineno": 40}, "calls": ["simple_substitution_cipher.translateMessage"]}, "decryptMessage": {"doc": {"long_description": "'Harshil Darji'", "short_description": ">>> decryptMessage('LFWOAYUISVKMNXPBDCRJTQEGHZ', 'Ilcrism Olcvs')"}, "args": ["key", "message"], "min_max_lineno": {"min_lineno": 42, "max_lineno": 48}, "calls": ["simple_substitution_cipher.translateMessage"]}, "translateMessage": {"args": ["key", "message", "mode"], "returns": [["translated"]], "min_max_lineno": {"min_lineno": 50, "max_lineno": 69}, "calls": ["symbol.upper", "charsA.find", "symbol.isupper", "symbol.upper", "charsB[].upper", "charsB[].lower"], "store_vars_calls": {"symIndex": "charsA.find"}}, "getRandomKey": {"min_max_lineno": {"min_lineno": 71, "max_lineno": 75}, "calls": ["list", "random.shuffle"], "store_vars_calls": {"key": "list"}}}, "main_info": {"main_flag": 1, "main_function": "simple_substitution_cipher.main", "type": "script"}, "is_test": false}