{"file": {"path": "/Users/rakshithagnanasekaran/desktop/Python/ciphers/trafid_cipher.py", "fileNameBase": "trafid_cipher", "extension": "py"}, "dependencies": [{"from_module": "__future__", "import": "annotations", "type": "external"}], "functions": {"__encryptPart": {"args": ["messagePart", "character2Number"], "min_max_lineno": {"min_lineno": 5, "max_lineno": 18}, "calls": ["tmp.append"]}, "__decryptPart": {"args": ["messagePart", "character2Number"], "min_max_lineno": {"min_lineno": 20, "max_lineno": 36}, "calls": ["len", "len", "result.append"]}, "__prepare": {"args": ["message", "alphabet"], "returns": [["message", "alphabet", "character2Number", "number2Character"]], "min_max_lineno": {"min_lineno": 38, "max_lineno": 89}, "calls": ["alphabet.replace().upper.replace().upper", "message.replace().upper.replace().upper", "zip", "len", "KeyError", "alphabet.replace().upper.replace", "message.replace().upper.replace", "ValueError"], "store_vars_calls": {"alphabet": "alphabet.replace().upper", "message": "message.replace().upper"}}, "encryptMessage": {"args": ["message", "alphabet", "period"], "returns": [["encrypted"]], "min_max_lineno": {"min_lineno": 91, "max_lineno": 104}, "calls": ["trafid_cipher.__prepare", "range", "range", "trafid_cipher.__encryptPart", "len", "len"]}, "decryptMessage": {"args": ["message", "alphabet", "period"], "returns": [["decrypted"]], "min_max_lineno": {"min_lineno": 106, "max_lineno": 123}, "calls": ["trafid_cipher.__prepare", "range", "trafid_cipher.__decryptPart", "range", "len", "len", "decrypted_numeric.append"]}}, "main_info": {"main_flag": 1, "main_function": "trafid_cipher.encryptMessage", "type": "script"}, "is_test": false}