{"file": {"path": "/Users/rakshithagnanasekaran/desktop/Python/ciphers/transposition_cipher.py", "fileNameBase": "transposition_cipher", "extension": "py"}, "dependencies": [{"import": "math", "type": "external"}], "functions": {"main": {"min_max_lineno": {"min_lineno": 11, "max_lineno": 23}, "calls": ["input", "int", "input", "input.lower().startswith", "print", "input", "transposition_cipher.encryptMessage", "input.lower().startswith", "input.lower", "transposition_cipher.decryptMessage", "input.lower", "len"], "store_vars_calls": {"message": "input", "key": "int", "mode": "input", "text": "decryptMessage"}}, "encryptMessage": {"doc": {"long_description": "'Hlia rDsahrij'", "short_description": ">>> encryptMessage(6, 'Harshil Darji')"}, "args": ["key", "message"], "min_max_lineno": {"min_lineno": 25, "max_lineno": 37}, "calls": ["range", "len"]}, "decryptMessage": {"doc": {"long_description": "'Harshil Darji'", "short_description": ">>> decryptMessage(6, 'Hlia rDsahrij')"}, "args": ["key", "message"], "min_max_lineno": {"min_lineno": 39, "max_lineno": 64}, "calls": ["math.ceil", "len", "len"], "store_vars_calls": {"numCols": "math.ceil"}}}, "main_info": {"main_flag": 1, "type": "script"}, "is_test": false}