{"file": {"path": "/Users/rakshithagnanasekaran/desktop/Python/ciphers/transposition_cipher_encrypt_decrypt_file.py", "fileNameBase": "transposition_cipher_encrypt_decrypt_file", "extension": "py"}, "dependencies": [{"import": "os", "type": "external"}, {"import": "sys", "type": "external"}, {"import": "time", "type": "external"}, {"import": "transposition_cipher", "alias": "transCipher", "type": "internal"}], "functions": {"main": {"min_max_lineno": {"min_lineno": 8, "max_lineno": 38}, "calls": ["int", "input", "os.path.exists", "time.time", "input.lower().startswith", "round", "print", "input", "os.path.exists", "print", "sys.exit", "print", "input", "transposition_cipher.encryptMessage", "input.lower().startswith", "open", "outputObj.write", "input.lower().startswith", "sys.exit", "input.lower", "open", "f.read", "transposition_cipher.decryptMessage", "time.time", "input.lower", "open", "f.read", "input.lower"], "store_vars_calls": {"key": "int", "mode": "input", "startTime": "time.time", "totalTime": "round", "response": "input", "translated": "transCipher.decryptMessage", "content": "f.read"}}}, "main_info": {"main_flag": 1, "main_function": "transposition_cipher_encrypt_decrypt_file.main", "type": "script"}, "is_test": false}