{"file": {"path": "/Users/rakshithagnanasekaran/desktop/Python/ciphers/vigenere_cipher.py", "fileNameBase": "vigenere_cipher", "extension": "py"}, "functions": {"main": {"min_max_lineno": {"min_lineno": 4, "max_lineno": 18}, "calls": ["input", "input", "input", "input.lower().startswith", "print", "print", "vigenere_cipher.encryptMessage", "input.lower().startswith", "input.lower", "vigenere_cipher.decryptMessage", "input.lower", "input.title"], "store_vars_calls": {"message": "input", "key": "input", "mode": "input", "translated": "decryptMessage"}}, "encryptMessage": {"doc": {"long_description": "'Akij ra Odrjqqs Gaisq muod Mphumrs.'", "short_description": ">>> encryptMessage('HDarji', 'This is Harshil Darji from Dharmaj.')"}, "args": ["key", "message"], "min_max_lineno": {"min_lineno": 20, "max_lineno": 26}, "calls": ["vigenere_cipher.translateMessage"]}, "decryptMessage": {"doc": {"long_description": "'This is Harshil Darji from Dharmaj.'", "short_description": ">>> decryptMessage('HDarji', 'Akij ra Odrjqqs Gaisq muod Mphumrs.')"}, "args": ["key", "message"], "min_max_lineno": {"min_lineno": 28, "max_lineno": 34}, "calls": ["vigenere_cipher.translateMessage"]}, "translateMessage": {"args": ["key", "message", "mode"], "min_max_lineno": {"min_lineno": 36, "max_lineno": 62}, "calls": ["key.upper.upper", "LETTERS.find", "symbol.upper", "len", "symbol.isupper", "translated.append", "LETTERS.find", "translated.append", "symbol.islower", "len", "LETTERS.find", "translated.append", "LETTERS[].lower"], "store_vars_calls": {"key": "key.upper", "num": "LETTERS.find"}}}, "main_info": {"main_flag": 1, "main_function": "vigenere_cipher.main", "type": "script"}, "is_test": false}