{"file": {"path": "/Users/rakshithagnanasekaran/desktop/Python/ciphers/xor_cipher.py", "fileNameBase": "xor_cipher", "extension": "py", "doc": {"long_description": "date: 21.12.2017\nclass: XORCipher\n\nThis class implements the XOR-cipher algorithm and provides\nsome useful methods for encrypting and decrypting strings and\nfiles.\n\nOverview about methods\n\n- encrypt : list of char\n- decrypt : list of char\n- encrypt_string : str\n- decrypt_string : str\n- encrypt_file : boolean\n- decrypt_file : boolean", "short_description": "author: Christian Bender", "full": "author: Christian Bender\ndate: 21.12.2017\nclass: XORCipher\n\nThis class implements the XOR-cipher algorithm and provides\nsome useful methods for encrypting and decrypting strings and\nfiles.\n\nOverview about methods\n\n- encrypt : list of char\n- decrypt : list of char\n- encrypt_string : str\n- decrypt_string : str\n- encrypt_file : boolean\n- decrypt_file : boolean"}}, "dependencies": [{"from_module": "__future__", "import": "annotations", "type": "external"}], "classes": {"XORCipher": {"min_max_lineno": {"min_lineno": 22, "max_lineno": 167}, "methods": {"__init__": {"doc": {"long_description": "default key = 0", "short_description": "simple constructor that receives a key or uses"}, "args": ["self", "key"], "min_max_lineno": {"min_lineno": 23, "max_lineno": 31}}, "encrypt": {"doc": {"long_description": "output: encrypted string 'content' as a list of chars\nif key not passed the method uses the key by the constructor.\notherwise key = 1", "short_description": "input: 'content' of type string and 'key' of type int"}, "args": ["self", "content", "key"], "min_max_lineno": {"min_lineno": 32, "max_lineno": 49}, "calls": ["isinstance", "isinstance", "chr", "ord"]}, "decrypt": {"doc": {"long_description": "output: decrypted string 'content' as a list of chars\nif key not passed the method uses the key by the constructor.\notherwise key = 1", "short_description": "input: 'content' of type list and 'key' of type int"}, "args": ["self", "content", "key"], "min_max_lineno": {"min_lineno": 50, "max_lineno": 67}, "calls": ["isinstance", "isinstance", "chr", "ord"]}, "encrypt_string": {"doc": {"long_description": "output: encrypted string 'content'\nif key not passed the method uses the key by the constructor.\notherwise key = 1", "short_description": "input: 'content' of type string and 'key' of type int"}, "args": ["self", "content", "key"], "returns": [["ans"]], "min_max_lineno": {"min_lineno": 68, "max_lineno": 92}, "calls": ["isinstance", "isinstance", "chr", "ord"]}, "decrypt_string": {"doc": {"long_description": "output: decrypted string 'content'\nif key not passed the method uses the key by the constructor.\notherwise key = 1", "short_description": "input: 'content' of type string and 'key' of type int"}, "args": ["self", "content", "key"], "returns": [["ans"]], "min_max_lineno": {"min_lineno": 93, "max_lineno": 117}, "calls": ["isinstance", "isinstance", "chr", "ord"]}, "encrypt_file": {"doc": {"long_description": "output: returns true if encrypt process was\nsuccessful otherwise false\nif key not passed the method uses the key by the constructor.\notherwise key = 1", "short_description": "input: filename (str) and a key (int)"}, "args": ["self", "file", "key"], "min_max_lineno": {"min_lineno": 118, "max_lineno": 142}, "calls": ["isinstance", "isinstance", "open", "open", "fout.write", "xor_cipher.XORCipher.encrypt_string"]}, "decrypt_file": {"doc": {"long_description": "output: returns true if decrypt process was\nsuccessful otherwise false\nif key not passed the method uses the key by the constructor.\notherwise key = 1", "short_description": "input: filename (str) and a key (int)"}, "args": ["self", "file", "key"], "min_max_lineno": {"min_lineno": 143, "max_lineno": 167}, "calls": ["isinstance", "isinstance", "open", "open", "fout.write", "xor_cipher.XORCipher.decrypt_string"]}}}}, "is_test": false}