{"file": {"path": "/Users/rakshithagnanasekaran/desktop/Python/computer_vision/cnn_classification.py", "fileNameBase": "cnn_classification", "extension": "py", "doc": {"long_description": "Objective : To train a CNN model detect if TB is present in Lung X-ray or not.\n\nResources CNN Theory :\n    https://en.wikipedia.org/wiki/Convolutional_neural_network\nResources Tensorflow : https://www.tensorflow.org/tutorials/images/cnn\n\nDownload dataset from :\nhttps://lhncbc.nlm.nih.gov/LHC-publications/pubs/TuberculosisChestXrayImageDataSets.html\n\n1. Download the dataset folder and create two folder training set and test set\nin the parent dataste folder\n2. Move 30-40 image from both TB positive and TB Negative folder\nin the test set folder\n3. The labels of the iamges will be extracted from the folder name\nthe image is present in.", "short_description": "Convolutional Neural Network", "full": "Convolutional Neural Network\n\nObjective : To train a CNN model detect if TB is present in Lung X-ray or not.\n\nResources CNN Theory :\n    https://en.wikipedia.org/wiki/Convolutional_neural_network\nResources Tensorflow : https://www.tensorflow.org/tutorials/images/cnn\n\nDownload dataset from :\nhttps://lhncbc.nlm.nih.gov/LHC-publications/pubs/TuberculosisChestXrayImageDataSets.html\n\n1. Download the dataset folder and create two folder training set and test set\nin the parent dataste folder\n2. Move 30-40 image from both TB positive and TB Negative folder\nin the test set folder\n3. The labels of the iamges will be extracted from the folder name\nthe image is present in."}}, "dependencies": [{"import": "numpy", "alias": "np", "type": "external"}, {"import": "tensorflow", "alias": "tf", "type": "external"}, {"from_module": "tensorflow.keras", "import": "layers", "type": "external"}, {"from_module": "tensorflow.keras", "import": "models", "type": "external"}], "main_info": {"main_flag": 1, "type": "script"}, "is_test": false}