{"file": {"path": "/Users/rakshithagnanasekaran/desktop/Python/computer_vision/flip_augmentation.py", "fileNameBase": "flip_augmentation", "extension": "py"}, "dependencies": [{"import": "glob", "type": "external"}, {"import": "os", "type": "external"}, {"import": "random", "type": "external"}, {"from_module": "string", "import": "ascii_lowercase", "type": "external"}, {"from_module": "string", "import": "digits", "type": "external"}, {"import": "cv2", "type": "external"}], "functions": {"main": {"doc": {"long_description": "Update new images and annotations.\nSave images and annotations in output dir.\n>>> pass  # A doctest is not possible for this function.", "short_description": "Get images list and annotations list from input dir."}, "min_max_lineno": {"min_lineno": 20, "max_lineno": 44}, "calls": ["flip_augmentation.get_dataset", "print", "flip_augmentation.update_image_and_anno", "enumerate", "flip_augmentation.random_chars", "cv2.imwrite", "print", "[].rsplit", "annos_list.append", "open", "outfile.write", "len", "paths[].split"], "store_vars_calls": {"letter_code": "random_chars"}}, "get_dataset": {"doc": {"long_description": "- img_dir <type: str>: Path to folder contain images\nReturn <type: list>: List of images path and labels\n>>> pass  # A doctest is not possible for this function.", "short_description": "- label_dir <type: str>: Path to label include annotation of images"}, "args": ["label_dir", "img_dir"], "returns": [["img_paths", "labels"]], "min_max_lineno": {"min_lineno": 46, "max_lineno": 78}, "calls": ["glob.glob", "os.path.join", "os.path.join", "img_paths.append", "labels.append", "[].rsplit", "open", "in_file.readlines", "obj_list.rstrip().split", "boxes.append", "obj_list.rstrip", "int", "float", "float", "float", "float", "label_file.split"], "store_vars_calls": {"img_path": "os.path.join", "obj_lists": "in_file.readlines", "obj": "obj_list.rstrip().split"}}, "update_image_and_anno": {"doc": {"long_description": "- anno_list <type: list>: list of all annotations of specific image\n- flip_type <type: int>: 0 is vertical, 1 is horizontal\nReturn:\n    - new_imgs_list <type: narray>: image after resize\n    - new_annos_lists <type: list>: list of new annotation after scale\n    - path_list <type: list>: list the name of image file\n>>> pass  # A doctest is not possible for this function.", "short_description": "- img_list <type: list>: list of all images"}, "args": ["img_list", "anno_list", "flip_type"], "returns": [["new_imgs_list", "new_annos_lists", "path_list"]], "min_max_lineno": {"min_lineno": 80, "max_lineno": 115}, "calls": ["range", "len", "path_list.append", "cv2.imread", "new_annos_lists.append", "new_imgs_list.append", "cv2.flip", "new_annos.append", "cv2.flip", "new_annos.append"], "store_vars_calls": {"img": "cv2.imread", "new_img": "cv2.flip"}}, "random_chars": {"doc": {"long_description": "Get random string code: '7b7ad245cdff75241935e4dd860f3bad'\n>>> len(random_chars(32))\n32", "short_description": "Automatic generate random 32 characters."}, "args": ["number_char"], "min_max_lineno": {"min_lineno": 117, "max_lineno": 127}, "calls": ["random.choice", "range"]}}, "main_info": {"main_flag": 1, "main_function": "flip_augmentation.main", "type": "script"}, "is_test": true}