{"file": {"path": "/Users/rakshithagnanasekaran/desktop/Python/computer_vision/harris_corner.py", "fileNameBase": "harris_corner", "extension": "py"}, "dependencies": [{"import": "cv2", "type": "external"}, {"import": "numpy", "alias": "np", "type": "external"}], "classes": {"Harris_Corner": {"min_max_lineno": {"min_lineno": 10, "max_lineno": 69}, "methods": {"__init__": {"doc": {"long_description": "window_size : neighbourhoods considered", "short_description": "k : is an empirically determined constant in [0.04,0.06]"}, "args": ["self", "k", "window_size"], "min_max_lineno": {"min_lineno": 11, "max_lineno": 23}, "calls": ["ValueError"]}, "__str__": {"args": ["self"], "min_max_lineno": {"min_lineno": 24, "max_lineno": 27}}, "detect": {"doc": {"long_description": "img_path  : path of the image\noutput : list of the corner positions, image", "short_description": "Returns the image with corners identified"}, "args": ["self", "img_path"], "returns": [["color_img", "corner_list"]], "min_max_lineno": {"min_lineno": 28, "max_lineno": 69}, "calls": ["cv2.imread", "cv2.imread.copy", "cv2.cvtColor", "numpy.gradient", "range", "range", "ixx[].sum", "iyy[].sum", "ixy[].sum", "corner_list.append", "cv2.cvtColor.itemset", "cv2.cvtColor.itemset", "cv2.cvtColor.itemset"], "store_vars_calls": {"img": "cv2.imread", "color_img": "cv2.cvtColor", "wxx": "ixx[].sum", "wyy": "iyy[].sum", "wxy": "ixy[].sum"}}}}}, "main_info": {"main_flag": 1, "main_function": "harris_corner.Harris_Corner", "type": "script"}, "is_test": false}