{"file": {"path": "/Users/rakshithagnanasekaran/desktop/Python/computer_vision/horn_schunck.py", "fileNameBase": "horn_schunck", "extension": "py", "doc": {"long_description": "a sequence of images.\nIt works by assuming brightness constancy between two consecutive frames\nand smoothness in the optical flow.\n\nUseful resources:\nWikipedia: https://en.wikipedia.org/wiki/Horn%E2%80%93Schunck_method\nPaper: http://image.diku.dk/imagecanon/material/HornSchunckOptical_Flow.pdf", "short_description": "The Horn-Schunck method estimates the optical flow for every single pixel of", "full": "The Horn-Schunck method estimates the optical flow for every single pixel of\na sequence of images.\nIt works by assuming brightness constancy between two consecutive frames\nand smoothness in the optical flow.\n\nUseful resources:\nWikipedia: https://en.wikipedia.org/wiki/Horn%E2%80%93Schunck_method\nPaper: http://image.diku.dk/imagecanon/material/HornSchunckOptical_Flow.pdf"}}, "dependencies": [{"from_module": "typing", "import": "SupportsIndex", "type": "external"}, {"import": "numpy", "alias": "np", "type": "external"}, {"from_module": "scipy.ndimage.filters", "import": "convolve", "type": "external"}], "functions": {"warp": {"doc": {"long_description": "flows.\nPixels that are warped from an invalid location are set to 0.", "short_description": "Warps the pixels of an image into a new image using the horizontal and vertical", "args": {"image": {"description": "Grayscale image"}, "horizontal_flow": {"description": "Horizontal flow"}, "vertical_flow": {"description": "Vertical flow\nReturns: Warped image\n\n>>> warp(np.array([[0, 1, 2], [0, 3, 0], [2, 2, 2]]),     np.array([[0, 1, -1], [-1, 0, 0], [1, 1, 1]]),     np.array([[0, 0, 0], [0, 1, 0], [0, 0, 1]]))\narray([[0, 0, 0],\n       [3, 1, 0],\n       [0, 2, 3]])"}}}, "args": ["image", "horizontal_flow", "vertical_flow"], "returns": [["warped"]], "min_max_lineno": {"min_lineno": 18, "max_lineno": 59}, "calls": ["numpy.stack", "numpy.stack", "numpy.round().astype", "numpy.meshgrid", "numpy.arange", "numpy.arange", "numpy.round", "numpy.array"], "store_vars_calls": {"flow": "np.stack", "grid": "np.round().astype"}}, "horn_schunck": {"doc": {"long_description": "optical flow. It is assumed that the input images are grayscale and\nnormalized to be in [0, 1].", "short_description": "This function performs the Horn-Schunck algorithm and returns the estimated", "args": {"image0": {"description": "First image of the sequence"}, "image1": {"description": "Second image of the sequence"}, "alpha": {"description": "Regularization constant"}, "num_iter": {"description": "Number of iterations performed\nReturns: estimated horizontal & vertical flow\n\n>>> np.round(horn_schunck(np.array([[0, 0, 2], [0, 0, 2]]),     np.array([[0, 2, 0], [0, 2, 0]]), alpha=0.1, num_iter=110)).    astype(np.int32)\narray([[[ 0, -1, -1],\n        [ 0, -1, -1]],\n<BLANKLINE>\n       [[ 0,  0,  0],\n        [ 0,  0,  0]]], dtype=int32)"}}}, "args": ["image0", "image1", "num_iter", "alpha"], "returns": [["horizontal_flow", "vertical_flow"]], "min_max_lineno": {"min_lineno": 61, "max_lineno": 126}, "calls": ["numpy.zeros_like", "numpy.zeros_like", "numpy.array", "range", "numpy.array", "numpy.array", "numpy.array", "horn_schunck.warp", "scipy.ndimage.filters.convolve", "scipy.ndimage.filters.convolve", "scipy.ndimage.filters.convolve", "scipy.ndimage.filters.convolve", "scipy.ndimage.filters.convolve", "scipy.ndimage.filters.convolve", "scipy.ndimage.filters.convolve", "scipy.ndimage.filters.convolve"], "store_vars_calls": {"horizontal_flow": "np.zeros_like", "vertical_flow": "np.zeros_like", "kernel_laplacian": "np.array", "warped_image": "warp", "avg_horizontal_velocity": "convolve", "avg_vertical_velocity": "convolve"}}}, "main_info": {"main_flag": 1, "type": "script"}, "is_test": false}