{"file": {"path": "/Users/rakshithagnanasekaran/desktop/Python/computer_vision/mean_threshold.py", "fileNameBase": "mean_threshold", "extension": "py"}, "dependencies": [{"from_module": "PIL", "import": "Image", "type": "external"}], "functions": {"mean_threshold": {"doc": {"short_description": "image: is a grayscale PIL image object"}, "args": ["image"], "returns": [["image"]], "min_max_lineno": {"min_lineno": 9, "max_lineno": 26}, "calls": ["image.load", "range", "range", "range", "range"], "store_vars_calls": {"pixels": "image.load"}}}, "main_info": {"main_flag": 1, "main_function": "mean_threshold.mean_threshold", "type": "script"}, "is_test": false}