{"file": {"path": "/Users/rakshithagnanasekaran/desktop/Python/computer_vision/mosaic_augmentation.py", "fileNameBase": "mosaic_augmentation", "extension": "py", "doc": {"short_description": "Source: https://github.com/jason9075/opencv-mosaic-data-aug", "full": "Source: https://github.com/jason9075/opencv-mosaic-data-aug"}}, "dependencies": [{"import": "glob", "type": "external"}, {"import": "os", "type": "external"}, {"import": "random", "type": "external"}, {"from_module": "string", "import": "ascii_lowercase", "type": "external"}, {"from_module": "string", "import": "digits", "type": "external"}, {"import": "cv2", "type": "external"}, {"import": "numpy", "alias": "np", "type": "external"}], "functions": {"main": {"doc": {"long_description": "Update new images and annotations.\nSave images and annotations in output dir.\n>>> pass  # A doctest is not possible for this function.", "short_description": "Get images list and annotations list from input dir."}, "min_max_lineno": {"min_lineno": 21, "max_lineno": 56}, "calls": ["mosaic_augmentation.get_dataset", "range", "random.sample", "mosaic_augmentation.update_image_and_anno", "mosaic_augmentation.random_chars", "cv2.imwrite", "print", "range", "[].rsplit", "annos_list.append", "open", "outfile.write", "len", "path.split"], "store_vars_calls": {"idxs": "random.sample", "letter_code": "random_chars"}}, "get_dataset": {"doc": {"long_description": "- img_dir <type: str>: Path to folder contain images\nReturn <type: list>: List of images path and labels\n>>> pass  # A doctest is not possible for this function.", "short_description": "- label_dir <type: str>: Path to label include annotation of images"}, "args": ["label_dir", "img_dir"], "returns": [["img_paths", "labels"]], "min_max_lineno": {"min_lineno": 58, "max_lineno": 87}, "calls": ["glob.glob", "os.path.join", "os.path.join", "img_paths.append", "labels.append", "[].rsplit", "open", "in_file.readlines", "obj_list.rstrip().split", "boxes.append", "float", "float", "float", "float", "obj_list.rstrip", "float", "float", "float", "float", "int", "label_file.split"], "store_vars_calls": {"img_path": "os.path.join", "obj_lists": "in_file.readlines", "obj": "obj_list.rstrip().split"}}, "update_image_and_anno": {"doc": {"long_description": "- all_annos <type: list>: list of all annotations of specific image\n- idxs <type: list>: index of image in list\n- output_size <type: tuple>: size of output image (Height, Width)\n- scale_range <type: tuple>: range of scale image\n- filter_scale <type: float>: the condition of downscale image and bounding box\nReturn:\n    - output_img <type: narray>: image after resize\n    - new_anno <type: list>: list of new annotation after scale\n    - path[0] <type: string>: get the name of image file\n>>> pass  # A doctest is not possible for this function.", "short_description": "- all_img_list <type: list>: list of all images"}, "args": ["all_img_list", "all_annos", "idxs", "output_size", "scale_range", "filter_scale"], "returns": [["output_img", "new_anno"]], "min_max_lineno": {"min_lineno": 89, "max_lineno": 173}, "calls": ["numpy.zeros", "int", "int", "enumerate", "path_list.append", "cv2.imread", "random.random", "random.random", "cv2.resize", "new_anno.append", "cv2.resize", "new_anno.append", "cv2.resize", "cv2.resize", "new_anno.append", "new_anno.append"], "store_vars_calls": {"output_img": "np.zeros", "divid_point_x": "int", "divid_point_y": "int", "img": "cv2.resize"}}, "random_chars": {"doc": {"long_description": "Get random string code: '7b7ad245cdff75241935e4dd860f3bad'\n>>> len(random_chars(32))\n32", "short_description": "Automatic generate random 32 characters."}, "args": ["number_char"], "min_max_lineno": {"min_lineno": 175, "max_lineno": 185}, "calls": ["random.choice", "range"]}}, "main_info": {"main_flag": 1, "main_function": "mosaic_augmentation.main", "type": "script"}, "is_test": true}