{"file": {"path": "/Users/rakshithagnanasekaran/desktop/Python/computer_vision/pooling_functions.py", "fileNameBase": "pooling_functions", "extension": "py"}, "dependencies": [{"import": "numpy", "alias": "np", "type": "external"}, {"from_module": "PIL", "import": "Image", "type": "external"}], "functions": {"maxpooling": {"doc": {"short_description": "This function is used to perform maxpooling on the input array of 2D matrix(image)", "args": {"arr": {"description": "numpy array"}, "size": {"description": "size of pooling matrix"}, "stride": {"description": "the number of pixels shifts over the input matrix"}}, "returns": {"description": "numpy array of maxpooled matrix\nSample Input Output:\n>>> maxpooling([[1,2,3,4],[5,6,7,8],[9,10,11,12],[13,14,15,16]], 2, 2)\narray([[ 6.,  8.],\n       [14., 16.]])\n>>> maxpooling([[147, 180, 122],[241, 76, 32],[126, 13, 157]], 2, 1)\narray([[241., 180.],\n       [241., 157.]])", "is_generator": false}}, "args": ["arr", "size", "stride"], "returns": [["updated_arr"]], "min_max_lineno": {"min_lineno": 8, "max_lineno": 61}, "calls": ["numpy.array", "numpy.zeros", "ValueError", "numpy.max"], "store_vars_calls": {"arr": "np.array", "updated_arr": "np.zeros"}}, "avgpooling": {"doc": {"short_description": "This function is used to perform avgpooling on the input array of 2D matrix(image)", "args": {"arr": {"description": "numpy array"}, "size": {"description": "size of pooling matrix"}, "stride": {"description": "the number of pixels shifts over the input matrix"}}, "returns": {"description": "numpy array of avgpooled matrix\nSample Input Output:\n>>> avgpooling([[1,2,3,4],[5,6,7,8],[9,10,11,12],[13,14,15,16]], 2, 2)\narray([[ 3.,  5.],\n       [11., 13.]])\n>>> avgpooling([[147, 180, 122],[241, 76, 32],[126, 13, 157]], 2, 1)\narray([[161., 102.],\n       [114.,  69.]])", "is_generator": false}}, "args": ["arr", "size", "stride"], "returns": [["updated_arr"]], "min_max_lineno": {"min_lineno": 64, "max_lineno": 116}, "calls": ["numpy.array", "numpy.zeros", "ValueError", "int", "numpy.average"], "store_vars_calls": {"arr": "np.array", "updated_arr": "np.zeros"}}}, "main_info": {"main_flag": 1, "type": "script"}, "is_test": false}