{"file": {"path": "/Users/rakshithagnanasekaran/desktop/Python/graphs/a_star.py", "fileNameBase": "a_star", "extension": "py"}, "dependencies": [{"from_module": "__future__", "import": "annotations", "type": "external"}], "functions": {"search": {"args": ["grid", "init", "goal", "cost", "heuristic"], "returns": [["path", "action"]], "min_max_lineno": {"min_lineno": 12, "max_lineno": 76}, "calls": ["invpath.append", "range", "invpath.append", "len", "path.append", "range", "range", "len", "ValueError", "cell.sort", "cell.reverse", "cell.pop", "range", "len", "range", "len", "range", "len", "len", "len", "len", "len", "cell.append", "len"], "store_vars_calls": {"next": "cell.pop"}}}, "main_info": {"main_flag": 1, "type": "script"}, "is_test": false}