{"file": {"path": "/Users/rakshithagnanasekaran/desktop/Python/graphs/articulation_points.py", "fileNameBase": "articulation_points", "extension": "py"}, "functions": {"computeAP": {"args": ["l"], "returns": [["outEdgeCount"]], "min_max_lineno": {"min_lineno": 2, "max_lineno": 41}, "calls": ["len", "range", "range", "len", "articulation_points.computeAP.dfs"], "store_vars_calls": {"n": "len", "outEdgeCount": "dfs"}, "functions": {"dfs": {"args": ["root", "at", "parent", "outEdgeCount"], "returns": [["outEdgeCount"]], "min_max_lineno": {"min_lineno": 9, "max_lineno": 31}, "calls": ["dfs", "min", "min"], "store_vars_calls": {"outEdgeCount": "dfs"}}}}}, "body": {"calls": ["articulation_points.computeAP"]}, "is_test": false}