{"file": {"path": "/Users/rakshithagnanasekaran/desktop/Python/graphs/basic_graphs.py", "fileNameBase": "basic_graphs", "extension": "py"}, "dependencies": [{"from_module": "collections", "import": "deque", "type": "external"}], "functions": {"_input": {"args": ["message"], "min_max_lineno": {"min_lineno": 4, "max_lineno": 6}, "calls": ["input().strip().split", "input().strip", "input"]}, "initialize_unweighted_directed_graph": {"args": ["node_count", "edge_count"], "returns": [["graph"]], "min_max_lineno": {"min_lineno": 8, "max_lineno": 19}, "calls": ["range", "range", "graph[].append", "int", "basic_graphs._input"]}, "initialize_unweighted_undirected_graph": {"args": ["node_count", "edge_count"], "returns": [["graph"]], "min_max_lineno": {"min_lineno": 21, "max_lineno": 33}, "calls": ["range", "range", "graph[].append", "graph[].append", "int", "basic_graphs._input"]}, "initialize_weighted_undirected_graph": {"args": ["node_count", "edge_count"], "returns": [["graph"]], "min_max_lineno": {"min_lineno": 35, "max_lineno": 47}, "calls": ["range", "range", "graph[].append", "graph[].append", "int", "basic_graphs._input"]}, "dfs": {"args": ["G", "s"], "min_max_lineno": {"min_lineno": 79, "max_lineno": 93}, "calls": ["print", "S.pop", "S.append", "vis.add", "print"]}, "bfs": {"args": ["G", "s"], "min_max_lineno": {"min_lineno": 106, "max_lineno": 116}, "calls": ["print", "collections.deque", "Q.popleft", "vis.add", "Q.append", "print"], "store_vars_calls": {"u": "Q.popleft"}}, "dijk": {"args": ["G", "s"], "min_max_lineno": {"min_lineno": 130, "max_lineno": 149}, "calls": ["set", "known.add", "len", "print", "len", "dist.get"]}, "topo": {"args": ["G", "ind", "Q"], "min_max_lineno": {"min_lineno": 158, "max_lineno": 179}, "calls": ["collections.deque.popleft", "print", "basic_graphs.topo", "collections.deque", "len", "collections.deque.append", "len", "collections.deque.append"], "store_vars_calls": {"v": "Q.popleft", "Q": "deque"}}, "adjm": {"returns": [["a", "n"]], "min_max_lineno": {"min_lineno": 188, "max_lineno": 194}, "calls": ["input().strip", "range", "a.append", "input", "map", "input().strip().split", "input().strip", "input"], "store_vars_calls": {"n": "input().strip"}}, "floy": {"args": ["A_and_n"], "min_max_lineno": {"min_lineno": 209, "max_lineno": 220}, "calls": ["list", "range", "print", "range", "range", "range"], "store_vars_calls": {"dist": "list"}}, "prim": {"args": ["G", "s"], "returns": [["dist"]], "min_max_lineno": {"min_lineno": 234, "max_lineno": 251}, "calls": ["set", "known.add", "len", "len", "dist.get"]}, "edglist": {"returns": [["edges", "n"]], "min_max_lineno": {"min_lineno": 264, "max_lineno": 270}, "calls": ["map", "range", "input().split", "edges.append", "map", "input", "input().split", "input"]}, "krusk": {"args": ["E_and_n"], "min_max_lineno": {"min_lineno": 282, "max_lineno": 302}, "calls": ["E.sort", "print", "E.pop", "range", "range", "range", "len", "len", "len", "s[].update", "s.pop"], "store_vars_calls": {"x": "E.pop"}}, "find_isolated_nodes": {"args": ["graph"], "returns": [["isolated"]], "min_max_lineno": {"min_lineno": 305, "max_lineno": 311}, "calls": ["isolated.append"]}}, "main_info": {"main_flag": 1, "main_function": "basic_graphs.int", "type": "script"}, "is_test": false}