{"file": {"path": "/Users/rakshithagnanasekaran/desktop/Python/graphs/bfs_zero_one_shortest_path.py", "fileNameBase": "bfs_zero_one_shortest_path", "extension": "py", "doc": {"long_description": "0-1-graph is the weighted graph with the weights equal to 0 or 1.\nLink: https://codeforces.com/blog/entry/22276", "short_description": "Finding the shortest path in 0-1-graph in O(E + V) which is faster than dijkstra.", "full": "Finding the shortest path in 0-1-graph in O(E + V) which is faster than dijkstra.\n0-1-graph is the weighted graph with the weights equal to 0 or 1.\nLink: https://codeforces.com/blog/entry/22276"}}, "dependencies": [{"from_module": "__future__", "import": "annotations", "type": "external"}, {"from_module": "collections", "import": "deque", "type": "external"}, {"from_module": "collections.abc", "import": "Iterator", "type": "external"}, {"from_module": "dataclasses", "import": "dataclass", "type": "external"}], "classes": {"Edge": {"doc": {"short_description": "Weighted directed graph edge.", "full": "Weighted directed graph edge."}, "min_max_lineno": {"min_lineno": 13, "max_lineno": 19}}, "AdjacencyList": {"doc": {"short_description": "Graph adjacency list.", "full": "Graph adjacency list."}, "min_max_lineno": {"min_lineno": 21, "max_lineno": 137}, "methods": {"__init__": {"args": ["self", "size"], "min_max_lineno": {"min_lineno": 24, "max_lineno": 27}, "calls": ["range"]}, "__getitem__": {"doc": {"short_description": "Get all the vertices adjacent to the given one."}, "args": ["self", "vertex"], "min_max_lineno": {"min_lineno": 28, "max_lineno": 31}, "calls": ["iter"]}, "size": {"args": ["self"], "min_max_lineno": {"min_lineno": 32, "max_lineno": 35}}, "add_edge": {"doc": {"long_description": ">>> g.add_edge(0, 1, 0)\n>>> g.add_edge(1, 0, 1)\n>>> list(g[0])\n[Edge(destination_vertex=1, weight=0)]\n>>> list(g[1])\n[Edge(destination_vertex=0, weight=1)]\n>>> g.add_edge(0, 1, 2)\nTraceback (most recent call last):\n    ...\nValueError: Edge weight must be either 0 or 1.\n>>> g.add_edge(0, 2, 1)\nTraceback (most recent call last):\n    ...\nValueError: Vertex indexes must be in [0; size).", "short_description": ">>> g = AdjacencyList(2)"}, "args": ["self", "from_vertex", "to_vertex", "weight"], "min_max_lineno": {"min_lineno": 36, "max_lineno": 61}, "calls": ["bfs_zero_one_shortest_path.AdjacencyList._graph[].append", "ValueError", "ValueError", "bfs_zero_one_shortest_path.Edge"]}, "get_shortest_path": {"doc": {"long_description": "1                  1         1\n 0--------->3        6--------7>------->8\n |          ^        ^        ^         |1\n |          |        |        |0        v\n0|          |0      1|        9-------->10\n |          |        |        ^    1\n v          |        |        |0\n 1--------->2<-------4------->5\n      0         1        1\n>>> g = AdjacencyList(11)\n>>> g.add_edge(0, 1, 0)\n>>> g.add_edge(0, 3, 1)\n>>> g.add_edge(1, 2, 0)\n>>> g.add_edge(2, 3, 0)\n>>> g.add_edge(4, 2, 1)\n>>> g.add_edge(4, 5, 1)\n>>> g.add_edge(4, 6, 1)\n>>> g.add_edge(5, 9, 0)\n>>> g.add_edge(6, 7, 1)\n>>> g.add_edge(7, 8, 1)\n>>> g.add_edge(8, 10, 1)\n>>> g.add_edge(9, 7, 0)\n>>> g.add_edge(9, 10, 1)\n>>> g.add_edge(1, 2, 2)\nTraceback (most recent call last):\n    ...\nValueError: Edge weight must be either 0 or 1.\n>>> g.get_shortest_path(0, 3)\n0\n>>> g.get_shortest_path(0, 4)\nTraceback (most recent call last):\n    ...\nValueError: No path from start_vertex to finish_vertex.\n>>> g.get_shortest_path(4, 10)\n2\n>>> g.get_shortest_path(4, 8)\n2\n>>> g.get_shortest_path(0, 1)\n0\n>>> g.get_shortest_path(1, 0)\nTraceback (most recent call last):\n    ...\nValueError: No path from start_vertex to finish_vertex.", "short_description": "Return the shortest distance from start_vertex to finish_vertex in 0-1-graph."}, "args": ["self", "start_vertex", "finish_vertex"], "min_max_lineno": {"min_lineno": 62, "max_lineno": 137}, "calls": ["collections.deque", "collections.deque.popleft", "ValueError", "isinstance", "collections.deque.appendleft", "collections.deque.append"], "store_vars_calls": {"queue": "deque", "current_vertex": "queue.popleft"}}}}}, "main_info": {"main_flag": 1, "type": "script"}, "is_test": false}