{"file": {"path": "/Users/rakshithagnanasekaran/desktop/Python/graphs/bfs_shortest_path.py", "fileNameBase": "bfs_shortest_path", "extension": "py", "doc": {"long_description": "doctest:\npython -m doctest -v bfs_shortest_path.py\nManual test:\npython bfs_shortest_path.py", "short_description": "Breadth-first search shortest path implementations.", "full": "Breadth-first search shortest path implementations.\ndoctest:\npython -m doctest -v bfs_shortest_path.py\nManual test:\npython bfs_shortest_path.py"}}, "functions": {"bfs_shortest_path": {"doc": {"short_description": "Find shortest path between `start` and `goal` nodes.", "args": {"graph": {"description": "node/list of neighboring nodes key/value pairs.", "type_name": "dict", "is_optional": false}, "start": {"description": "start node."}, "goal": {"description": "target node."}}, "returns": {"description": "Shortest path between `start` and `goal` nodes as a string of nodes.\n'Not found' string if no path found.", "is_generator": false}}, "args": ["graph", "start", "goal"], "returns": [["start"], ["new_path"]], "min_max_lineno": {"min_lineno": 18, "max_lineno": 67}, "calls": ["set", "queue.pop", "set.add", "list", "list.append", "queue.append"], "store_vars_calls": {"explored": "set", "path": "queue.pop", "new_path": "list"}}, "bfs_shortest_path_distance": {"doc": {"short_description": "Find shortest path distance between `start` and `target` nodes.", "args": {"graph": {"description": "node/list of neighboring nodes key/value pairs."}, "start": {"description": "node to start search from."}, "target": {"description": "node to search for."}}, "returns": {"description": "Number of edges in shortest path between `start` and `target` nodes.\n-1 if no path exists.", "is_generator": false}}, "args": ["graph", "start", "target"], "min_max_lineno": {"min_lineno": 69, "max_lineno": 106}, "calls": ["set", "queue.pop", "min", "set.add", "queue.append"], "store_vars_calls": {"visited": "set", "node": "queue.pop"}}}, "main_info": {"main_flag": 1, "main_function": "bfs_shortest_path.print", "type": "script"}, "is_test": false}