{"file": {"path": "/Users/rakshithagnanasekaran/desktop/Python/graphs/bidirectional_breadth_first_search.py", "fileNameBase": "bidirectional_breadth_first_search", "extension": "py", "doc": {"short_description": "https://en.wikipedia.org/wiki/Bidirectional_search", "full": "https://en.wikipedia.org/wiki/Bidirectional_search"}}, "dependencies": [{"from_module": "__future__", "import": "annotations", "type": "external"}, {"import": "time", "type": "external"}], "classes": {"Node": {"min_max_lineno": {"min_lineno": 23, "max_lineno": 33}, "methods": {"__init__": {"args": ["self", "pos_x", "pos_y", "goal_x", "goal_y", "parent"], "min_max_lineno": {"min_lineno": 24, "max_lineno": 33}}}}, "BreadthFirstSearch": {"doc": {"long_description": "# 9.15s call     graphs/bidirectional_breadth_first_search.py::     #                graphs.bidirectional_breadth_first_search.BreadthFirstSearch\n# >>> bfs = BreadthFirstSearch((0, 0), (len(grid) - 1, len(grid[0]) - 1))\n# >>> (bfs.start.pos_y + delta[3][0], bfs.start.pos_x + delta[3][1])\n(0, 1)\n# >>> [x.pos for x in bfs.get_successors(bfs.start)]\n[(1, 0), (0, 1)]\n# >>> (bfs.start.pos_y + delta[2][0], bfs.start.pos_x + delta[2][1])\n(1, 0)\n# >>> bfs.retrace_path(bfs.start)\n[(0, 0)]\n# >>> bfs.search()  # doctest: +NORMALIZE_WHITESPACE\n[(0, 0), (1, 0), (2, 0), (3, 0), (3, 1), (4, 1),\n (5, 1), (5, 2), (5, 3), (5, 4), (5, 5), (6, 5), (6, 6)]", "short_description": "# Comment out slow pytests...", "full": "# Comment out slow pytests...\n# 9.15s call     graphs/bidirectional_breadth_first_search.py::     #                graphs.bidirectional_breadth_first_search.BreadthFirstSearch\n# >>> bfs = BreadthFirstSearch((0, 0), (len(grid) - 1, len(grid[0]) - 1))\n# >>> (bfs.start.pos_y + delta[3][0], bfs.start.pos_x + delta[3][1])\n(0, 1)\n# >>> [x.pos for x in bfs.get_successors(bfs.start)]\n[(1, 0), (0, 1)]\n# >>> (bfs.start.pos_y + delta[2][0], bfs.start.pos_x + delta[2][1])\n(1, 0)\n# >>> bfs.retrace_path(bfs.start)\n[(0, 0)]\n# >>> bfs.search()  # doctest: +NORMALIZE_WHITESPACE\n[(0, 0), (1, 0), (2, 0), (3, 0), (3, 1), (4, 1),\n (5, 1), (5, 2), (5, 3), (5, 4), (5, 5), (6, 5), (6, 6)]"}, "min_max_lineno": {"min_lineno": 35, "max_lineno": 108}, "methods": {"__init__": {"args": ["self", "start", "goal"], "min_max_lineno": {"min_lineno": 54, "max_lineno": 60}, "calls": ["bidirectional_breadth_first_search.Node", "bidirectional_breadth_first_search.Node"], "store_vars_calls": {"self.start": "Node", "self.target": "Node"}}, "search": {"args": ["self"], "min_max_lineno": {"min_lineno": 61, "max_lineno": 77}, "calls": ["bidirectional_breadth_first_search.BreadthFirstSearch.node_queue.pop", "bidirectional_breadth_first_search.BreadthFirstSearch.get_successors", "bidirectional_breadth_first_search.BreadthFirstSearch.retrace_path", "bidirectional_breadth_first_search.BreadthFirstSearch.node_queue.append"], "store_vars_calls": {"current_node": "self.node_queue.pop", "successors": "self.get_successors"}}, "get_successors": {"doc": {"short_description": "Returns a list of successors (both in the grid and free spaces)"}, "args": ["self", "parent"], "returns": [["successors"]], "min_max_lineno": {"min_lineno": 78, "max_lineno": 96}, "calls": ["successors.append", "bidirectional_breadth_first_search.Node", "len", "len"]}, "retrace_path": {"doc": {"short_description": "Retrace the path from parents to parents until start node"}, "args": ["self", "node"], "returns": [["path"]], "min_max_lineno": {"min_lineno": 97, "max_lineno": 108}, "calls": ["path.reverse", "path.append"]}}}, "BidirectionalBreadthFirstSearch": {"doc": {"long_description": "...                                                   len(grid[0]) - 1))\n>>> bd_bfs.fwd_bfs.start.pos == bd_bfs.bwd_bfs.target.pos\nTrue\n>>> bd_bfs.retrace_bidirectional_path(bd_bfs.fwd_bfs.start,\n...                                     bd_bfs.bwd_bfs.start)\n[(0, 0)]\n>>> bd_bfs.search()  # doctest: +NORMALIZE_WHITESPACE\n[(0, 0), (0, 1), (0, 2), (1, 2), (2, 2), (2, 3),\n (2, 4), (3, 4), (3, 5), (3, 6), (4, 6), (5, 6), (6, 6)]", "short_description": ">>> bd_bfs = BidirectionalBreadthFirstSearch((0, 0), (len(grid) - 1,", "full": ">>> bd_bfs = BidirectionalBreadthFirstSearch((0, 0), (len(grid) - 1,\n...                                                   len(grid[0]) - 1))\n>>> bd_bfs.fwd_bfs.start.pos == bd_bfs.bwd_bfs.target.pos\nTrue\n>>> bd_bfs.retrace_bidirectional_path(bd_bfs.fwd_bfs.start,\n...                                     bd_bfs.bwd_bfs.start)\n[(0, 0)]\n>>> bd_bfs.search()  # doctest: +NORMALIZE_WHITESPACE\n[(0, 0), (0, 1), (0, 2), (1, 2), (2, 2), (2, 3),\n (2, 4), (3, 4), (3, 5), (3, 6), (4, 6), (5, 6), (6, 6)]"}, "min_max_lineno": {"min_lineno": 110, "max_lineno": 163}, "methods": {"__init__": {"args": ["self", "start", "goal"], "min_max_lineno": {"min_lineno": 124, "max_lineno": 128}, "calls": ["bidirectional_breadth_first_search.BreadthFirstSearch", "bidirectional_breadth_first_search.BreadthFirstSearch"], "store_vars_calls": {"self.fwd_bfs": "BreadthFirstSearch", "self.bwd_bfs": "BreadthFirstSearch"}}, "search": {"args": ["self"], "min_max_lineno": {"min_lineno": 129, "max_lineno": 155}, "calls": ["bidirectional_breadth_first_search.BidirectionalBreadthFirstSearch.fwd_bfs.node_queue.pop", "bidirectional_breadth_first_search.BidirectionalBreadthFirstSearch.bwd_bfs.node_queue.pop", "bidirectional_breadth_first_search.BidirectionalBreadthFirstSearch.retrace_bidirectional_path", "bidirectional_breadth_first_search.BidirectionalBreadthFirstSearch.fwd_bfs.get_successors", "bidirectional_breadth_first_search.BidirectionalBreadthFirstSearch.bwd_bfs.get_successors", "bfs.node_queue.append"], "store_vars_calls": {"current_fwd_node": "self.fwd_bfs.node_queue.pop", "current_bwd_node": "self.bwd_bfs.node_queue.pop"}}, "retrace_bidirectional_path": {"args": ["self", "fwd_node", "bwd_node"], "returns": [["path"]], "min_max_lineno": {"min_lineno": 156, "max_lineno": 163}, "calls": ["bidirectional_breadth_first_search.BidirectionalBreadthFirstSearch.fwd_bfs.retrace_path", "bidirectional_breadth_first_search.BidirectionalBreadthFirstSearch.bwd_bfs.retrace_path", "bidirectional_breadth_first_search.BidirectionalBreadthFirstSearch.pop", "bidirectional_breadth_first_search.BidirectionalBreadthFirstSearch.reverse"], "store_vars_calls": {"fwd_path": "self.fwd_bfs.retrace_path", "bwd_path": "self.bwd_bfs.retrace_path"}}}}}, "main_info": {"main_flag": 1, "type": "script"}, "is_test": false}