{"file": {"path": "/Users/rakshithagnanasekaran/desktop/Python/graphs/bidirectional_a_star.py", "fileNameBase": "bidirectional_a_star", "extension": "py", "doc": {"short_description": "https://en.wikipedia.org/wiki/Bidirectional_search", "full": "https://en.wikipedia.org/wiki/Bidirectional_search"}}, "dependencies": [{"from_module": "__future__", "import": "annotations", "type": "external"}, {"import": "time", "type": "external"}, {"from_module": "math", "import": "sqrt", "type": "external"}], "classes": {"Node": {"doc": {"long_description": ">>> k.calculate_heuristic()\n5.0\n>>> n = Node(1, 4, 3, 4, 2, None)\n>>> n.calculate_heuristic()\n2.0\n>>> l = [k, n]\n>>> n == l[0]\nFalse\n>>> l.sort()\n>>> n == l[0]\nTrue", "short_description": ">>> k = Node(0, 0, 4, 3, 0, None)", "full": ">>> k = Node(0, 0, 4, 3, 0, None)\n>>> k.calculate_heuristic()\n5.0\n>>> n = Node(1, 4, 3, 4, 2, None)\n>>> n.calculate_heuristic()\n2.0\n>>> l = [k, n]\n>>> n == l[0]\nFalse\n>>> l.sort()\n>>> n == l[0]\nTrue"}, "min_max_lineno": {"min_lineno": 27, "max_lineno": 75}, "methods": {"__init__": {"args": ["self", "pos_x", "pos_y", "goal_x", "goal_y", "g_cost", "parent"], "min_max_lineno": {"min_lineno": 43, "max_lineno": 61}, "calls": ["bidirectional_a_star.Node.calculate_heuristic"], "store_vars_calls": {"self.h_cost": "self.calculate_heuristic"}}, "calculate_heuristic": {"doc": {"short_description": "Heuristic for the A*"}, "args": ["self"], "min_max_lineno": {"min_lineno": 62, "max_lineno": 72}, "calls": ["math.sqrt", "abs", "abs"]}, "__lt__": {"args": ["self", "other"], "min_max_lineno": {"min_lineno": 73, "max_lineno": 75}}}}, "AStar": {"doc": {"long_description": ">>> (astar.start.pos_y + delta[3][0], astar.start.pos_x + delta[3][1])\n(0, 1)\n>>> [x.pos for x in astar.get_successors(astar.start)]\n[(1, 0), (0, 1)]\n>>> (astar.start.pos_y + delta[2][0], astar.start.pos_x + delta[2][1])\n(1, 0)\n>>> astar.retrace_path(astar.start)\n[(0, 0)]\n>>> astar.search()  # doctest: +NORMALIZE_WHITESPACE\n[(0, 0), (1, 0), (2, 0), (2, 1), (2, 2), (2, 3), (3, 3),\n (4, 3), (4, 4), (5, 4), (5, 5), (6, 5), (6, 6)]", "short_description": ">>> astar = AStar((0, 0), (len(grid) - 1, len(grid[0]) - 1))", "full": ">>> astar = AStar((0, 0), (len(grid) - 1, len(grid[0]) - 1))\n>>> (astar.start.pos_y + delta[3][0], astar.start.pos_x + delta[3][1])\n(0, 1)\n>>> [x.pos for x in astar.get_successors(astar.start)]\n[(1, 0), (0, 1)]\n>>> (astar.start.pos_y + delta[2][0], astar.start.pos_x + delta[2][1])\n(1, 0)\n>>> astar.retrace_path(astar.start)\n[(0, 0)]\n>>> astar.search()  # doctest: +NORMALIZE_WHITESPACE\n[(0, 0), (1, 0), (2, 0), (2, 1), (2, 2), (2, 3), (3, 3),\n (4, 3), (4, 4), (5, 4), (5, 5), (6, 5), (6, 6)]"}, "min_max_lineno": {"min_lineno": 77, "max_lineno": 168}, "methods": {"__init__": {"args": ["self", "start", "goal"], "min_max_lineno": {"min_lineno": 93, "max_lineno": 101}, "calls": ["bidirectional_a_star.Node", "bidirectional_a_star.Node"], "store_vars_calls": {"self.start": "Node", "self.target": "Node"}}, "search": {"args": ["self"], "min_max_lineno": {"min_lineno": 102, "max_lineno": 130}, "calls": ["bidirectional_a_star.AStar.open_nodes.sort", "bidirectional_a_star.AStar.open_nodes.pop", "bidirectional_a_star.AStar.closed_nodes.append", "bidirectional_a_star.AStar.get_successors", "bidirectional_a_star.AStar.retrace_path", "bidirectional_a_star.AStar.open_nodes.append", "bidirectional_a_star.AStar.open_nodes.pop", "bidirectional_a_star.AStar.open_nodes.index", "bidirectional_a_star.AStar.open_nodes.append", "bidirectional_a_star.AStar.open_nodes.append"], "store_vars_calls": {"current_node": "self.open_nodes.pop", "successors": "self.get_successors", "better_node": "self.open_nodes.pop"}}, "get_successors": {"doc": {"short_description": "Returns a list of successors (both in the grid and free spaces)"}, "args": ["self", "parent"], "returns": [["successors"]], "min_max_lineno": {"min_lineno": 131, "max_lineno": 156}, "calls": ["successors.append", "bidirectional_a_star.Node", "len", "len"]}, "retrace_path": {"doc": {"short_description": "Retrace the path from parents to parents until start node"}, "args": ["self", "node"], "returns": [["path"]], "min_max_lineno": {"min_lineno": 157, "max_lineno": 168}, "calls": ["path.reverse", "path.append"]}}}, "BidirectionalAStar": {"doc": {"long_description": ">>> bd_astar.fwd_astar.start.pos == bd_astar.bwd_astar.target.pos\nTrue\n>>> bd_astar.retrace_bidirectional_path(bd_astar.fwd_astar.start,\n...                                     bd_astar.bwd_astar.start)\n[(0, 0)]\n>>> bd_astar.search()  # doctest: +NORMALIZE_WHITESPACE\n[(0, 0), (0, 1), (0, 2), (1, 2), (1, 3), (2, 3), (2, 4),\n (2, 5), (3, 5), (4, 5), (5, 5), (5, 6), (6, 6)]", "short_description": ">>> bd_astar = BidirectionalAStar((0, 0), (len(grid) - 1, len(grid[0]) - 1))", "full": ">>> bd_astar = BidirectionalAStar((0, 0), (len(grid) - 1, len(grid[0]) - 1))\n>>> bd_astar.fwd_astar.start.pos == bd_astar.bwd_astar.target.pos\nTrue\n>>> bd_astar.retrace_bidirectional_path(bd_astar.fwd_astar.start,\n...                                     bd_astar.bwd_astar.start)\n[(0, 0)]\n>>> bd_astar.search()  # doctest: +NORMALIZE_WHITESPACE\n[(0, 0), (0, 1), (0, 2), (1, 2), (1, 3), (2, 3), (2, 4),\n (2, 5), (3, 5), (4, 5), (5, 5), (5, 6), (6, 6)]"}, "min_max_lineno": {"min_lineno": 170, "max_lineno": 240}, "methods": {"__init__": {"args": ["self", "start", "goal"], "min_max_lineno": {"min_lineno": 183, "max_lineno": 187}, "calls": ["bidirectional_a_star.AStar", "bidirectional_a_star.AStar"], "store_vars_calls": {"self.fwd_astar": "AStar", "self.bwd_astar": "AStar"}}, "search": {"args": ["self"], "min_max_lineno": {"min_lineno": 188, "max_lineno": 230}, "calls": ["bidirectional_a_star.BidirectionalAStar.fwd_astar.open_nodes.sort", "bidirectional_a_star.BidirectionalAStar.bwd_astar.open_nodes.sort", "bidirectional_a_star.BidirectionalAStar.fwd_astar.open_nodes.pop", "bidirectional_a_star.BidirectionalAStar.bwd_astar.open_nodes.pop", "bidirectional_a_star.BidirectionalAStar.fwd_astar.closed_nodes.append", "bidirectional_a_star.BidirectionalAStar.bwd_astar.closed_nodes.append", "bidirectional_a_star.BidirectionalAStar.retrace_bidirectional_path", "bidirectional_a_star.BidirectionalAStar.fwd_astar.get_successors", "bidirectional_a_star.BidirectionalAStar.bwd_astar.get_successors", "astar.open_nodes.append", "astar.open_nodes.pop", "astar.open_nodes.index", "astar.open_nodes.append", "astar.open_nodes.append"], "store_vars_calls": {"current_fwd_node": "self.fwd_astar.open_nodes.pop", "current_bwd_node": "self.bwd_astar.open_nodes.pop", "better_node": "astar.open_nodes.pop"}}, "retrace_bidirectional_path": {"args": ["self", "fwd_node", "bwd_node"], "returns": [["path"]], "min_max_lineno": {"min_lineno": 231, "max_lineno": 240}, "calls": ["bidirectional_a_star.BidirectionalAStar.fwd_astar.retrace_path", "bidirectional_a_star.BidirectionalAStar.bwd_astar.retrace_path", "bidirectional_a_star.BidirectionalAStar.pop", "bidirectional_a_star.BidirectionalAStar.reverse"], "store_vars_calls": {"fwd_path": "self.fwd_astar.retrace_path", "bwd_path": "self.bwd_astar.retrace_path"}}}}}, "main_info": {"main_flag": 1, "type": "script"}, "is_test": false}