{"file": {"path": "/Users/rakshithagnanasekaran/desktop/Python/graphs/boruvka.py", "fileNameBase": "boruvka", "extension": "py", "doc": {"long_description": "Determines the minimum spanning tree (MST) of a graph using the Bor\u016fvka's algorithm.\nBor\u016fvka's algorithm is a greedy algorithm for finding a minimum spanning tree in a\nconnected graph, or a minimum spanning forest if a graph that is not connected.\n\nThe time complexity of this algorithm is O(ELogV), where E represents the number\nof edges, while V represents the number of nodes.\nO(number_of_edges Log number_of_nodes)\n\nThe space complexity of this algorithm is O(V + E), since we have to keep a couple\nof lists whose sizes are equal to the number of nodes, as well as keep all the\nedges of a graph inside of the data structure itself.\n\nBor\u016fvka's algorithm gives us pretty much the same result as other MST Algorithms -\nthey all find the minimum spanning tree, and the time complexity is approximately\nthe same.\n\nOne advantage that Bor\u016fvka's algorithm has compared to the alternatives is that it\ndoesn't need to presort the edges or maintain a priority queue in order to find the\nminimum spanning tree.\nEven though that doesn't help its complexity, since it still passes the edges logE\ntimes, it is a bit simpler to code.\n\nDetails: https://en.wikipedia.org/wiki/Bor%C5%AFvka%27s_algorithm", "short_description": "Bor\u016fvka's algorithm.", "full": "Bor\u016fvka's algorithm.\n\nDetermines the minimum spanning tree (MST) of a graph using the Bor\u016fvka's algorithm.\nBor\u016fvka's algorithm is a greedy algorithm for finding a minimum spanning tree in a\nconnected graph, or a minimum spanning forest if a graph that is not connected.\n\nThe time complexity of this algorithm is O(ELogV), where E represents the number\nof edges, while V represents the number of nodes.\nO(number_of_edges Log number_of_nodes)\n\nThe space complexity of this algorithm is O(V + E), since we have to keep a couple\nof lists whose sizes are equal to the number of nodes, as well as keep all the\nedges of a graph inside of the data structure itself.\n\nBor\u016fvka's algorithm gives us pretty much the same result as other MST Algorithms -\nthey all find the minimum spanning tree, and the time complexity is approximately\nthe same.\n\nOne advantage that Bor\u016fvka's algorithm has compared to the alternatives is that it\ndoesn't need to presort the edges or maintain a priority queue in order to find the\nminimum spanning tree.\nEven though that doesn't help its complexity, since it still passes the edges logE\ntimes, it is a bit simpler to code.\n\nDetails: https://en.wikipedia.org/wiki/Bor%C5%AFvka%27s_algorithm"}}, "dependencies": [{"from_module": "__future__", "import": "annotations", "type": "external"}, {"from_module": "typing", "import": "Any", "type": "external"}], "classes": {"Graph": {"min_max_lineno": {"min_lineno": 32, "max_lineno": 138}, "methods": {"__init__": {"args": ["self", "num_of_nodes"], "min_max_lineno": {"min_lineno": 33, "max_lineno": 47}}, "add_edge": {"doc": {"short_description": "Adds an edge in the format [first, second, edge weight] to graph."}, "args": ["self", "u_node", "v_node", "weight"], "min_max_lineno": {"min_lineno": 48, "max_lineno": 52}, "calls": ["boruvka.Graph.m_edges.append"]}, "find_component": {"doc": {"short_description": "Propagates a new component throughout a given component."}, "args": ["self", "u_node"], "returns": [["u_node"]], "min_max_lineno": {"min_lineno": 53, "max_lineno": 59}, "calls": ["boruvka.Graph.find_component"]}, "set_component": {"doc": {"short_description": "Finds the component index of a given node"}, "args": ["self", "u_node"], "min_max_lineno": {"min_lineno": 60, "max_lineno": 66}, "calls": ["boruvka.Graph.find_component"]}, "union": {"doc": {"long_description": "in terms of size, and attaches the smaller one to the larger one to form\nsingle component", "short_description": "Union finds the roots of components for two nodes, compares the components"}, "args": ["self", "component_size", "u_node", "v_node"], "min_max_lineno": {"min_lineno": 67, "max_lineno": 81}, "calls": ["boruvka.Graph.set_component", "boruvka.Graph.find_component", "boruvka.Graph.set_component"]}, "boruvka": {"doc": {"short_description": "Performs Bor\u016fvka's algorithm to find MST."}, "args": ["self"], "min_max_lineno": {"min_lineno": 82, "max_lineno": 138}, "calls": ["range", "print", "boruvka.Graph.m_component.update", "component_size.append", "isinstance", "boruvka.Graph.union", "print"]}}}}, "functions": {"test_vector": {"doc": {"long_description": ">>> for u_v_w in ((0, 1, 10), (0, 2, 6), (0, 3, 5), (1, 3, 15), (2, 3, 4),\n...    (3, 4, 8), (4, 5, 10), (4, 6, 6), (4, 7, 5), (5, 7, 15), (6, 7, 4)):\n...        g.add_edge(*u_v_w)\n>>> g.boruvka()\nAdded edge [0 - 3]\nAdded weight: 5\n<BLANKLINE>\nAdded edge [0 - 1]\nAdded weight: 10\n<BLANKLINE>\nAdded edge [2 - 3]\nAdded weight: 4\n<BLANKLINE>\nAdded edge [4 - 7]\nAdded weight: 5\n<BLANKLINE>\nAdded edge [4 - 5]\nAdded weight: 10\n<BLANKLINE>\nAdded edge [6 - 7]\nAdded weight: 4\n<BLANKLINE>\nAdded edge [3 - 4]\nAdded weight: 8\n<BLANKLINE>\nThe total weight of the minimal spanning tree is: 46", "short_description": ">>> g = Graph(8)"}, "min_max_lineno": {"min_lineno": 140, "max_lineno": 170}}}, "main_info": {"main_flag": 1, "type": "script"}, "is_test": false}