{"file": {"path": "/Users/rakshithagnanasekaran/desktop/Python/graphs/breadth_first_search_shortest_path.py", "fileNameBase": "breadth_first_search_shortest_path", "extension": "py", "doc": {"long_description": "from a given source node to a target node in an unweighted graph.", "short_description": "Breath First Search (BFS) can be used when finding the shortest path", "full": "Breath First Search (BFS) can be used when finding the shortest path\nfrom a given source node to a target node in an unweighted graph."}}, "dependencies": [{"from_module": "__future__", "import": "annotations", "type": "external"}], "classes": {"Graph": {"min_max_lineno": {"min_lineno": 17, "max_lineno": 77}, "methods": {"__init__": {"doc": {"long_description": "Source vertex have to be defined upon initialization.", "short_description": "Graph is implemented as dictionary of adjacency lists. Also,"}, "args": ["self", "graph", "source_vertex"], "min_max_lineno": {"min_lineno": 18, "max_lineno": 27}}, "breath_first_search": {"doc": {"long_description": ">>> g = Graph(graph, \"G\")\n>>> g.breath_first_search()\n>>> g.parent\n{'G': None, 'C': 'G', 'A': 'C', 'F': 'C', 'B': 'A', 'E': 'A', 'D': 'B'}", "short_description": "This function is a helper for running breath first search on this graph."}, "args": ["self"], "min_max_lineno": {"min_lineno": 28, "max_lineno": 47}, "calls": ["queue.pop", "visited.add", "queue.append"], "store_vars_calls": {"vertex": "queue.pop"}}, "shortest_path": {"doc": {"long_description": "1.) No path is found. The string is a human readable message to indicate this.\n2.) The shortest path is found. The string is in the form\n    `v1(->v2->v3->...->vn)`, where v1 is the source vertex and vn is the target\n    vertex, if it exists separately.\n\n>>> g = Graph(graph, \"G\")\n>>> g.breath_first_search()\n\nCase 1 - No path is found.\n>>> g.shortest_path(\"Foo\")\n'No path from vertex:G to vertex:Foo'\n\nCase 2 - The path is found.\n>>> g.shortest_path(\"D\")\n'G->C->A->B->D'\n>>> g.shortest_path(\"G\")\n'G'", "short_description": "This shortest path function returns a string, describing the result:"}, "args": ["self", "target_vertex"], "min_max_lineno": {"min_lineno": 48, "max_lineno": 77}, "calls": ["breadth_first_search_shortest_path.Graph.parent.get", "breadth_first_search_shortest_path.Graph.shortest_path"], "store_vars_calls": {"target_vertex_parent": "self.parent.get"}}}}}, "main_info": {"main_flag": 1, "main_function": "breadth_first_search_shortest_path.Graph", "type": "script"}, "is_test": false}