{"file": {"path": "/Users/rakshithagnanasekaran/desktop/Python/graphs/breadth_first_search.py", "fileNameBase": "breadth_first_search", "extension": "py", "doc": {"short_description": "Author: OMKAR PATHAK ", "full": "Author: OMKAR PATHAK "}}, "dependencies": [{"from_module": "__future__", "import": "annotations", "type": "external"}, {"from_module": "queue", "import": "Queue", "type": "external"}], "classes": {"Graph": {"min_max_lineno": {"min_lineno": 9, "max_lineno": 71}, "methods": {"__init__": {"args": ["self"], "min_max_lineno": {"min_lineno": 10, "max_lineno": 12}}, "print_graph": {"doc": {"long_description": ">>> g = Graph()\n>>> g.print_graph()\n>>> g.add_edge(0, 1)\n>>> g.print_graph()\n0  :  1", "short_description": "prints adjacency list representation of graaph"}, "args": ["self"], "min_max_lineno": {"min_lineno": 13, "max_lineno": 24}, "calls": ["print", "str"]}, "add_edge": {"doc": {"long_description": ">>> g = Graph()\n>>> g.print_graph()\n>>> g.add_edge(0, 1)\n>>> g.print_graph()\n0  :  1", "short_description": "adding the edge between two vertices"}, "args": ["self", "from_vertex", "to_vertex"], "min_max_lineno": {"min_lineno": 25, "max_lineno": 38}, "calls": ["breadth_first_search.Graph.vertices[].append"]}, "bfs": {"doc": {"long_description": ">>> g.add_edge(0, 1)\n>>> g.add_edge(0, 1)\n>>> g.add_edge(0, 2)\n>>> g.add_edge(1, 2)\n>>> g.add_edge(2, 0)\n>>> g.add_edge(2, 3)\n>>> g.add_edge(3, 3)\n>>> sorted(g.bfs(2))\n[0, 1, 2, 3]", "short_description": ">>> g = Graph()"}, "args": ["self", "start_vertex"], "returns": [["visited"]], "min_max_lineno": {"min_lineno": 39, "max_lineno": 71}, "calls": ["set", "queue.Queue", "set.add", "queue.put", "queue.empty", "queue.get", "queue.put", "set.add"], "store_vars_calls": {"visited": "set", "vertex": "queue.get"}}}}}, "main_info": {"main_flag": 1, "type": "script"}, "is_test": true}