{"file": {"path": "/Users/rakshithagnanasekaran/desktop/Python/graphs/breadth_first_search_2.py", "fileNameBase": "breadth_first_search_2", "extension": "py", "doc": {"long_description": "pseudo-code:\nbreadth_first_search(graph G, start vertex s):\n// all nodes initially unexplored\nmark s as explored\nlet Q = queue data structure, initialized with s\nwhile Q is non-empty:\n    remove the first node of Q, call it v\n    for each edge(v, w):  // for w in graph[v]\n        if w unexplored:\n            mark w as explored\n            add w to Q (at the end)", "short_description": "https://en.wikipedia.org/wiki/Breadth-first_search", "full": "https://en.wikipedia.org/wiki/Breadth-first_search\npseudo-code:\nbreadth_first_search(graph G, start vertex s):\n// all nodes initially unexplored\nmark s as explored\nlet Q = queue data structure, initialized with s\nwhile Q is non-empty:\n    remove the first node of Q, call it v\n    for each edge(v, w):  // for w in graph[v]\n        if w unexplored:\n            mark w as explored\n            add w to Q (at the end)"}}, "dependencies": [{"from_module": "__future__", "import": "annotations", "type": "external"}, {"from_module": "queue", "import": "Queue", "type": "external"}], "functions": {"breadth_first_search": {"doc": {"long_description": "'ABCDEF'", "short_description": ">>> ''.join(sorted(breadth_first_search(G, 'A')))"}, "args": ["graph", "start"], "returns": [["explored"]], "min_max_lineno": {"min_lineno": 29, "max_lineno": 44}, "calls": ["queue.Queue", "queue.put", "queue.empty", "queue.get", "explored.add", "queue.put"], "store_vars_calls": {"v": "queue.get"}}}, "main_info": {"main_flag": 1, "type": "script"}, "is_test": false}