{"file": {"path": "/Users/rakshithagnanasekaran/desktop/Python/graphs/check_cycle.py", "fileNameBase": "check_cycle", "extension": "py", "doc": {"short_description": "Program to check if a cycle is present in a given graph", "full": "Program to check if a cycle is present in a given graph"}}, "functions": {"check_cycle": {"doc": {"long_description": ">>> check_cycle(graph={0:[], 1:[0, 3], 2:[0, 4], 3:[5], 4:[5], 5:[]})\nFalse\n>>> check_cycle(graph={0:[1, 2], 1:[2], 2:[0, 3], 3:[3]})\nTrue", "short_description": "Returns True if graph is cyclic else False"}, "args": ["graph"], "min_max_lineno": {"min_lineno": 6, "max_lineno": 23}, "calls": ["set", "set", "check_cycle.depth_first_search"]}, "depth_first_search": {"doc": {"long_description": "If any neighbour is visited and in rec_stk then graph is cyclic.\n>>> graph = {0:[], 1:[0, 3], 2:[0, 4], 3:[5], 4:[5], 5:[]}\n>>> vertex, visited, rec_stk = 0, set(), set()\n>>> depth_first_search(graph, vertex, visited, rec_stk)\nFalse", "short_description": "Recur for all neighbours."}, "args": ["graph", "vertex", "visited", "rec_stk"], "min_max_lineno": {"min_lineno": 25, "max_lineno": 48}, "calls": ["visited.add", "rec_stk.add", "rec_stk.remove", "check_cycle.depth_first_search"]}}, "main_info": {"main_flag": 1, "type": "script"}, "is_test": false}