{"file": {"path": "/Users/rakshithagnanasekaran/desktop/Python/graphs/check_bipartite_graph_bfs.py", "fileNameBase": "check_bipartite_graph_bfs", "extension": "py"}, "dependencies": [{"from_module": "queue", "import": "Queue", "type": "external"}], "functions": {"checkBipartite": {"args": ["graph"], "min_max_lineno": {"min_lineno": 12, "max_lineno": 44}, "calls": ["queue.Queue", "range", "len", "len", "len", "queue.Queue.empty", "queue.Queue.get", "queue.Queue.put", "check_bipartite_graph_bfs.checkBipartite.bfs"], "store_vars_calls": {"queue": "Queue", "u": "queue.get"}, "functions": {"bfs": {"min_max_lineno": {"min_lineno": 17, "max_lineno": 35}, "calls": ["queue.empty", "queue.get", "queue.put"], "store_vars_calls": {"u": "queue.get"}}}}}, "main_info": {"main_flag": 1, "main_function": "check_bipartite_graph_bfs.print", "type": "script"}, "is_test": false}