{"file": {"path": "/Users/rakshithagnanasekaran/desktop/Python/graphs/check_bipartite_graph_dfs.py", "fileNameBase": "check_bipartite_graph_dfs", "extension": "py"}, "functions": {"check_bipartite_dfs": {"args": ["graph"], "min_max_lineno": {"min_lineno": 9, "max_lineno": 30}, "calls": ["range", "range", "len", "len", "len", "len", "check_bipartite_graph_dfs.check_bipartite_dfs.dfs"], "functions": {"dfs": {"args": ["v", "c"], "min_max_lineno": {"min_lineno": 13, "max_lineno": 19}, "calls": ["dfs"]}}}}, "body": {"calls": ["print", "check_bipartite_graph_dfs.check_bipartite_dfs"]}, "is_test": false}