{"file": {"path": "/Users/rakshithagnanasekaran/desktop/Python/graphs/connected_components.py", "fileNameBase": "connected_components", "extension": "py", "doc": {"long_description": "Finding connected components in graph", "short_description": "https://en.wikipedia.org/wiki/Component_(graph_theory)", "full": "https://en.wikipedia.org/wiki/Component_(graph_theory)\n\nFinding connected components in graph"}}, "functions": {"dfs": {"doc": {"long_description": "being in the same component as initial vertex\n>>> dfs(test_graph_1, 0, 5 * [False])\n[0, 1, 3, 2]\n>>> dfs(test_graph_2, 0, 6 * [False])\n[0, 1, 3, 2]", "short_description": "Use depth first search to find all vertices"}, "args": ["graph", "vert", "visited"], "min_max_lineno": {"min_lineno": 13, "max_lineno": 31}, "calls": ["connected_components.dfs"]}, "connected_components": {"doc": {"long_description": "and then returns the list of connected components\n>>> connected_components(test_graph_1)\n[[0, 1, 3, 2], [4, 5, 6]]\n>>> connected_components(test_graph_2)\n[[0, 1, 3, 2], [4], [5]]", "short_description": "This function takes graph as a parameter"}, "args": ["graph"], "returns": [["components_list"]], "min_max_lineno": {"min_lineno": 33, "max_lineno": 53}, "calls": ["len", "range", "connected_components.dfs", "components_list.append"], "store_vars_calls": {"graph_size": "len", "i_connected": "dfs"}}}, "main_info": {"main_flag": 1, "type": "script"}, "is_test": false}