{"file": {"path": "/Users/rakshithagnanasekaran/desktop/Python/graphs/depth_first_search_2.py", "fileNameBase": "depth_first_search_2", "extension": "py", "doc": {"short_description": "Author: OMKAR PATHAK ", "full": "Author: OMKAR PATHAK "}}, "classes": {"Graph": {"min_max_lineno": {"min_lineno": 6, "max_lineno": 44}, "methods": {"__init__": {"args": ["self"], "min_max_lineno": {"min_lineno": 7, "max_lineno": 9}}, "print_graph": {"args": ["self"], "min_max_lineno": {"min_lineno": 11, "max_lineno": 15}, "calls": ["print", "print", "str"]}, "add_edge": {"args": ["self", "from_vertex", "to_vertex"], "min_max_lineno": {"min_lineno": 17, "max_lineno": 24}, "calls": ["depth_first_search_2.Graph.vertex[].append"]}, "dfs": {"args": ["self"], "min_max_lineno": {"min_lineno": 25, "max_lineno": 33}, "calls": ["range", "len", "len", "depth_first_search_2.Graph.dfs_recursive"]}, "dfs_recursive": {"args": ["self", "start_vertex", "visited"], "min_max_lineno": {"min_lineno": 34, "max_lineno": 44}, "calls": ["print", "depth_first_search_2.Graph.dfs_recursive"]}}}}, "main_info": {"main_flag": 1, "main_function": "depth_first_search_2.Graph", "type": "script"}, "is_test": false}