{"file": {"path": "/Users/rakshithagnanasekaran/desktop/Python/graphs/depth_first_search.py", "fileNameBase": "depth_first_search", "extension": "py", "doc": {"short_description": "Non recursive implementation of a DFS algorithm.", "full": "Non recursive implementation of a DFS algorithm."}}, "dependencies": [{"from_module": "__future__", "import": "annotations", "type": "external"}], "functions": {"depth_first_search": {"doc": {"short_description": "Depth First Search on Graph", "args": {"graph": {"description": "directed graph in dictionary format"}, "start": {"description": "starting vertex as a string"}}, "returns": {"description": "the trace of the search\n>>> input_G = { \"A\": [\"B\", \"C\", \"D\"], \"B\": [\"A\", \"D\", \"E\"],\n... \"C\": [\"A\", \"F\"], \"D\": [\"B\", \"D\"], \"E\": [\"B\", \"F\"],\n... \"F\": [\"C\", \"E\", \"G\"], \"G\": [\"F\"] }\n>>> output_G = list({'A', 'B', 'C', 'D', 'E', 'F', 'G'})\n>>> all(x in output_G for x in list(depth_first_search(input_G, \"A\")))\nTrue\n>>> all(x in output_G for x in list(depth_first_search(input_G, \"G\")))\nTrue", "is_generator": false}}, "args": ["graph", "start"], "returns": [["explored"]], "min_max_lineno": {"min_lineno": 5, "max_lineno": 31}, "calls": ["set", "stack.pop", "explored.add", "reversed", "stack.append"], "store_vars_calls": {"v": "stack.pop"}}}, "main_info": {"main_flag": 1, "type": "script"}, "is_test": false}