{"file": {"path": "/Users/rakshithagnanasekaran/desktop/Python/graphs/dijkstra_2.py", "fileNameBase": "dijkstra_2", "extension": "py"}, "functions": {"printDist": {"args": ["dist", "V"], "min_max_lineno": {"min_lineno": 1, "max_lineno": 9}, "calls": ["print", "range", "print", "float", "print", "print", "int"]}, "minDist": {"args": ["mdist", "vset", "V"], "returns": [["minInd"]], "min_max_lineno": {"min_lineno": 11, "max_lineno": 19}, "calls": ["float", "range"], "store_vars_calls": {"minVal": "float"}}, "Dijkstra": {"args": ["graph", "V", "src"], "min_max_lineno": {"min_lineno": 21, "max_lineno": 39}, "calls": ["range", "dijkstra_2.printDist", "float", "dijkstra_2.minDist", "range", "range", "range", "float"], "store_vars_calls": {"u": "minDist"}}}, "main_info": {"main_flag": 1, "type": "script"}, "is_test": false}