{"file": {"path": "/Users/rakshithagnanasekaran/desktop/Python/graphs/dijkstra_algorithm.py", "fileNameBase": "dijkstra_algorithm", "extension": "py"}, "dependencies": [{"import": "math", "type": "external"}, {"import": "sys", "type": "external"}], "classes": {"PriorityQueue": {"min_max_lineno": {"min_lineno": 11, "max_lineno": 78}, "methods": {"__init__": {"args": ["self"], "min_max_lineno": {"min_lineno": 13, "max_lineno": 17}}, "isEmpty": {"args": ["self"], "min_max_lineno": {"min_lineno": 18, "max_lineno": 20}}, "min_heapify": {"args": ["self", "idx"], "min_max_lineno": {"min_lineno": 21, "max_lineno": 33}, "calls": ["dijkstra_algorithm.PriorityQueue.left", "dijkstra_algorithm.PriorityQueue.right", "dijkstra_algorithm.PriorityQueue.swap", "dijkstra_algorithm.PriorityQueue.min_heapify", "dijkstra_algorithm.PriorityQueue.array", "dijkstra_algorithm.PriorityQueue.array", "dijkstra_algorithm.PriorityQueue.array", "dijkstra_algorithm.PriorityQueue.array"], "store_vars_calls": {"lc": "self.left", "rc": "self.right"}}, "insert": {"args": ["self", "tup"], "min_max_lineno": {"min_lineno": 34, "max_lineno": 40}, "calls": ["dijkstra_algorithm.PriorityQueue.array.append", "dijkstra_algorithm.PriorityQueue.decrease_key"]}, "extract_min": {"args": ["self"], "returns": [["min_node"]], "min_max_lineno": {"min_lineno": 41, "max_lineno": 49}, "calls": ["dijkstra_algorithm.PriorityQueue.min_heapify"]}, "left": {"args": ["self", "i"], "min_max_lineno": {"min_lineno": 50, "max_lineno": 53}}, "right": {"args": ["self", "i"], "min_max_lineno": {"min_lineno": 54, "max_lineno": 57}}, "par": {"args": ["self", "i"], "min_max_lineno": {"min_lineno": 58, "max_lineno": 61}, "calls": ["math.floor"]}, "swap": {"args": ["self", "i", "j"], "min_max_lineno": {"min_lineno": 62, "max_lineno": 70}}, "decrease_key": {"args": ["self", "tup", "new_d"], "min_max_lineno": {"min_lineno": 71, "max_lineno": 78}, "calls": ["dijkstra_algorithm.PriorityQueue.swap", "dijkstra_algorithm.PriorityQueue.par", "dijkstra_algorithm.PriorityQueue.par", "dijkstra_algorithm.PriorityQueue.par"], "store_vars_calls": {"idx": "self.par"}}}}, "Graph": {"min_max_lineno": {"min_lineno": 80, "max_lineno": 167}, "methods": {"__init__": {"args": ["self", "num"], "min_max_lineno": {"min_lineno": 81, "max_lineno": 87}}, "add_edge": {"args": ["self", "u", "v", "w"], "min_max_lineno": {"min_lineno": 88, "max_lineno": 102}, "calls": ["dijkstra_algorithm.Graph.adjList.keys", "dijkstra_algorithm.Graph.adjList[].append", "dijkstra_algorithm.Graph.adjList.keys", "dijkstra_algorithm.Graph.adjList[].append"]}, "show_graph": {"args": ["self"], "min_max_lineno": {"min_lineno": 103, "max_lineno": 107}, "calls": ["print", "str"]}, "dijkstra": {"args": ["self", "src"], "min_max_lineno": {"min_lineno": 108, "max_lineno": 136}, "calls": ["dijkstra_algorithm.PriorityQueue", "dijkstra_algorithm.PriorityQueue.insert", "dijkstra_algorithm.Graph.adjList.keys", "dijkstra_algorithm.Graph.show_distances", "dijkstra_algorithm.PriorityQueue.isEmpty", "dijkstra_algorithm.PriorityQueue.extract_min", "dijkstra_algorithm.PriorityQueue.insert", "dijkstra_algorithm.PriorityQueue.decrease_key"], "store_vars_calls": {"Q": "PriorityQueue", "u": "Q.extract_min"}}, "show_distances": {"args": ["self", "src"], "min_max_lineno": {"min_lineno": 137, "max_lineno": 141}, "calls": ["print", "range", "print"]}, "show_path": {"args": ["self", "src", "dest"], "min_max_lineno": {"min_lineno": 142, "max_lineno": 167}, "calls": ["path.append", "path.reverse", "print", "print", "path.append", "print", "print"]}}}}, "main_info": {"main_flag": 1, "main_function": "dijkstra_algorithm.Graph", "type": "script"}, "is_test": false}