{"file": {"path": "/Users/rakshithagnanasekaran/desktop/Python/graphs/dijkstra.py", "fileNameBase": "dijkstra", "extension": "py", "doc": {"long_description": "DIJKSTRA(graph G, start vertex s, destination vertex d):\n\n//all nodes initially unexplored\n\n1 -  let H = min heap data structure, initialized with 0 and s [here 0 indicates\n     the distance from start vertex s]\n2 -  while H is non-empty:\n3 -    remove the first node and cost of H, call it U and cost\n4 -    if U has been previously explored:\n5 -      go to the while loop, line 2 //Once a node is explored there is no need\n         to make it again\n6 -    mark U as explored\n7 -    if U is d:\n8 -      return cost // total cost from start to destination vertex\n9 -    for each edge(U, V): c=cost of edge(U,V) // for V in graph[U]\n10 -     if V explored:\n11 -       go to next V in line 9\n12 -     total_cost = cost + c\n13 -     add (total_cost,V) to H\n\nYou can think at cost as a distance where Dijkstra finds the shortest distance\nbetween vertices s and v in a graph G. The use of a min heap as H guarantees\nthat if a vertex has already been explored there will be no other path with\nshortest distance, that happens because heapq.heappop will always return the\nnext vertex with the shortest distance, considering that the heap stores not\nonly the distance between previous vertex and current vertex but the entire\ndistance between each vertex that makes up the path from start vertex to target\nvertex.", "short_description": "pseudo-code", "full": "pseudo-code\n\nDIJKSTRA(graph G, start vertex s, destination vertex d):\n\n//all nodes initially unexplored\n\n1 -  let H = min heap data structure, initialized with 0 and s [here 0 indicates\n     the distance from start vertex s]\n2 -  while H is non-empty:\n3 -    remove the first node and cost of H, call it U and cost\n4 -    if U has been previously explored:\n5 -      go to the while loop, line 2 //Once a node is explored there is no need\n         to make it again\n6 -    mark U as explored\n7 -    if U is d:\n8 -      return cost // total cost from start to destination vertex\n9 -    for each edge(U, V): c=cost of edge(U,V) // for V in graph[U]\n10 -     if V explored:\n11 -       go to next V in line 9\n12 -     total_cost = cost + c\n13 -     add (total_cost,V) to H\n\nYou can think at cost as a distance where Dijkstra finds the shortest distance\nbetween vertices s and v in a graph G. The use of a min heap as H guarantees\nthat if a vertex has already been explored there will be no other path with\nshortest distance, that happens because heapq.heappop will always return the\nnext vertex with the shortest distance, considering that the heap stores not\nonly the distance between previous vertex and current vertex but the entire\ndistance between each vertex that makes up the path from start vertex to target\nvertex."}}, "dependencies": [{"import": "heapq", "type": "external"}], "functions": {"dijkstra": {"doc": {"long_description": ">>> dijkstra(G, \"E\", \"C\")\n6\n>>> dijkstra(G2, \"E\", \"F\")\n3\n>>> dijkstra(G3, \"E\", \"F\")\n3", "short_description": "Return the cost of the shortest path between vertices start and end."}, "args": ["graph", "start", "end"], "returns": [["cost"]], "min_max_lineno": {"min_lineno": 36, "max_lineno": 62}, "calls": ["set", "heapq.heappop", "set.add", "heapq.heappush"], "store_vars_calls": {"visited": "set"}}}, "body": {"calls": ["dijkstra.dijkstra", "dijkstra.dijkstra", "dijkstra.dijkstra", "print", "print", "print"], "store_vars_calls": {"shortDistance": "dijkstra"}}, "main_info": {"main_flag": 1, "type": "script"}, "is_test": false}