{"file": {"path": "/Users/rakshithagnanasekaran/desktop/Python/graphs/dinic.py", "fileNameBase": "dinic", "extension": "py"}, "classes": {"Dinic": {"min_max_lineno": {"min_lineno": 4, "max_lineno": 62}, "methods": {"__init__": {"args": ["self", "n"], "min_max_lineno": {"min_lineno": 5, "max_lineno": 10}, "calls": ["range"]}, "add_edge": {"args": ["self", "a", "b", "c", "rcap"], "min_max_lineno": {"min_lineno": 17, "max_lineno": 20}, "calls": ["dinic.Dinic.adj[].append", "dinic.Dinic.adj[].append", "len", "len"]}, "depth_first_search": {"args": ["self", "vertex", "sink", "flow"], "returns": [["flow"], ["p"]], "min_max_lineno": {"min_lineno": 22, "max_lineno": 36}, "calls": ["range", "len", "dinic.Dinic.depth_first_search", "min"], "store_vars_calls": {"p": "self.depth_first_search"}}, "max_flow": {"args": ["self", "source", "sink"], "returns": [["flow"]], "min_max_lineno": {"min_lineno": 38, "max_lineno": 62}, "calls": ["range", "dinic.Dinic.depth_first_search", "dinic.Dinic.depth_first_search", "len", "len"], "store_vars_calls": {"p": "self.depth_first_search"}}}}}, "body": {"calls": ["float", "dinic.Dinic", "print", "dinic.Dinic.max_flow"], "store_vars_calls": {"INF": "float", "graph": "Dinic"}}, "is_test": false}