{"file": {"path": "/Users/rakshithagnanasekaran/desktop/Python/graphs/directed_and_undirected_(weighted)_graph.py", "fileNameBase": "directed_and_undirected_(weighted)_graph", "extension": "py"}, "dependencies": [{"from_module": "collections", "import": "deque", "type": "external"}, {"from_module": "math", "import": "floor", "type": "external"}, {"from_module": "random", "import": "random", "type": "external"}, {"from_module": "time", "import": "time", "type": "external"}], "classes": {"DirectedGraph": {"min_max_lineno": {"min_lineno": 9, "max_lineno": 265}, "methods": {"__init__": {"args": ["self"], "min_max_lineno": {"min_lineno": 10, "max_lineno": 12}}, "add_pair": {"args": ["self", "u", "v", "w"], "min_max_lineno": {"min_lineno": 16, "max_lineno": 24}, "calls": ["directed_and_undirected_(weighted)_graph.DirectedGraph.graph.get", "directed_and_undirected_(weighted)_graph.DirectedGraph.graph.get", "directed_and_undirected_(weighted)_graph.DirectedGraph.graph[].count", "directed_and_undirected_(weighted)_graph.DirectedGraph.graph[].append"]}, "all_nodes": {"args": ["self"], "min_max_lineno": {"min_lineno": 25, "max_lineno": 27}, "calls": ["list"]}, "remove_pair": {"args": ["self", "u", "v"], "min_max_lineno": {"min_lineno": 29, "max_lineno": 34}, "calls": ["directed_and_undirected_(weighted)_graph.DirectedGraph.graph.get", "directed_and_undirected_(weighted)_graph.DirectedGraph.graph[].remove"]}, "dfs": {"args": ["self", "s", "d"], "returns": [["visited"], ["visited"]], "min_max_lineno": {"min_lineno": 36, "max_lineno": 73}, "calls": ["stack.append", "visited.append", "list", "len", "stack.pop", "len", "len", "visited.count", "visited.append", "stack.append", "visited.append", "len"]}, "fill_graph_randomly": {"args": ["self", "c"], "min_max_lineno": {"min_lineno": 76, "max_lineno": 85}, "calls": ["range", "range", "math.floor", "math.floor", "math.floor", "directed_and_undirected_(weighted)_graph.DirectedGraph.add_pair", "random.random.random", "random.random.random", "random.random.random"]}, "bfs": {"args": ["self", "s"], "returns": [["visited"]], "min_max_lineno": {"min_lineno": 86, "max_lineno": 101}, "calls": ["collections.deque", "collections.deque.append", "visited.append", "collections.deque.popleft", "list", "len", "visited.count", "collections.deque.append", "visited.append"], "store_vars_calls": {"d": "deque", "s": "d.popleft"}}, "in_degree": {"args": ["self", "u"], "returns": [["count"]], "min_max_lineno": {"min_lineno": 102, "max_lineno": 109}}, "out_degree": {"args": ["self", "u"], "min_max_lineno": {"min_lineno": 110, "max_lineno": 112}, "calls": ["len"]}, "topological_sort": {"args": ["self", "s"], "returns": [["sorted_nodes"]], "min_max_lineno": {"min_lineno": 113, "max_lineno": 145}, "calls": ["stack.append", "visited.append", "list", "len", "sorted_nodes.append", "len", "stack.pop", "len", "visited.count", "stack.append", "visited.append", "len"]}, "cycle_nodes": {"args": ["self"], "min_max_lineno": {"min_lineno": 146, "max_lineno": 198}, "calls": ["stack.append", "visited.append", "set", "list", "len", "stack.pop", "indirect_parents.append", "len", "list", "len", "visited.count", "stack.append", "visited.append", "visited.count", "indirect_parents.count", "len", "set.add", "set.add", "len"], "store_vars_calls": {"anticipating_nodes": "set"}}, "has_cycle": {"args": ["self"], "min_max_lineno": {"min_lineno": 199, "max_lineno": 253}, "calls": ["stack.append", "visited.append", "set", "list", "len", "stack.pop", "indirect_parents.append", "len", "len", "visited.count", "stack.append", "visited.append", "visited.count", "indirect_parents.count", "len", "set.add", "set.add", "len"], "store_vars_calls": {"anticipating_nodes": "set"}}, "dfs_time": {"args": ["self", "s", "e"], "min_max_lineno": {"min_lineno": 254, "max_lineno": 259}, "calls": ["time.time.time", "directed_and_undirected_(weighted)_graph.DirectedGraph.dfs", "time.time.time"], "store_vars_calls": {"begin": "time", "end": "time"}}, "bfs_time": {"args": ["self", "s"], "min_max_lineno": {"min_lineno": 260, "max_lineno": 265}, "calls": ["time.time.time", "directed_and_undirected_(weighted)_graph.DirectedGraph.bfs", "time.time.time"], "store_vars_calls": {"begin": "time", "end": "time"}}}}, "Graph": {"min_max_lineno": {"min_lineno": 267, "max_lineno": 497}, "methods": {"__init__": {"args": ["self"], "min_max_lineno": {"min_lineno": 268, "max_lineno": 270}}, "add_pair": {"args": ["self", "u", "v", "w"], "min_max_lineno": {"min_lineno": 274, "max_lineno": 291}, "calls": ["directed_and_undirected_(weighted)_graph.Graph.graph.get", "directed_and_undirected_(weighted)_graph.Graph.graph.get", "directed_and_undirected_(weighted)_graph.Graph.graph[].count", "directed_and_undirected_(weighted)_graph.Graph.graph[].append", "directed_and_undirected_(weighted)_graph.Graph.graph[].count", "directed_and_undirected_(weighted)_graph.Graph.graph[].append"]}, "remove_pair": {"args": ["self", "u", "v"], "min_max_lineno": {"min_lineno": 293, "max_lineno": 303}, "calls": ["directed_and_undirected_(weighted)_graph.Graph.graph.get", "directed_and_undirected_(weighted)_graph.Graph.graph.get", "directed_and_undirected_(weighted)_graph.Graph.graph[].remove", "directed_and_undirected_(weighted)_graph.Graph.graph[].remove"]}, "dfs": {"args": ["self", "s", "d"], "returns": [["visited"], ["visited"]], "min_max_lineno": {"min_lineno": 305, "max_lineno": 342}, "calls": ["stack.append", "visited.append", "list", "len", "stack.pop", "len", "len", "visited.count", "visited.append", "stack.append", "visited.append", "len"]}, "fill_graph_randomly": {"args": ["self", "c"], "min_max_lineno": {"min_lineno": 345, "max_lineno": 354}, "calls": ["range", "range", "math.floor", "math.floor", "math.floor", "directed_and_undirected_(weighted)_graph.Graph.add_pair", "random.random.random", "random.random.random", "random.random.random"]}, "bfs": {"args": ["self", "s"], "returns": [["visited"]], "min_max_lineno": {"min_lineno": 355, "max_lineno": 370}, "calls": ["collections.deque", "collections.deque.append", "visited.append", "collections.deque.popleft", "list", "len", "visited.count", "collections.deque.append", "visited.append"], "store_vars_calls": {"d": "deque", "s": "d.popleft"}}, "degree": {"args": ["self", "u"], "min_max_lineno": {"min_lineno": 371, "max_lineno": 373}, "calls": ["len"]}, "cycle_nodes": {"args": ["self"], "min_max_lineno": {"min_lineno": 374, "max_lineno": 426}, "calls": ["stack.append", "visited.append", "set", "list", "len", "stack.pop", "indirect_parents.append", "len", "list", "len", "visited.count", "stack.append", "visited.append", "visited.count", "indirect_parents.count", "len", "set.add", "set.add", "len"], "store_vars_calls": {"anticipating_nodes": "set"}}, "has_cycle": {"args": ["self"], "min_max_lineno": {"min_lineno": 427, "max_lineno": 482}, "calls": ["stack.append", "visited.append", "set", "list", "len", "stack.pop", "indirect_parents.append", "len", "len", "visited.count", "stack.append", "visited.append", "visited.count", "indirect_parents.count", "len", "set.add", "set.add", "len"], "store_vars_calls": {"anticipating_nodes": "set"}}, "all_nodes": {"args": ["self"], "min_max_lineno": {"min_lineno": 483, "max_lineno": 485}, "calls": ["list"]}, "dfs_time": {"args": ["self", "s", "e"], "min_max_lineno": {"min_lineno": 486, "max_lineno": 491}, "calls": ["time.time.time", "directed_and_undirected_(weighted)_graph.Graph.dfs", "time.time.time"], "store_vars_calls": {"begin": "time", "end": "time"}}, "bfs_time": {"args": ["self", "s"], "min_max_lineno": {"min_lineno": 492, "max_lineno": 497}, "calls": ["time.time.time", "directed_and_undirected_(weighted)_graph.Graph.bfs", "time.time.time"], "store_vars_calls": {"begin": "time", "end": "time"}}}}}, "is_test": false}