{"file": {"path": "/Users/rakshithagnanasekaran/desktop/Python/graphs/edmonds_karp_multiple_source_and_sink.py", "fileNameBase": "edmonds_karp_multiple_source_and_sink", "extension": "py"}, "classes": {"FlowNetwork": {"min_max_lineno": {"min_lineno": 1, "max_lineno": 58}, "methods": {"__init__": {"args": ["self", "graph", "sources", "sinks"], "min_max_lineno": {"min_lineno": 2, "max_lineno": 10}, "calls": ["edmonds_karp_multiple_source_and_sink.FlowNetwork._normalizeGraph", "len"], "store_vars_calls": {"self.verticesCount": "len"}}, "_normalizeGraph": {"args": ["self", "sources", "sinks"], "min_max_lineno": {"min_lineno": 12, "max_lineno": 46}, "calls": ["edmonds_karp_multiple_source_and_sink.FlowNetwork.graph.insert", "edmonds_karp_multiple_source_and_sink.FlowNetwork.graph.append", "len", "len", "len", "len", "sum", "len", "room.insert", "len", "room.append"]}, "findMaximumFlow": {"args": ["self"], "min_max_lineno": {"min_lineno": 47, "max_lineno": 55}, "calls": ["edmonds_karp_multiple_source_and_sink.FlowNetwork.maximumFlowAlgorithm.execute", "edmonds_karp_multiple_source_and_sink.FlowNetwork.maximumFlowAlgorithm.getMaximumFlow", "Exception"]}, "setMaximumFlowAlgorithm": {"args": ["self", "Algorithm"], "min_max_lineno": {"min_lineno": 56, "max_lineno": 58}, "calls": ["Algorithm"], "store_vars_calls": {"self.maximumFlowAlgorithm": "Algorithm"}}}}, "FlowNetworkAlgorithmExecutor": {"min_max_lineno": {"min_lineno": 60, "max_lineno": 79}, "methods": {"__init__": {"args": ["self", "flowNetwork"], "min_max_lineno": {"min_lineno": 61, "max_lineno": 70}}, "execute": {"args": ["self"], "min_max_lineno": {"min_lineno": 71, "max_lineno": 75}, "calls": ["edmonds_karp_multiple_source_and_sink.FlowNetworkAlgorithmExecutor._algorithm"]}, "_algorithm": {"args": ["self"], "min_max_lineno": {"min_lineno": 77, "max_lineno": 79}}}}, "MaximumFlowAlgorithmExecutor": {"extend": ["FlowNetworkAlgorithmExecutor"], "min_max_lineno": {"min_lineno": 81, "max_lineno": 92}, "methods": {"__init__": {"args": ["self", "flowNetwork"], "min_max_lineno": {"min_lineno": 82, "max_lineno": 86}, "calls": ["edmonds_karp_multiple_source_and_sink.FlowNetworkAlgorithmExecutor.__init__"]}, "getMaximumFlow": {"args": ["self"], "min_max_lineno": {"min_lineno": 87, "max_lineno": 92}, "calls": ["Exception"]}}}, "PushRelabelExecutor": {"extend": ["MaximumFlowAlgorithmExecutor"], "min_max_lineno": {"min_lineno": 94, "max_lineno": 171}, "methods": {"__init__": {"args": ["self", "flowNetwork"], "min_max_lineno": {"min_lineno": 95, "max_lineno": 102}, "calls": ["edmonds_karp_multiple_source_and_sink.MaximumFlowAlgorithmExecutor.__init__", "range"]}, "_algorithm": {"args": ["self"], "min_max_lineno": {"min_lineno": 103, "max_lineno": 134}, "calls": ["enumerate", "sum", "len", "edmonds_karp_multiple_source_and_sink.PushRelabelExecutor.processVertex", "range", "verticesList.insert", "verticesList.pop"], "store_vars_calls": {"self.maximumFlow": "sum"}}, "processVertex": {"args": ["self", "vertexIndex"], "min_max_lineno": {"min_lineno": 135, "max_lineno": 148}, "calls": ["range", "edmonds_karp_multiple_source_and_sink.PushRelabelExecutor.relabel", "edmonds_karp_multiple_source_and_sink.PushRelabelExecutor.push"]}, "push": {"args": ["self", "fromIndex", "toIndex"], "min_max_lineno": {"min_lineno": 149, "max_lineno": 158}, "calls": ["min"], "store_vars_calls": {"preflowDelta": "min"}}, "relabel": {"args": ["self", "vertexIndex"], "min_max_lineno": {"min_lineno": 159, "max_lineno": 171}, "calls": ["range"]}}}}, "main_info": {"main_flag": 1, "main_function": "edmonds_karp_multiple_source_and_sink.FlowNetwork", "type": "script"}, "is_test": false}