{"file": {"path": "/Users/rakshithagnanasekaran/desktop/Python/graphs/eulerian_path_and_circuit_for_undirected_graph.py", "fileNameBase": "eulerian_path_and_circuit_for_undirected_graph", "extension": "py"}, "functions": {"dfs": {"args": ["u", "graph", "visited_edge", "path"], "returns": [["path"]], "min_max_lineno": {"min_lineno": 9, "max_lineno": 16}, "calls": ["eulerian_path_and_circuit_for_undirected_graph.dfs"], "store_vars_calls": {"path": "dfs"}}, "check_circuit_or_path": {"args": ["graph", "max_node"], "returns": [["odd_node"], ["odd_node"], ["odd_node"]], "min_max_lineno": {"min_lineno": 19, "max_lineno": 33}, "calls": ["range", "graph.keys", "len"]}, "check_euler": {"args": ["graph", "max_node"], "min_max_lineno": {"min_lineno": 35, "max_lineno": 50}, "calls": ["eulerian_path_and_circuit_for_undirected_graph.check_circuit_or_path", "eulerian_path_and_circuit_for_undirected_graph.dfs", "print", "print", "print", "print", "print", "range", "range"], "store_vars_calls": {"path": "dfs"}}, "main": {"min_max_lineno": {"min_lineno": 52, "max_lineno": 68}, "calls": ["eulerian_path_and_circuit_for_undirected_graph.check_euler", "eulerian_path_and_circuit_for_undirected_graph.check_euler", "eulerian_path_and_circuit_for_undirected_graph.check_euler", "eulerian_path_and_circuit_for_undirected_graph.check_euler", "eulerian_path_and_circuit_for_undirected_graph.check_euler"]}}, "main_info": {"main_flag": 1, "main_function": "eulerian_path_and_circuit_for_undirected_graph.main", "type": "script"}, "is_test": false}