{"file": {"path": "/Users/rakshithagnanasekaran/desktop/Python/graphs/even_tree.py", "fileNameBase": "even_tree", "extension": "py", "doc": {"long_description": "nodes numbered from 1 to N and is rooted at node 1.\n\nFind the maximum number of edges you can remove from the tree to get a forest\nsuch that each connected component of the forest contains an even number of\nnodes.\n\nConstraints\n2 <= 2 <= 100\n\nNote: The tree input will be such that it can always be decomposed into\ncomponents containing an even number of nodes.", "short_description": "You are given a tree(a simple connected graph with no cycles). The tree has N", "full": "You are given a tree(a simple connected graph with no cycles). The tree has N\nnodes numbered from 1 to N and is rooted at node 1.\n\nFind the maximum number of edges you can remove from the tree to get a forest\nsuch that each connected component of the forest contains an even number of\nnodes.\n\nConstraints\n2 <= 2 <= 100\n\nNote: The tree input will be such that it can always be decomposed into\ncomponents containing an even number of nodes."}}, "dependencies": [{"from_module": "collections", "import": "defaultdict", "type": "external"}], "functions": {"dfs": {"doc": {"short_description": "DFS traversal"}, "args": ["start"], "returns": [["ret"]], "min_max_lineno": {"min_lineno": 19, "max_lineno": 30}, "calls": ["cuts.append", "even_tree.dfs"]}, "even_tree": {"doc": {"long_description": "3 1\n4 3\n5 2\n6 1\n7 2\n8 6\n9 8\n10 8\nOn removing edges (1,3) and (1,6), we can get the desired result 2.", "short_description": "2 1"}, "min_max_lineno": {"min_lineno": 32, "max_lineno": 46}, "calls": ["even_tree.dfs"]}}, "main_info": {"main_flag": 1, "type": "script"}, "is_test": false}