{"file": {"path": "/Users/rakshithagnanasekaran/desktop/Python/graphs/finding_bridges.py", "fileNameBase": "finding_bridges", "extension": "py", "doc": {"long_description": "be increased by one. Bridges represent vulnerabilities in a connected network and are\nuseful for designing reliable networks. For example, in a wired computer network, an\narticulation point indicates the critical computers and a bridge indicates the critical\nwires or connections.\n\nFor more details, refer this article:\nhttps://www.geeksforgeeks.org/bridge-in-a-graph/", "short_description": "An edge is a bridge if, after removing it count of connected components in graph will", "full": "An edge is a bridge if, after removing it count of connected components in graph will\nbe increased by one. Bridges represent vulnerabilities in a connected network and are\nuseful for designing reliable networks. For example, in a wired computer network, an\narticulation point indicates the critical computers and a bridge indicates the critical\nwires or connections.\n\nFor more details, refer this article:\nhttps://www.geeksforgeeks.org/bridge-in-a-graph/"}}, "functions": {"__get_demo_graph": {"args": ["index"], "min_max_lineno": {"min_lineno": 13, "max_lineno": 58}}, "compute_bridges": {"doc": {"long_description": ">>> compute_bridges(__get_demo_graph(0))\n[(3, 4), (2, 3), (2, 5)]\n>>> compute_bridges(__get_demo_graph(1))\n[(6, 7), (0, 6), (1, 9), (3, 4), (2, 4), (2, 5)]\n>>> compute_bridges(__get_demo_graph(2))\n[(1, 6), (4, 6), (0, 4)]\n>>> compute_bridges(__get_demo_graph(3))\n[]\n>>> compute_bridges({})\n[]", "short_description": "Return the list of undirected graph bridges [(a1, b1), ..., (ak, bk)]; ai <= bi"}, "args": ["graph"], "returns": [["bridges"]], "min_max_lineno": {"min_lineno": 60, "max_lineno": 101}, "calls": ["len", "range", "finding_bridges.compute_bridges.dfs"], "store_vars_calls": {"n": "len"}, "functions": {"dfs": {"args": ["at", "parent", "bridges", "id"], "min_max_lineno": {"min_lineno": 80, "max_lineno": 95}, "calls": ["dfs", "min", "min", "bridges.append"]}}}}, "main_info": {"main_flag": 1, "type": "script"}, "is_test": false}