{"file": {"path": "/Users/rakshithagnanasekaran/desktop/Python/graphs/frequent_pattern_graph_miner.py", "fileNameBase": "frequent_pattern_graph_miner", "extension": "py", "doc": {"long_description": "A novel Frequent Pattern Graph Mining algorithm, FP-GraphMiner, that compactly\nrepresents a set of network graphs as a Frequent Pattern Graph (or FP-Graph).\nThis graph can be used to efficiently mine frequent subgraphs including maximal\nfrequent subgraphs and maximum common subgraphs.\n\nURL: https://www.researchgate.net/publication/235255851", "short_description": "FP-GraphMiner - A Fast Frequent Pattern Mining Algorithm for Network Graphs", "full": "FP-GraphMiner - A Fast Frequent Pattern Mining Algorithm for Network Graphs\n\nA novel Frequent Pattern Graph Mining algorithm, FP-GraphMiner, that compactly\nrepresents a set of network graphs as a Frequent Pattern Graph (or FP-Graph).\nThis graph can be used to efficiently mine frequent subgraphs including maximal\nfrequent subgraphs and maximum common subgraphs.\n\nURL: https://www.researchgate.net/publication/235255851"}}, "functions": {"get_distinct_edge": {"doc": {"long_description": ">>> sorted(get_distinct_edge(edge_array))\n['a', 'b', 'c', 'd', 'e', 'f', 'g', 'h']", "short_description": "Return Distinct edges from edge array of multiple graphs"}, "args": ["edge_array"], "min_max_lineno": {"min_lineno": 26, "max_lineno": 37}, "calls": ["set", "list", "set.add"], "store_vars_calls": {"distinct_edge": "set"}}, "get_bitcode": {"doc": {"short_description": "Return bitcode of distinct_edge"}, "args": ["edge_array", "distinct_edge"], "min_max_lineno": {"min_lineno": 39, "max_lineno": 50}, "calls": ["enumerate", "len"]}, "get_frequency_table": {"doc": {"short_description": "Returns Frequency Table"}, "args": ["edge_array"], "returns": [["sorted_frequency_table"]], "min_max_lineno": {"min_lineno": 52, "max_lineno": 71}, "calls": ["frequent_pattern_graph_miner.get_distinct_edge", "dict", "frequent_pattern_graph_miner.get_bitcode", "get_bitcode.count", "sorted", "dict.items"], "store_vars_calls": {"distinct_edge": "get_distinct_edge", "frequency_table": "dict", "bit": "get_bitcode", "s": "bit.count"}}, "get_nodes": {"doc": {"long_description": "format nodes={bitcode:edges that represent the bitcode}\n>>> get_nodes([['ab', 5, '11111'], ['ac', 5, '11111'], ['df', 5, '11111'],\n...            ['bd', 5, '11111'], ['bc', 5, '11111']])\n{'11111': ['ab', 'ac', 'df', 'bd', 'bc']}", "short_description": "Returns nodes"}, "args": ["frequency_table"], "returns": [["nodes"]], "min_max_lineno": {"min_lineno": 73, "max_lineno": 85}, "calls": ["enumerate", "nodes.setdefault().append", "nodes.setdefault"]}, "get_cluster": {"doc": {"long_description": "format cluster:{WT(bitcode):nodes with same WT}", "short_description": "Returns cluster"}, "args": ["nodes"], "returns": [["cluster"]], "min_max_lineno": {"min_lineno": 87, "max_lineno": 96}, "calls": ["nodes.items", "cluster.setdefault", "key.count"]}, "get_support": {"doc": {"long_description": ">>> get_support({5: {'11111': ['ab', 'ac', 'df', 'bd', 'bc']},\n...              4: {'11101': ['ef', 'eg', 'de', 'fg'], '11011': ['cd']},\n...              3: {'11001': ['ad'], '10101': ['dg']},\n...              2: {'10010': ['dh', 'bh'], '11000': ['be'], '10100': ['gh'],\n...                  '10001': ['ce']},\n...              1: {'00100': ['fh', 'eh'], '10000': ['hi']}})\n[100.0, 80.0, 60.0, 40.0, 20.0]", "short_description": "Returns support"}, "args": ["cluster"], "min_max_lineno": {"min_lineno": 98, "max_lineno": 110}, "calls": ["len"]}, "print_all": {"min_max_lineno": {"min_lineno": 112, "max_lineno": 127}, "calls": ["print", "nodes.items", "print", "print", "print", "sorted", "print", "graph.items", "print", "print", "cluster.items", "print", "print", "print"]}, "create_edge": {"doc": {"short_description": "create edge between the nodes"}, "args": ["nodes", "graph", "cluster", "c1"], "min_max_lineno": {"min_lineno": 129, "max_lineno": 151}, "calls": ["cluster[].keys", "max", "cluster[].keys", "cluster.keys", "int", "int", "int", "tuple", "graph[].append", "tuple", "tuple"]}, "construct_graph": {"args": ["cluster", "nodes"], "returns": [["graph"]], "min_max_lineno": {"min_lineno": 153, "max_lineno": 169}, "calls": ["frequent_pattern_graph_miner.create_edge", "max", "tuple", "graph[].append", "max", "cluster.keys", "max", "tuple", "cluster.keys", "tuple", "tuple"]}, "myDFS": {"doc": {"short_description": "find different DFS walk from given node to Header node"}, "args": ["graph", "start", "end", "path"], "min_max_lineno": {"min_lineno": 171, "max_lineno": 181}, "calls": ["paths.append", "tuple", "frequent_pattern_graph_miner.myDFS", "tuple"]}, "find_freq_subgraph_given_support": {"doc": {"short_description": "find edges of multiple frequent subgraphs"}, "args": ["s", "cluster", "graph"], "min_max_lineno": {"min_lineno": 183, "max_lineno": 190}, "calls": ["int", "cluster[].keys", "frequent_pattern_graph_miner.myDFS", "tuple", "tuple", "len"], "store_vars_calls": {"k": "int"}}, "freq_subgraphs_edge_list": {"doc": {"short_description": "returns Edge list for frequent subgraphs"}, "args": ["paths"], "returns": [["freq_sub_EL"]], "min_max_lineno": {"min_lineno": 192, "max_lineno": 206}, "calls": ["range", "freq_sub_EL.append", "list", "len", "EL.append"], "store_vars_calls": {"temp": "list"}}, "preprocess": {"doc": {"long_description": ">>> preprocess([['ab-e1', 'ac-e3', 'ad-e5', 'bc-e4', 'bd-e2', 'be-e6', 'bh-e12',\n...              'cd-e2', 'ce-e4', 'de-e1', 'df-e8', 'dg-e5', 'dh-e10', 'ef-e3',\n...              'eg-e2', 'fg-e6', 'gh-e6', 'hi-e3']])", "short_description": "Preprocess the edge array"}, "args": ["edge_array"], "min_max_lineno": {"min_lineno": 208, "max_lineno": 220}, "calls": ["range", "len", "range", "len", "[].split"], "store_vars_calls": {"t": "[].split"}}}, "main_info": {"main_flag": 1, "main_function": "frequent_pattern_graph_miner.preprocess", "type": "script"}, "is_test": false}