{"file": {"path": "/Users/rakshithagnanasekaran/desktop/Python/graphs/g_topological_sort.py", "fileNameBase": "g_topological_sort", "extension": "py"}, "functions": {"print_stack": {"args": ["stack", "clothes"], "min_max_lineno": {"min_lineno": 21, "max_lineno": 27}, "calls": ["stack.pop", "print"], "store_vars_calls": {"current_clothing": "stack.pop"}}, "depth_first_search": {"args": ["u", "visited", "graph"], "min_max_lineno": {"min_lineno": 29, "max_lineno": 36}, "calls": ["stack.append", "g_topological_sort.depth_first_search"]}, "topological_sort": {"args": ["graph", "visited"], "min_max_lineno": {"min_lineno": 38, "max_lineno": 42}, "calls": ["range", "len", "g_topological_sort.depth_first_search"]}}, "main_info": {"main_flag": 1, "main_function": "g_topological_sort.topological_sort", "type": "script"}, "is_test": false}