{"file": {"path": "/Users/rakshithagnanasekaran/desktop/Python/graphs/gale_shapley_bigraph.py", "fileNameBase": "gale_shapley_bigraph", "extension": "py"}, "dependencies": [{"from_module": "__future__", "import": "annotations", "type": "external"}], "functions": {"stable_matching": {"doc": {"long_description": "prefer each other over their partner.  The function accepts the preferences of\noegan donors and recipients (where both are assigned numbers from 0 to n-1) and\nreturns a list where the index position corresponds to the donor and value at the\nindex is the organ recipient.\n\nTo better understand the algorithm, see also:\nhttps://github.com/akashvshroff/Gale_Shapley_Stable_Matching (README).\nhttps://www.youtube.com/watch?v=Qcv1IqHWAzg&t=13s (Numberphile YouTube).\n\n>>> donor_pref = [[0, 1, 3, 2], [0, 2, 3, 1], [1, 0, 2, 3], [0, 3, 1, 2]]\n>>> recipient_pref = [[3, 1, 2, 0], [3, 1, 0, 2], [0, 3, 1, 2], [1, 0, 3, 2]]\n>>> print(stable_matching(donor_pref, recipient_pref))\n[1, 2, 3, 0]", "short_description": "Finds the stable match in any bipartite graph, i.e a pairing where no 2 objects"}, "args": ["donor_pref", "recipient_pref"], "returns": [["donor_record"]], "min_max_lineno": {"min_lineno": 4, "max_lineno": 50}, "calls": ["len", "list", "len", "len", "range", "list.remove", "rec_preference.index", "rec_preference.index", "list.append", "list.remove"], "store_vars_calls": {"n": "len", "unmatched_donors": "list"}}}, "is_test": true}