{"file": {"path": "/Users/rakshithagnanasekaran/desktop/Python/graphs/graphs_floyd_warshall.py", "fileNameBase": "graphs_floyd_warshall", "extension": "py", "doc": {"long_description": "weighted directed graph that can have negative edge weights.", "short_description": "The problem is to find the shortest distance between all pairs of vertices in a", "full": "The problem is to find the shortest distance between all pairs of vertices in a\nweighted directed graph that can have negative edge weights."}}, "functions": {"_print_dist": {"args": ["dist", "v"], "min_max_lineno": {"min_lineno": 8, "max_lineno": 17}, "calls": ["print", "range", "range", "print", "float", "print", "print", "int"]}, "floyd_warshall": {"doc": {"args": {"graph": {"description": "2D array calculated from weight[edge[i, j]]"}, "v": {"description": "number of vertices"}}, "returns": {"description": "shortest distance between all vertex pairs\ndistance[u][v] will contain the shortest distance from vertex u to v.\n\n1. For all edges from v to n, distance[i][j] = weight(edge(i, j)).\n3. The algorithm then performs distance[i][j] = min(distance[i][j], distance[i][k] +\n    distance[k][j]) for each possible pair i, j of vertices.\n4. The above is repeated for each vertex k in the graph.\n5. Whenever distance[i][j] is given a new minimum value, next vertex[i][j] is\n    updated to the next vertex[i][k].", "is_generator": false}}, "args": ["graph", "v"], "returns": [["dist", "v"]], "min_max_lineno": {"min_lineno": 19, "max_lineno": 57}, "calls": ["range", "range", "graphs_floyd_warshall._print_dist", "range", "range", "float", "range", "range", "range", "float", "float"]}}, "main_info": {"main_flag": 1, "type": "script"}, "is_test": false}