{"file": {"path": "/Users/rakshithagnanasekaran/desktop/Python/graphs/graph_list.py", "fileNameBase": "graph_list", "extension": "py"}, "dependencies": [{"from_module": "__future__", "import": "annotations", "type": "external"}, {"from_module": "pprint", "import": "pformat", "type": "external"}, {"from_module": "typing", "import": "Generic", "type": "external"}, {"from_module": "typing", "import": "TypeVar", "type": "external"}], "classes": {"GraphAdjacencyList": {"doc": {"long_description": "Graphs.  Initialize graph object indicating whether it's directed or undirected.\n\nDirected graph example:\n>>> d_graph = GraphAdjacencyList()\n>>> d_graph\n{}\n>>> d_graph.add_edge(0, 1)\n{0: [1], 1: []}\n>>> d_graph.add_edge(1, 2).add_edge(1, 4).add_edge(1, 5)\n{0: [1], 1: [2, 4, 5], 2: [], 4: [], 5: []}\n>>> d_graph.add_edge(2, 0).add_edge(2, 6).add_edge(2, 7)\n{0: [1], 1: [2, 4, 5], 2: [0, 6, 7], 4: [], 5: [], 6: [], 7: []}\n>>> print(d_graph)\n{0: [1], 1: [2, 4, 5], 2: [0, 6, 7], 4: [], 5: [], 6: [], 7: []}\n>>> print(repr(d_graph))\n{0: [1], 1: [2, 4, 5], 2: [0, 6, 7], 4: [], 5: [], 6: [], 7: []}\n\nUndirected graph example:\n>>> u_graph = GraphAdjacencyList(directed=False)\n>>> u_graph.add_edge(0, 1)\n{0: [1], 1: [0]}\n>>> u_graph.add_edge(1, 2).add_edge(1, 4).add_edge(1, 5)\n{0: [1], 1: [0, 2, 4, 5], 2: [1], 4: [1], 5: [1]}\n>>> u_graph.add_edge(2, 0).add_edge(2, 6).add_edge(2, 7)\n{0: [1, 2], 1: [0, 2, 4, 5], 2: [1, 0, 6, 7], 4: [1], 5: [1], 6: [2], 7: [2]}\n>>> u_graph.add_edge(4, 5)\n{0: [1, 2],\n 1: [0, 2, 4, 5],\n 2: [1, 0, 6, 7],\n 4: [1, 5],\n 5: [1, 4],\n 6: [2],\n 7: [2]}\n>>> print(u_graph)\n{0: [1, 2],\n 1: [0, 2, 4, 5],\n 2: [1, 0, 6, 7],\n 4: [1, 5],\n 5: [1, 4],\n 6: [2],\n 7: [2]}\n>>> print(repr(u_graph))\n{0: [1, 2],\n 1: [0, 2, 4, 5],\n 2: [1, 0, 6, 7],\n 4: [1, 5],\n 5: [1, 4],\n 6: [2],\n 7: [2]}\n >>> char_graph = GraphAdjacencyList(directed=False)\n >>> char_graph.add_edge('a', 'b')\n {'a': ['b'], 'b': ['a']}\n >>> char_graph.add_edge('b', 'c').add_edge('b', 'e').add_edge('b', 'f')\n {'a': ['b'], 'b': ['a', 'c', 'e', 'f'], 'c': ['b'], 'e': ['b'], 'f': ['b']}\n >>> print(char_graph)\n {'a': ['b'], 'b': ['a', 'c', 'e', 'f'], 'c': ['b'], 'e': ['b'], 'f': ['b']}", "short_description": "Adjacency List type Graph Data Structure that accounts for directed and undirected", "full": "Adjacency List type Graph Data Structure that accounts for directed and undirected\nGraphs.  Initialize graph object indicating whether it's directed or undirected.\n\nDirected graph example:\n>>> d_graph = GraphAdjacencyList()\n>>> d_graph\n{}\n>>> d_graph.add_edge(0, 1)\n{0: [1], 1: []}\n>>> d_graph.add_edge(1, 2).add_edge(1, 4).add_edge(1, 5)\n{0: [1], 1: [2, 4, 5], 2: [], 4: [], 5: []}\n>>> d_graph.add_edge(2, 0).add_edge(2, 6).add_edge(2, 7)\n{0: [1], 1: [2, 4, 5], 2: [0, 6, 7], 4: [], 5: [], 6: [], 7: []}\n>>> print(d_graph)\n{0: [1], 1: [2, 4, 5], 2: [0, 6, 7], 4: [], 5: [], 6: [], 7: []}\n>>> print(repr(d_graph))\n{0: [1], 1: [2, 4, 5], 2: [0, 6, 7], 4: [], 5: [], 6: [], 7: []}\n\nUndirected graph example:\n>>> u_graph = GraphAdjacencyList(directed=False)\n>>> u_graph.add_edge(0, 1)\n{0: [1], 1: [0]}\n>>> u_graph.add_edge(1, 2).add_edge(1, 4).add_edge(1, 5)\n{0: [1], 1: [0, 2, 4, 5], 2: [1], 4: [1], 5: [1]}\n>>> u_graph.add_edge(2, 0).add_edge(2, 6).add_edge(2, 7)\n{0: [1, 2], 1: [0, 2, 4, 5], 2: [1, 0, 6, 7], 4: [1], 5: [1], 6: [2], 7: [2]}\n>>> u_graph.add_edge(4, 5)\n{0: [1, 2],\n 1: [0, 2, 4, 5],\n 2: [1, 0, 6, 7],\n 4: [1, 5],\n 5: [1, 4],\n 6: [2],\n 7: [2]}\n>>> print(u_graph)\n{0: [1, 2],\n 1: [0, 2, 4, 5],\n 2: [1, 0, 6, 7],\n 4: [1, 5],\n 5: [1, 4],\n 6: [2],\n 7: [2]}\n>>> print(repr(u_graph))\n{0: [1, 2],\n 1: [0, 2, 4, 5],\n 2: [1, 0, 6, 7],\n 4: [1, 5],\n 5: [1, 4],\n 6: [2],\n 7: [2]}\n >>> char_graph = GraphAdjacencyList(directed=False)\n >>> char_graph.add_edge('a', 'b')\n {'a': ['b'], 'b': ['a']}\n >>> char_graph.add_edge('b', 'c').add_edge('b', 'e').add_edge('b', 'f')\n {'a': ['b'], 'b': ['a', 'c', 'e', 'f'], 'c': ['b'], 'e': ['b'], 'f': ['b']}\n >>> print(char_graph)\n {'a': ['b'], 'b': ['a', 'c', 'e', 'f'], 'c': ['b'], 'e': ['b'], 'f': ['b']}"}, "min_max_lineno": {"min_lineno": 14, "max_lineno": 151}, "methods": {"__init__": {"doc": {"long_description": "directed: (bool) Indicates if graph is directed or undirected. Default is True.", "short_description": "Parameters:"}, "args": ["self", "directed"], "min_max_lineno": {"min_lineno": 75, "max_lineno": 83}}, "add_edge": {"doc": {"long_description": "vertex.\nVertices will be created if not found in graph", "short_description": "Connects vertices together. Creates and Edge from source vertex to destination"}, "args": ["self", "source_vertex", "destination_vertex"], "returns": [["self"]], "min_max_lineno": {"min_lineno": 84, "max_lineno": 148}, "calls": ["graph_list.GraphAdjacencyList.adj_list[].append", "graph_list.GraphAdjacencyList.adj_list[].append", "graph_list.GraphAdjacencyList.adj_list[].append", "graph_list.GraphAdjacencyList.adj_list[].append", "graph_list.GraphAdjacencyList.adj_list[].append", "graph_list.GraphAdjacencyList.adj_list[].append"]}, "__repr__": {"args": ["self"], "min_max_lineno": {"min_lineno": 149, "max_lineno": 151}, "calls": ["pprint.pformat"]}}}}, "body": {"calls": ["typing.TypeVar"], "store_vars_calls": {"T": "TypeVar"}}, "is_test": false}