{"file": {"path": "/Users/rakshithagnanasekaran/desktop/Python/graphs/graph_matrix.py", "fileNameBase": "graph_matrix", "extension": "py"}, "classes": {"Graph": {"min_max_lineno": {"min_lineno": 1, "max_lineno": 16}, "methods": {"__init__": {"args": ["self", "vertex"], "min_max_lineno": {"min_lineno": 2, "max_lineno": 5}, "calls": ["range"]}, "add_edge": {"args": ["self", "u", "v"], "min_max_lineno": {"min_lineno": 6, "max_lineno": 9}}, "show": {"args": ["self"], "min_max_lineno": {"min_lineno": 10, "max_lineno": 16}, "calls": ["print", "print"]}}}}, "body": {"calls": ["graph_matrix.Graph", "graph_matrix.Graph.add_edge", "graph_matrix.Graph.add_edge", "graph_matrix.Graph.add_edge", "graph_matrix.Graph.add_edge", "graph_matrix.Graph.add_edge", "graph_matrix.Graph.show"], "store_vars_calls": {"g": "Graph"}}, "is_test": false}