{"file": {"path": "/Users/rakshithagnanasekaran/desktop/Python/graphs/greedy_best_first.py", "fileNameBase": "greedy_best_first", "extension": "py", "doc": {"short_description": "https://en.wikipedia.org/wiki/Best-first_search#Greedy_BFS", "full": "https://en.wikipedia.org/wiki/Best-first_search#Greedy_BFS"}}, "dependencies": [{"from_module": "__future__", "import": "annotations", "type": "external"}], "classes": {"Node": {"doc": {"long_description": ">>> k.calculate_heuristic()\n9\n>>> n = Node(1, 4, 3, 4, 2, None)\n>>> n.calculate_heuristic()\n2\n>>> l = [k, n]\n>>> n == l[0]\nFalse\n>>> l.sort()\n>>> n == l[0]\nTrue", "short_description": ">>> k = Node(0, 0, 4, 5, 0, None)", "full": ">>> k = Node(0, 0, 4, 5, 0, None)\n>>> k.calculate_heuristic()\n9\n>>> n = Node(1, 4, 3, 4, 2, None)\n>>> n.calculate_heuristic()\n2\n>>> l = [k, n]\n>>> n == l[0]\nFalse\n>>> l.sort()\n>>> n == l[0]\nTrue"}, "min_max_lineno": {"min_lineno": 22, "max_lineno": 67}, "methods": {"__init__": {"args": ["self", "pos_x", "pos_y", "goal_x", "goal_y", "g_cost", "parent"], "min_max_lineno": {"min_lineno": 38, "max_lineno": 55}, "calls": ["greedy_best_first.Node.calculate_heuristic"], "store_vars_calls": {"self.f_cost": "self.calculate_heuristic"}}, "calculate_heuristic": {"doc": {"long_description": "Could elaborate to offer more than one choice", "short_description": "The heuristic here is the Manhattan Distance"}, "args": ["self"], "min_max_lineno": {"min_lineno": 56, "max_lineno": 64}, "calls": ["abs", "abs"], "store_vars_calls": {"dy": "abs", "dx": "abs"}}, "__lt__": {"args": ["self", "other"], "min_max_lineno": {"min_lineno": 65, "max_lineno": 67}}}}, "GreedyBestFirst": {"doc": {"long_description": ">>> [x.pos for x in gbf.get_successors(gbf.start)]\n[(1, 0), (0, 1)]\n>>> (gbf.start.pos_y + delta[3][0], gbf.start.pos_x + delta[3][1])\n(0, 1)\n>>> (gbf.start.pos_y + delta[2][0], gbf.start.pos_x + delta[2][1])\n(1, 0)\n>>> gbf.retrace_path(gbf.start)\n[(0, 0)]\n>>> gbf.search()  # doctest: +NORMALIZE_WHITESPACE\n[(0, 0), (1, 0), (2, 0), (3, 0), (3, 1), (4, 1), (5, 1), (6, 1),\n (6, 2), (6, 3), (5, 3), (5, 4), (5, 5), (6, 5), (6, 6)]", "short_description": ">>> gbf = GreedyBestFirst((0, 0), (len(grid) - 1, len(grid[0]) - 1))", "full": ">>> gbf = GreedyBestFirst((0, 0), (len(grid) - 1, len(grid[0]) - 1))\n>>> [x.pos for x in gbf.get_successors(gbf.start)]\n[(1, 0), (0, 1)]\n>>> (gbf.start.pos_y + delta[3][0], gbf.start.pos_x + delta[3][1])\n(0, 1)\n>>> (gbf.start.pos_y + delta[2][0], gbf.start.pos_x + delta[2][1])\n(1, 0)\n>>> gbf.retrace_path(gbf.start)\n[(0, 0)]\n>>> gbf.search()  # doctest: +NORMALIZE_WHITESPACE\n[(0, 0), (1, 0), (2, 0), (3, 0), (3, 1), (4, 1), (5, 1), (6, 1),\n (6, 2), (6, 3), (5, 3), (5, 4), (5, 5), (6, 5), (6, 6)]"}, "min_max_lineno": {"min_lineno": 69, "max_lineno": 168}, "methods": {"__init__": {"args": ["self", "start", "goal"], "min_max_lineno": {"min_lineno": 85, "max_lineno": 93}, "calls": ["greedy_best_first.Node", "greedy_best_first.Node"], "store_vars_calls": {"self.start": "Node", "self.target": "Node"}}, "search": {"doc": {"long_description": "if a path is not found, only the starting position is returned", "short_description": "Search for the path,"}, "args": ["self"], "min_max_lineno": {"min_lineno": 94, "max_lineno": 129}, "calls": ["greedy_best_first.GreedyBestFirst.open_nodes.sort", "greedy_best_first.GreedyBestFirst.open_nodes.pop", "greedy_best_first.GreedyBestFirst.closed_nodes.append", "greedy_best_first.GreedyBestFirst.get_successors", "greedy_best_first.GreedyBestFirst.retrace_path", "greedy_best_first.GreedyBestFirst.open_nodes.append", "greedy_best_first.GreedyBestFirst.open_nodes.pop", "greedy_best_first.GreedyBestFirst.open_nodes.index", "greedy_best_first.GreedyBestFirst.open_nodes.append", "greedy_best_first.GreedyBestFirst.open_nodes.append"], "store_vars_calls": {"current_node": "self.open_nodes.pop", "successors": "self.get_successors", "better_node": "self.open_nodes.pop"}}, "get_successors": {"doc": {"short_description": "Returns a list of successors (both in the grid and free spaces)"}, "args": ["self", "parent"], "returns": [["successors"]], "min_max_lineno": {"min_lineno": 130, "max_lineno": 156}, "calls": ["successors.append", "greedy_best_first.Node", "len", "len"]}, "retrace_path": {"doc": {"short_description": "Retrace the path from parents to parents until start node"}, "args": ["self", "node"], "returns": [["path"]], "min_max_lineno": {"min_lineno": 157, "max_lineno": 168}, "calls": ["path.reverse", "path.append"]}}}}, "main_info": {"main_flag": 1, "type": "script"}, "is_test": false}