{"file": {"path": "/Users/rakshithagnanasekaran/desktop/Python/graphs/greedy_min_vertex_cover.py", "fileNameBase": "greedy_min_vertex_cover", "extension": "py", "doc": {"long_description": "* Description: Approximization algorithm for minimum vertex cover problem.\n               Greedy Approach. Uses graphs represented with an adjacency list\nURL: https://mathworld.wolfram.com/MinimumVertexCover.html\nURL: https://cs.stackexchange.com/questions/129017/greedy-algorithm-for-vertex-cover", "short_description": "* Author: Manuel Di Lullo (https://github.com/manueldilullo)", "full": "* Author: Manuel Di Lullo (https://github.com/manueldilullo)\n* Description: Approximization algorithm for minimum vertex cover problem.\n               Greedy Approach. Uses graphs represented with an adjacency list\nURL: https://mathworld.wolfram.com/MinimumVertexCover.html\nURL: https://cs.stackexchange.com/questions/129017/greedy-algorithm-for-vertex-cover"}}, "dependencies": [{"import": "heapq", "type": "external"}], "functions": {"greedy_min_vertex_cover": {"doc": {"long_description": "@input: graph (graph stored in an adjacency list where each vertex\n        is represented with an integer)\n@example:\n>>> graph = {0: [1, 3], 1: [0, 3], 2: [0, 3, 4], 3: [0, 1, 2], 4: [2, 3]}\n>>> greedy_min_vertex_cover(graph)\n{0, 1, 2, 4}", "short_description": "Greedy APX Algorithm for min Vertex Cover"}, "args": ["graph"], "returns": [["chosen_vertices"]], "min_max_lineno": {"min_lineno": 12, "max_lineno": 56}, "calls": ["graph.items", "set", "heapq.heappush", "set.add", "heapq.heapify", "heapq.heappop", "[].index", "len"], "store_vars_calls": {"chosen_vertices": "set", "index": "[].index"}}}, "main_info": {"main_flag": 1, "type": "script"}, "is_test": false}