{"file": {"path": "/Users/rakshithagnanasekaran/desktop/Python/graphs/kahns_algorithm_topo.py", "fileNameBase": "kahns_algorithm_topo", "extension": "py"}, "functions": {"topologicalSort": {"doc": {"long_description": "using BFS", "short_description": "Kahn's Algorithm is used to find Topological ordering of Directed Acyclic Graph"}, "args": ["graph"], "min_max_lineno": {"min_lineno": 1, "max_lineno": 32}, "calls": ["graph.items", "range", "len", "len", "queue.pop", "topo.append", "len", "print", "print", "queue.append", "queue.append"], "store_vars_calls": {"vertex": "queue.pop"}}}, "body": {"calls": ["kahns_algorithm_topo.topologicalSort"]}, "is_test": false}