{"file": {"path": "/Users/rakshithagnanasekaran/desktop/Python/graphs/kahns_algorithm_long.py", "fileNameBase": "kahns_algorithm_long", "extension": "py"}, "functions": {"longestDistance": {"args": ["graph"], "min_max_lineno": {"min_lineno": 2, "max_lineno": 27}, "calls": ["graph.items", "range", "print", "len", "len", "len", "queue.pop", "max", "queue.append", "queue.append"], "store_vars_calls": {"vertex": "queue.pop"}}}, "body": {"calls": ["kahns_algorithm_long.longestDistance"]}, "is_test": false}