{"file": {"path": "/Users/rakshithagnanasekaran/desktop/Python/graphs/karger.py", "fileNameBase": "karger", "extension": "py", "doc": {"short_description": "An implementation of Karger's Algorithm for partitioning a graph.", "full": "An implementation of Karger's Algorithm for partitioning a graph."}}, "dependencies": [{"from_module": "__future__", "import": "annotations", "type": "external"}, {"import": "random", "type": "external"}], "functions": {"partition_graph": {"doc": {"long_description": "pseudocode found here:\nhttps://en.wikipedia.org/wiki/Karger%27s_algorithm.\nThis function involves random choices, meaning it will not give\nconsistent outputs.", "short_description": "Partitions a graph using Karger's Algorithm. Implemented from", "args": {"graph": {"description": "A dictionary containing adacency lists for the graph.\nNodes must be strings."}}, "returns": {"description": "The cutset of the cut found by Karger's Algorithm.\n\n>>> graph = {'0':['1'], '1':['0']}\n>>> partition_graph(graph)\n{('0', '1')}", "is_generator": false}}, "args": ["graph"], "min_max_lineno": {"min_lineno": 25, "max_lineno": 82}, "calls": ["len", "random.choice", "random.choice", "list", "list.remove", "list.remove", "set", "list", "set", "graph_copy[].append", "contracted_nodes[].union", "graph_copy.keys", "graph_copy[].remove", "graph_copy[].remove"], "store_vars_calls": {"u": "random.choice", "v": "random.choice", "uv_neighbors": "list"}}}, "main_info": {"main_flag": 1, "main_function": "karger.print", "type": "script"}, "is_test": false}