{"file": {"path": "/Users/rakshithagnanasekaran/desktop/Python/graphs/markov_chain.py", "fileNameBase": "markov_chain", "extension": "py"}, "dependencies": [{"from_module": "__future__", "import": "annotations", "type": "external"}, {"from_module": "collections", "import": "Counter", "type": "external"}, {"from_module": "random", "import": "random", "type": "external"}], "classes": {"MarkovChainGraphUndirectedUnweighted": {"doc": {"short_description": "Undirected Unweighted Graph for running Markov Chain Algorithm", "full": "Undirected Unweighted Graph for running Markov Chain Algorithm"}, "min_max_lineno": {"min_lineno": 7, "max_lineno": 39}, "methods": {"__init__": {"args": ["self"], "min_max_lineno": {"min_lineno": 12, "max_lineno": 14}}, "add_node": {"args": ["self", "node"], "min_max_lineno": {"min_lineno": 15, "max_lineno": 17}}, "add_transition_probability": {"args": ["self", "node1", "node2", "probability"], "min_max_lineno": {"min_lineno": 18, "max_lineno": 26}, "calls": ["markov_chain.MarkovChainGraphUndirectedUnweighted.add_node", "markov_chain.MarkovChainGraphUndirectedUnweighted.add_node"]}, "get_nodes": {"args": ["self"], "min_max_lineno": {"min_lineno": 27, "max_lineno": 29}, "calls": ["list"]}, "transition": {"args": ["self", "node"], "returns": [["dest"]], "min_max_lineno": {"min_lineno": 30, "max_lineno": 39}, "calls": ["random.random.random"], "store_vars_calls": {"random_value": "random"}}}}}, "functions": {"get_transitions": {"doc": {"long_description": "visited\n\n>>> transitions = [\n... ('a', 'a', 0.9),\n... ('a', 'b', 0.075),\n... ('a', 'c', 0.025),\n... ('b', 'a', 0.15),\n... ('b', 'b', 0.8),\n... ('b', 'c', 0.05),\n... ('c', 'a', 0.25),\n... ('c', 'b', 0.25),\n... ('c', 'c', 0.5)\n... ]\n\n>>> result = get_transitions('a', transitions, 5000)\n\n>>> result['a'] > result['b'] > result['c']\nTrue", "short_description": "Running Markov Chain algorithm and calculating the number of times each node is"}, "args": ["start", "transitions", "steps"], "returns": [["visited"]], "min_max_lineno": {"min_lineno": 41, "max_lineno": 79}, "calls": ["markov_chain.MarkovChainGraphUndirectedUnweighted", "collections.Counter", "range", "markov_chain.MarkovChainGraphUndirectedUnweighted.add_transition_probability", "markov_chain.MarkovChainGraphUndirectedUnweighted.get_nodes", "markov_chain.MarkovChainGraphUndirectedUnweighted.transition"], "store_vars_calls": {"graph": "MarkovChainGraphUndirectedUnweighted", "visited": "Counter", "node": "graph.transition"}}}, "main_info": {"main_flag": 1, "type": "script"}, "is_test": false}