{"file": {"path": "/Users/rakshithagnanasekaran/desktop/Python/graphs/matching_min_vertex_cover.py", "fileNameBase": "matching_min_vertex_cover", "extension": "py", "doc": {"long_description": "* Description: Approximization algorithm for minimum vertex cover problem.\n               Matching Approach. Uses graphs represented with an adjacency list\n\nURL: https://mathworld.wolfram.com/MinimumVertexCover.html\nURL: https://www.princeton.edu/~aaa/Public/Teaching/ORF523/ORF523_Lec6.pdf", "short_description": "* Author: Manuel Di Lullo (https://github.com/manueldilullo)", "full": "* Author: Manuel Di Lullo (https://github.com/manueldilullo)\n* Description: Approximization algorithm for minimum vertex cover problem.\n               Matching Approach. Uses graphs represented with an adjacency list\n\nURL: https://mathworld.wolfram.com/MinimumVertexCover.html\nURL: https://www.princeton.edu/~aaa/Public/Teaching/ORF523/ORF523_Lec6.pdf"}}, "functions": {"matching_min_vertex_cover": {"doc": {"long_description": "@input: graph (graph stored in an adjacency list where each vertex\n        is represented as an integer)\n@example:\n>>> graph = {0: [1, 3], 1: [0, 3], 2: [0, 3, 4], 3: [0, 1, 2], 4: [2, 3]}\n>>> matching_min_vertex_cover(graph)\n{0, 1, 2, 4}", "short_description": "APX Algorithm for min Vertex Cover using Matching Approach"}, "args": ["graph"], "returns": [["chosen_vertices"]], "min_max_lineno": {"min_lineno": 11, "max_lineno": 37}, "calls": ["set", "matching_min_vertex_cover.get_edges", "get_edges.pop", "set.add", "set.add", "get_edges.copy", "get_edges.discard"], "store_vars_calls": {"chosen_vertices": "set", "edges": "get_edges"}}, "get_edges": {"doc": {"long_description": "@input: graph (graph stored in an adjacency list where each vertex is\n        represented as an integer)\n@example:\n>>> graph = {0: [1, 3], 1: [0, 3], 2: [0, 3], 3: [0, 1, 2]}\n>>> get_edges(graph)\n{(0, 1), (3, 1), (0, 3), (2, 0), (3, 0), (2, 3), (1, 0), (3, 2), (1, 3)}", "short_description": "Return a set of couples that represents all of the edges."}, "args": ["graph"], "returns": [["edges"]], "min_max_lineno": {"min_lineno": 39, "max_lineno": 54}, "calls": ["set", "graph.items", "set.add"], "store_vars_calls": {"edges": "set"}}}, "main_info": {"main_flag": 1, "type": "script"}, "is_test": false}