{"file": {"path": "/Users/rakshithagnanasekaran/desktop/Python/graphs/minimum_path_sum.py", "fileNameBase": "minimum_path_sum", "extension": "py"}, "functions": {"min_path_sum": {"doc": {"long_description": "with the lowest possible sum and return the sum along this path.\n>>> min_path_sum([\n...     [1, 3, 1],\n...     [1, 5, 1],\n...     [4, 2, 1],\n... ])\n7\n\n>>> min_path_sum([\n...     [1, 0, 5, 6, 7],\n...     [8, 9, 0, 4, 2],\n...     [4, 4, 4, 5, 1],\n...     [9, 6, 3, 1, 0],\n...     [8, 4, 3, 2, 7],\n... ])\n20\n\n>>> min_path_sum(None)\nTraceback (most recent call last):\n    ...\nTypeError: The grid does not contain the appropriate information\n\n>>> min_path_sum([[]])\nTraceback (most recent call last):\n    ...\nTypeError: The grid does not contain the appropriate information", "short_description": "Find the path from top left to bottom right of array of numbers"}, "args": ["grid"], "min_max_lineno": {"min_lineno": 1, "max_lineno": 45}, "calls": ["range", "range", "TypeError", "len", "len", "minimum_path_sum.fill_row"]}, "fill_row": {"doc": {"long_description": "[3, 4, 5]", "short_description": ">>> fill_row([2, 2, 2], [1, 2, 3])"}, "args": ["current_row", "row_above"], "returns": [["current_row"]], "min_max_lineno": {"min_lineno": 47, "max_lineno": 58}, "calls": ["range", "len", "min"]}}, "main_info": {"main_flag": 1, "type": "script"}, "is_test": false}