{"file": {"path": "/Users/rakshithagnanasekaran/desktop/Python/graphs/minimum_spanning_tree_prims.py", "fileNameBase": "minimum_spanning_tree_prims", "extension": "py"}, "dependencies": [{"import": "sys", "type": "external"}, {"from_module": "collections", "import": "defaultdict", "type": "external"}], "functions": {"PrimsAlgorithm": {"args": ["l"], "returns": [["TreeEdges"], ["temp"]], "min_max_lineno": {"min_lineno": 5, "max_lineno": 105}, "calls": ["range", "minimum_spanning_tree_prims.PrimsAlgorithm.heapify"], "store_vars_calls": {"vertex": "deleteMinimum", "temp": "get_position", "parent": "int"}, "functions": {"get_position": {"args": ["vertex"], "min_max_lineno": {"min_lineno": 9, "max_lineno": 11}}, "set_position": {"args": ["vertex", "pos"], "min_max_lineno": {"min_lineno": 12, "max_lineno": 14}}, "top_to_bottom": {"args": ["heap", "start", "size", "positions"], "min_max_lineno": {"min_lineno": 15, "max_lineno": 36}, "calls": ["get_position", "set_position", "set_position", "top_to_bottom", "get_position"], "store_vars_calls": {"temp": "get_position"}}, "bottom_to_top": {"args": ["val", "index", "heap", "position"], "min_max_lineno": {"min_lineno": 38, "max_lineno": 61}, "calls": ["set_position", "int", "int", "set_position", "set_position"], "store_vars_calls": {"parent": "int"}}, "heapify": {"args": ["heap", "positions"], "min_max_lineno": {"min_lineno": 62, "max_lineno": 66}, "calls": ["range", "top_to_bottom", "len", "len"]}, "deleteMinimum": {"args": ["heap", "positions"], "returns": [["temp"]], "min_max_lineno": {"min_lineno": 67, "max_lineno": 72}, "calls": ["top_to_bottom", "len"]}}}}, "main_info": {"main_flag": 1, "type": "script"}, "is_test": false}