{"file": {"path": "/Users/rakshithagnanasekaran/desktop/Python/graphs/minimum_spanning_tree_kruskal.py", "fileNameBase": "minimum_spanning_tree_kruskal", "extension": "py"}, "functions": {"kruskal": {"doc": {"long_description": "[(2, 3, 1), (0, 1, 3), (1, 2, 5)]\n\n>>> kruskal(4, [(0, 1, 3), (1, 2, 5), (2, 3, 1), (0, 2, 1), (0, 3, 2)])\n[(2, 3, 1), (0, 2, 1), (0, 1, 3)]\n\n>>> kruskal(4, [(0, 1, 3), (1, 2, 5), (2, 3, 1), (0, 2, 1), (0, 3, 2),\n... (2, 1, 1)])\n[(2, 3, 1), (0, 2, 1), (2, 1, 1)]", "short_description": ">>> kruskal(4, [(0, 1, 3), (1, 2, 5), (2, 3, 1)])"}, "args": ["num_nodes", "edges"], "returns": [["minimum_spanning_tree"]], "min_max_lineno": {"min_lineno": 1, "max_lineno": 36}, "calls": ["sorted", "list", "range", "minimum_spanning_tree_kruskal.kruskal.find_parent"], "store_vars_calls": {"edges": "sorted", "parent": "list", "parent_a": "find_parent", "parent_b": "find_parent"}, "functions": {"find_parent": {"args": ["i"], "min_max_lineno": {"min_lineno": 19, "max_lineno": 23}, "calls": ["find_parent"]}}}}, "main_info": {"main_flag": 1, "type": "script"}, "is_test": false}