{"file": {"path": "/Users/rakshithagnanasekaran/desktop/Python/graphs/minimum_spanning_tree_kruskal2.py", "fileNameBase": "minimum_spanning_tree_kruskal2", "extension": "py"}, "dependencies": [{"from_module": "__future__", "import": "annotations", "type": "external"}, {"from_module": "typing", "import": "Generic", "type": "external"}, {"from_module": "typing", "import": "TypeVar", "type": "external"}], "classes": {"DisjointSetTreeNode": {"min_max_lineno": {"min_lineno": 8, "max_lineno": 14}, "methods": {"__init__": {"args": ["self", "data"], "min_max_lineno": {"min_lineno": 10, "max_lineno": 14}, "store_vars_calls": {"self.parent": "self"}}}}, "DisjointSetTree": {"min_max_lineno": {"min_lineno": 16, "max_lineno": 47}, "methods": {"__init__": {"args": ["self"], "min_max_lineno": {"min_lineno": 18, "max_lineno": 21}}, "make_set": {"args": ["self", "data"], "min_max_lineno": {"min_lineno": 22, "max_lineno": 25}, "calls": ["minimum_spanning_tree_kruskal2.DisjointSetTreeNode"]}, "find_set": {"args": ["self", "data"], "min_max_lineno": {"min_lineno": 26, "max_lineno": 32}, "calls": ["minimum_spanning_tree_kruskal2.DisjointSetTree.find_set"], "store_vars_calls": {"elem_ref.parent": "self.find_set"}}, "link": {"args": ["self", "node1", "node2"], "min_max_lineno": {"min_lineno": 33, "max_lineno": 43}}, "union": {"args": ["self", "data1", "data2"], "min_max_lineno": {"min_lineno": 44, "max_lineno": 47}, "calls": ["minimum_spanning_tree_kruskal2.DisjointSetTree.link", "minimum_spanning_tree_kruskal2.DisjointSetTree.find_set", "minimum_spanning_tree_kruskal2.DisjointSetTree.find_set"]}}}, "GraphUndirectedWeighted": {"min_max_lineno": {"min_lineno": 49, "max_lineno": 122}, "methods": {"__init__": {"args": ["self"], "min_max_lineno": {"min_lineno": 50, "max_lineno": 53}}, "add_node": {"args": ["self", "node"], "min_max_lineno": {"min_lineno": 54, "max_lineno": 58}}, "add_edge": {"args": ["self", "node1", "node2", "weight"], "min_max_lineno": {"min_lineno": 59, "max_lineno": 65}, "calls": ["minimum_spanning_tree_kruskal2.GraphUndirectedWeighted.add_node", "minimum_spanning_tree_kruskal2.GraphUndirectedWeighted.add_node"]}, "kruskal": {"doc": {"long_description": "Example:\n>>> g1 = GraphUndirectedWeighted[int]()\n>>> g1.add_edge(1, 2, 1)\n>>> g1.add_edge(2, 3, 2)\n>>> g1.add_edge(3, 4, 1)\n>>> g1.add_edge(3, 5, 100) # Removed in MST\n>>> g1.add_edge(4, 5, 5)\n>>> assert 5 in g1.connections[3]\n>>> mst = g1.kruskal()\n>>> assert 5 not in mst.connections[3]\n\n>>> g2 = GraphUndirectedWeighted[str]()\n>>> g2.add_edge('A', 'B', 1)\n>>> g2.add_edge('B', 'C', 2)\n>>> g2.add_edge('C', 'D', 1)\n>>> g2.add_edge('C', 'E', 100) # Removed in MST\n>>> g2.add_edge('D', 'E', 5)\n>>> assert 'E' in g2.connections[\"C\"]\n>>> mst = g2.kruskal()\n>>> assert 'E' not in mst.connections['C']", "short_description": "Details: https://en.wikipedia.org/wiki/Kruskal%27s_algorithm"}, "args": ["self"], "returns": [["graph"]], "min_max_lineno": {"min_lineno": 66, "max_lineno": 122}, "calls": ["set", "edges.sort", "disjoint_set.make_set", "disjoint_set.find_set", "disjoint_set.find_set", "len", "graph.add_edge", "disjoint_set.union", "set.add", "edges.append"], "store_vars_calls": {"seen": "set", "parent_u": "disjoint_set.find_set", "parent_v": "disjoint_set.find_set"}}}}}, "body": {"calls": ["typing.TypeVar"], "store_vars_calls": {"T": "TypeVar"}}, "is_test": false}