{"file": {"path": "/Users/rakshithagnanasekaran/desktop/Python/graphs/minimum_spanning_tree_prims2.py", "fileNameBase": "minimum_spanning_tree_prims2", "extension": "py", "doc": {"long_description": "spanning tree for a weighted undirected graph. This means it finds a subset of the\nedges that forms a tree that includes every vertex, where the total weight of all the\nedges in the tree is minimized. The algorithm operates by building this tree one vertex\nat a time, from an arbitrary starting vertex, at each step adding the cheapest possible\nconnection from the tree to another vertex.", "short_description": "Prim's (also known as Jarn\u00edk's) algorithm is a greedy algorithm that finds a minimum", "full": "Prim's (also known as Jarn\u00edk's) algorithm is a greedy algorithm that finds a minimum\nspanning tree for a weighted undirected graph. This means it finds a subset of the\nedges that forms a tree that includes every vertex, where the total weight of all the\nedges in the tree is minimized. The algorithm operates by building this tree one vertex\nat a time, from an arbitrary starting vertex, at each step adding the cheapest possible\nconnection from the tree to another vertex."}}, "dependencies": [{"from_module": "__future__", "import": "annotations", "type": "external"}, {"from_module": "sys", "import": "maxsize", "type": "external"}, {"from_module": "typing", "import": "Generic", "type": "external"}, {"from_module": "typing", "import": "TypeVar", "type": "external"}], "classes": {"MinPriorityQueue": {"doc": {"long_description": "Functions:\nis_empty: function to check if the priority queue is empty\npush: function to add an element with given priority to the queue\nextract_min: function to remove and return the element with lowest weight (highest\n             priority)\nupdate_key: function to update the weight of the given key\n_bubble_up: helper function to place a node at the proper position (upward\n            movement)\n_bubble_down: helper function to place a node at the proper position (downward\n            movement)\n_swap_nodes: helper function to swap the nodes at the given positions\n\n>>> queue = MinPriorityQueue()\n\n>>> queue.push(1, 1000)\n>>> queue.push(2, 100)\n>>> queue.push(3, 4000)\n>>> queue.push(4, 3000)\n\n>>> print(queue.extract_min())\n2\n\n>>> queue.update_key(4, 50)\n\n>>> print(queue.extract_min())\n4\n>>> print(queue.extract_min())\n1\n>>> print(queue.extract_min())\n3", "short_description": "Minimum Priority Queue Class", "full": "Minimum Priority Queue Class\n\nFunctions:\nis_empty: function to check if the priority queue is empty\npush: function to add an element with given priority to the queue\nextract_min: function to remove and return the element with lowest weight (highest\n             priority)\nupdate_key: function to update the weight of the given key\n_bubble_up: helper function to place a node at the proper position (upward\n            movement)\n_bubble_down: helper function to place a node at the proper position (downward\n            movement)\n_swap_nodes: helper function to swap the nodes at the given positions\n\n>>> queue = MinPriorityQueue()\n\n>>> queue.push(1, 1000)\n>>> queue.push(2, 100)\n>>> queue.push(3, 4000)\n>>> queue.push(4, 3000)\n\n>>> print(queue.extract_min())\n2\n\n>>> queue.update_key(4, 50)\n\n>>> print(queue.extract_min())\n4\n>>> print(queue.extract_min())\n1\n>>> print(queue.extract_min())\n3"}, "min_max_lineno": {"min_lineno": 49, "max_lineno": 186}, "methods": {"__init__": {"args": ["self"], "min_max_lineno": {"min_lineno": 85, "max_lineno": 89}}, "__len__": {"args": ["self"], "min_max_lineno": {"min_lineno": 90, "max_lineno": 92}}, "__repr__": {"args": ["self"], "min_max_lineno": {"min_lineno": 93, "max_lineno": 95}, "calls": ["str"]}, "is_empty": {"args": ["self"], "min_max_lineno": {"min_lineno": 96, "max_lineno": 99}}, "push": {"args": ["self", "elem", "weight"], "min_max_lineno": {"min_lineno": 100, "max_lineno": 106}, "calls": ["minimum_spanning_tree_prims2.MinPriorityQueue.heap.append", "minimum_spanning_tree_prims2.MinPriorityQueue._bubble_up"]}, "extract_min": {"args": ["self"], "returns": [["elem"]], "min_max_lineno": {"min_lineno": 107, "max_lineno": 118}, "calls": ["minimum_spanning_tree_prims2.MinPriorityQueue.heap.pop", "minimum_spanning_tree_prims2.MinPriorityQueue._swap_nodes", "minimum_spanning_tree_prims2.MinPriorityQueue._bubble_down"]}, "update_key": {"args": ["self", "elem", "weight"], "min_max_lineno": {"min_lineno": 119, "max_lineno": 132}, "calls": ["minimum_spanning_tree_prims2.get_parent_position", "minimum_spanning_tree_prims2.MinPriorityQueue._bubble_down", "minimum_spanning_tree_prims2.MinPriorityQueue._bubble_up", "minimum_spanning_tree_prims2.MinPriorityQueue._bubble_down"], "store_vars_calls": {"parent_position": "get_parent_position"}}, "_bubble_up": {"args": ["self", "elem"], "min_max_lineno": {"min_lineno": 133, "max_lineno": 146}, "calls": ["minimum_spanning_tree_prims2.get_parent_position", "minimum_spanning_tree_prims2.MinPriorityQueue._swap_nodes", "minimum_spanning_tree_prims2.MinPriorityQueue._bubble_up"], "store_vars_calls": {"parent_position": "get_parent_position"}}, "_bubble_down": {"args": ["self", "elem"], "min_max_lineno": {"min_lineno": 147, "max_lineno": 175}, "calls": ["minimum_spanning_tree_prims2.get_child_left_position", "minimum_spanning_tree_prims2.get_child_right_position", "minimum_spanning_tree_prims2.MinPriorityQueue._swap_nodes", "minimum_spanning_tree_prims2.MinPriorityQueue._bubble_down", "minimum_spanning_tree_prims2.MinPriorityQueue._swap_nodes", "minimum_spanning_tree_prims2.MinPriorityQueue._bubble_down", "minimum_spanning_tree_prims2.MinPriorityQueue._swap_nodes", "minimum_spanning_tree_prims2.MinPriorityQueue._bubble_down"], "store_vars_calls": {"child_left_position": "get_child_left_position", "child_right_position": "get_child_right_position"}}, "_swap_nodes": {"args": ["self", "node1_pos", "node2_pos"], "min_max_lineno": {"min_lineno": 176, "max_lineno": 186}}}}, "GraphUndirectedWeighted": {"doc": {"long_description": "Functions:\nadd_node: function to add a node in the graph\nadd_edge: function to add an edge between 2 nodes in the graph", "short_description": "Graph Undirected Weighted Class", "full": "Graph Undirected Weighted Class\n\nFunctions:\nadd_node: function to add a node in the graph\nadd_edge: function to add an edge between 2 nodes in the graph"}, "min_max_lineno": {"min_lineno": 188, "max_lineno": 219}, "methods": {"__init__": {"args": ["self"], "min_max_lineno": {"min_lineno": 197, "max_lineno": 200}}, "__repr__": {"args": ["self"], "min_max_lineno": {"min_lineno": 201, "max_lineno": 203}, "calls": ["str"]}, "__len__": {"args": ["self"], "min_max_lineno": {"min_lineno": 204, "max_lineno": 206}}, "add_node": {"args": ["self", "node"], "min_max_lineno": {"min_lineno": 207, "max_lineno": 212}}, "add_edge": {"args": ["self", "node1", "node2", "weight"], "min_max_lineno": {"min_lineno": 213, "max_lineno": 219}, "calls": ["minimum_spanning_tree_prims2.GraphUndirectedWeighted.add_node", "minimum_spanning_tree_prims2.GraphUndirectedWeighted.add_node"]}}}}, "functions": {"get_parent_position": {"doc": {"long_description": ">>> get_parent_position(1)\n0\n>>> get_parent_position(2)\n0", "short_description": "heap helper function get the position of the parent of the current node"}, "args": ["position"], "min_max_lineno": {"min_lineno": 17, "max_lineno": 27}}, "get_child_left_position": {"doc": {"long_description": ">>> get_child_left_position(0)\n1", "short_description": "heap helper function get the position of the left child of the current node"}, "args": ["position"], "min_max_lineno": {"min_lineno": 29, "max_lineno": 37}}, "get_child_right_position": {"doc": {"long_description": ">>> get_child_right_position(0)\n2", "short_description": "heap helper function get the position of the right child of the current node"}, "args": ["position"], "min_max_lineno": {"min_lineno": 39, "max_lineno": 47}}, "prims_algo": {"doc": {"long_description": ">>> graph.add_edge(\"a\", \"b\", 3)\n>>> graph.add_edge(\"b\", \"c\", 10)\n>>> graph.add_edge(\"c\", \"d\", 5)\n>>> graph.add_edge(\"a\", \"c\", 15)\n>>> graph.add_edge(\"b\", \"d\", 100)\n\n>>> dist, parent = prims_algo(graph)\n\n>>> abs(dist[\"a\"] - dist[\"b\"])\n3\n>>> abs(dist[\"d\"] - dist[\"b\"])\n15\n>>> abs(dist[\"a\"] - dist[\"c\"])\n13", "short_description": ">>> graph = GraphUndirectedWeighted()"}, "args": ["graph"], "returns": [["dist", "parent"], ["dist", "parent"]], "min_max_lineno": {"min_lineno": 221, "max_lineno": 271}, "calls": ["minimum_spanning_tree_prims2.MinPriorityQueue", "dist.items", "priority_queue.is_empty", "priority_queue.extract_min", "priority_queue.push", "priority_queue.is_empty", "priority_queue.extract_min", "priority_queue.update_key", "priority_queue.update_key"], "store_vars_calls": {"node": "priority_queue.extract_min"}}}, "body": {"calls": ["typing.TypeVar"], "store_vars_calls": {"T": "TypeVar"}}, "is_test": false}