{"file": {"path": "/Users/rakshithagnanasekaran/desktop/Python/graphs/minimum_spanning_tree_boruvka.py", "fileNameBase": "minimum_spanning_tree_boruvka", "extension": "py"}, "classes": {"Graph": {"doc": {"short_description": "Data structure to store graphs (based on adjacency lists)", "full": "Data structure to store graphs (based on adjacency lists)"}, "min_max_lineno": {"min_lineno": 1, "max_lineno": 197}, "methods": {"__init__": {"args": ["self"], "min_max_lineno": {"min_lineno": 6, "max_lineno": 11}}, "add_vertex": {"doc": {"short_description": "Adds a vertex to the graph"}, "args": ["self", "vertex"], "min_max_lineno": {"min_lineno": 12, "max_lineno": 20}}, "add_edge": {"doc": {"short_description": "Adds an edge to the graph"}, "args": ["self", "head", "tail", "weight"], "min_max_lineno": {"min_lineno": 21, "max_lineno": 35}, "calls": ["minimum_spanning_tree_boruvka.Graph.add_vertex", "minimum_spanning_tree_boruvka.Graph.add_vertex"]}, "distinct_weight": {"doc": {"long_description": "Converts the weights to be distinct", "short_description": "For Boruvks's algorithm the weights should be distinct"}, "args": ["self"], "min_max_lineno": {"min_lineno": 36, "max_lineno": 57}, "calls": ["minimum_spanning_tree_boruvka.Graph.get_edges", "range", "minimum_spanning_tree_boruvka.Graph.sort", "range", "minimum_spanning_tree_boruvka.Graph.remove", "len", "list", "len"], "store_vars_calls": {"edges": "self.get_edges"}}, "__str__": {"doc": {"short_description": "Returns string representation of the graph"}, "args": ["self"], "min_max_lineno": {"min_lineno": 58, "max_lineno": 68}, "calls": ["string.rstrip"]}, "get_edges": {"doc": {"short_description": "Returna all edges in the graph"}, "args": ["self"], "returns": [["output"]], "min_max_lineno": {"min_lineno": 69, "max_lineno": 78}, "calls": ["output.append"]}, "get_vertices": {"doc": {"short_description": "Returns all vertices in the graph"}, "args": ["self"], "min_max_lineno": {"min_lineno": 79, "max_lineno": 84}, "calls": ["minimum_spanning_tree_boruvka.Graph.adjacency.keys"]}, "build": {"doc": {"short_description": "Builds a graph from the given set of vertices and edges"}, "args": ["vertices", "edges"], "returns": [["g"]], "min_max_lineno": {"min_lineno": 85, "max_lineno": 101}, "calls": ["minimum_spanning_tree_boruvka.Graph", "minimum_spanning_tree_boruvka.Graph.add_vertex", "minimum_spanning_tree_boruvka.Graph.add_edge"], "store_vars_calls": {"g": "Graph"}}, "boruvka_mst": {"doc": {"long_description": ">>> g = Graph()\n>>> g = Graph.build([0, 1, 2, 3], [[0, 1, 1], [0, 2, 1],[2, 3, 1]])\n>>> g.distinct_weight()\n>>> bg = Graph.boruvka_mst(g)\n>>> print(bg)\n1 -> 0 == 1\n2 -> 0 == 2\n0 -> 1 == 1\n0 -> 2 == 2\n3 -> 2 == 3\n2 -> 3 == 3", "short_description": "Implementation of Boruvka's algorithm"}, "args": ["graph"], "returns": [["mst"]], "min_max_lineno": {"min_lineno": 149, "max_lineno": 197}, "calls": ["Graph.UnionFind", "minimum_spanning_tree_boruvka.Graph.build", "graph.get_vertices", "graph.get_edges", "graph.get_edges.remove", "Graph.UnionFind.find", "Graph.UnionFind.find", "Graph.UnionFind.find", "Graph.UnionFind.find", "Graph.UnionFind.union", "mst_edges.append"], "store_vars_calls": {"union_find": "Graph.UnionFind", "mst": "Graph.build", "edges": "graph.get_edges", "set1": "union_find.find", "set2": "union_find.find"}}}}}, "is_test": false}