{"file": {"path": "/Users/rakshithagnanasekaran/desktop/Python/graphs/multi_heuristic_astar.py", "fileNameBase": "multi_heuristic_astar", "extension": "py"}, "dependencies": [{"import": "heapq", "type": "external"}, {"import": "numpy", "alias": "np", "type": "external"}], "classes": {"PriorityQueue": {"min_max_lineno": {"min_lineno": 8, "max_lineno": 56}, "methods": {"__init__": {"args": ["self"], "min_max_lineno": {"min_lineno": 9, "max_lineno": 12}, "calls": ["set"], "store_vars_calls": {"self.set": "set"}}, "minkey": {"args": ["self"], "min_max_lineno": {"min_lineno": 13, "max_lineno": 18}, "calls": ["multi_heuristic_astar.PriorityQueue.empty", "float"]}, "empty": {"args": ["self"], "min_max_lineno": {"min_lineno": 19, "max_lineno": 21}, "calls": ["len"]}, "put": {"args": ["self", "item", "priority"], "min_max_lineno": {"min_lineno": 22, "max_lineno": 37}, "calls": ["heapq.heappush", "multi_heuristic_astar.PriorityQueue.set.add", "heapq.heappop", "temp.append", "temp.append", "heapq.heappop", "heapq.heappush"]}, "remove_element": {"args": ["self", "item"], "min_max_lineno": {"min_lineno": 38, "max_lineno": 48}, "calls": ["multi_heuristic_astar.PriorityQueue.set.remove", "heapq.heappop", "temp.append", "heapq.heappop", "heapq.heappush"]}, "top_show": {"args": ["self"], "min_max_lineno": {"min_lineno": 49, "max_lineno": 51}}, "get": {"args": ["self"], "returns": [["priority", "item"]], "min_max_lineno": {"min_lineno": 52, "max_lineno": 56}, "calls": ["heapq.heappop", "multi_heuristic_astar.PriorityQueue.set.remove"]}}}}, "functions": {"consistent_heuristic": {"args": ["P", "goal"], "min_max_lineno": {"min_lineno": 58, "max_lineno": 63}, "calls": ["numpy.array", "numpy.array", "numpy.linalg.norm"], "store_vars_calls": {"a": "np.array", "b": "np.array"}}, "heuristic_2": {"args": ["P", "goal"], "min_max_lineno": {"min_lineno": 65, "max_lineno": 68}, "calls": ["multi_heuristic_astar.consistent_heuristic"]}, "heuristic_1": {"args": ["P", "goal"], "min_max_lineno": {"min_lineno": 70, "max_lineno": 73}, "calls": ["abs", "abs"]}, "key": {"args": ["start", "i", "goal", "g_function"], "returns": [["ans"]], "min_max_lineno": {"min_lineno": 75, "max_lineno": 78}}, "do_something": {"args": ["back_pointer", "goal", "start"], "min_max_lineno": {"min_lineno": 80, "max_lineno": 120}, "calls": ["numpy.chararray", "range", "range", "range", "print", "print", "print", "print", "print", "print", "print", "quit", "range", "range", "range", "print", "print", "print", "print", "print"], "store_vars_calls": {"grid": "np.chararray"}}, "valid": {"args": ["p"], "min_max_lineno": {"min_lineno": 122, "max_lineno": 128}}, "expand_state": {"args": ["s", "j", "visited", "g_function", "close_list_anchor", "close_list_inad", "open_list", "back_pointer"], "min_max_lineno": {"min_lineno": 130, "max_lineno": 170}, "calls": ["range", "open_list[].remove_element", "multi_heuristic_astar.valid", "visited.add", "float", "multi_heuristic_astar.valid", "open_list[].put", "multi_heuristic_astar.key", "range", "multi_heuristic_astar.key", "open_list[].put", "multi_heuristic_astar.key", "multi_heuristic_astar.key"]}, "make_common_ground": {"returns": [["some_list"]], "min_max_lineno": {"min_lineno": 173, "max_lineno": 194}, "calls": ["range", "range", "range", "range", "range", "range", "some_list.append", "range", "range", "range", "some_list.append", "some_list.append", "some_list.append", "some_list.append"]}, "multi_a_star": {"args": ["start", "goal", "n_heuristic"], "min_max_lineno": {"min_lineno": 237, "max_lineno": 311}, "calls": ["set", "range", "print", "print", "range", "print", "print", "print", "print", "print", "float", "open_list.append", "open_list[].put", "open_list[].minkey", "float", "range", "range", "print", "multi_heuristic_astar.PriorityQueue", "multi_heuristic_astar.key", "open_list[].minkey", "print", "print", "open_list[].minkey", "open_list[].minkey", "open_list[].top_show", "set.add", "multi_heuristic_astar.expand_state", "close_list_inad.append", "open_list[].minkey", "open_list[].top_show", "set.add", "multi_heuristic_astar.expand_state", "close_list_anchor.append", "print", "float", "multi_heuristic_astar.do_something", "float", "multi_heuristic_astar.do_something", "print", "print"], "store_vars_calls": {"visited": "set", "get_s": "open_list[].top_show"}}}, "body": {"calls": ["multi_heuristic_astar.make_common_ground"], "store_vars_calls": {"blocks_all": "make_common_ground"}}, "main_info": {"main_flag": 1, "main_function": "multi_heuristic_astar.multi_a_star", "type": "script"}, "is_test": false}