{"file": {"path": "/Users/rakshithagnanasekaran/desktop/Python/graphs/page_rank.py", "fileNameBase": "page_rank", "extension": "py", "doc": {"short_description": "Author: https://github.com/bhushan-borole", "full": "Author: https://github.com/bhushan-borole"}}, "classes": {"Node": {"min_max_lineno": {"min_lineno": 17, "max_lineno": 31}, "methods": {"__init__": {"args": ["self", "name"], "min_max_lineno": {"min_lineno": 18, "max_lineno": 22}}, "add_inbound": {"args": ["self", "node"], "min_max_lineno": {"min_lineno": 23, "max_lineno": 25}, "calls": ["page_rank.Node.inbound.append"]}, "add_outbound": {"args": ["self", "node"], "min_max_lineno": {"min_lineno": 26, "max_lineno": 28}, "calls": ["page_rank.Node.outbound.append"]}, "__repr__": {"args": ["self"], "min_max_lineno": {"min_lineno": 29, "max_lineno": 31}}}}}, "functions": {"page_rank": {"args": ["nodes", "limit", "d"], "min_max_lineno": {"min_lineno": 33, "max_lineno": 49}, "calls": ["range", "len", "print", "enumerate", "print", "sum"]}, "main": {"min_max_lineno": {"min_lineno": 51, "max_lineno": 67}, "calls": ["list", "enumerate", "print", "page_rank.page_rank", "input().split", "page_rank.Node", "enumerate", "print", "input", "nodes[].add_inbound", "nodes[].add_outbound"], "store_vars_calls": {"names": "list"}}}, "main_info": {"main_flag": 1, "main_function": "page_rank.main", "type": "script"}, "is_test": false}