{"file": {"path": "/Users/rakshithagnanasekaran/desktop/Python/graphs/prim.py", "fileNameBase": "prim", "extension": "py", "doc": {"long_description": "Determines the minimum spanning tree(MST) of a graph using the Prim's Algorithm.\n\nDetails: https://en.wikipedia.org/wiki/Prim%27s_algorithm", "short_description": "Prim's Algorithm.", "full": "Prim's Algorithm.\n\nDetermines the minimum spanning tree(MST) of a graph using the Prim's Algorithm.\n\nDetails: https://en.wikipedia.org/wiki/Prim%27s_algorithm"}}, "dependencies": [{"import": "heapq", "alias": "hq", "type": "external"}, {"import": "math", "type": "external"}, {"from_module": "collections.abc", "import": "Iterator", "type": "external"}], "classes": {"Vertex": {"doc": {"short_description": "Class Vertex.", "full": "Class Vertex."}, "min_max_lineno": {"min_lineno": 13, "max_lineno": 45}, "methods": {"__init__": {"args": ["self", "id"], "min_max_lineno": {"min_lineno": 16, "max_lineno": 29}, "calls": ["str"], "store_vars_calls": {"self.id": "str"}}, "__lt__": {"doc": {"short_description": "Comparison rule to < operator."}, "args": ["self", "other"], "min_max_lineno": {"min_lineno": 30, "max_lineno": 33}}, "__repr__": {"doc": {"short_description": "Return the vertex id."}, "args": ["self"], "min_max_lineno": {"min_lineno": 34, "max_lineno": 37}}, "add_neighbor": {"doc": {"short_description": "Add a pointer to a vertex at neighbor's list."}, "args": ["self", "vertex"], "min_max_lineno": {"min_lineno": 38, "max_lineno": 41}, "calls": ["prim.Vertex.neighbors.append"]}, "add_edge": {"doc": {"short_description": "Destination vertex and weight."}, "args": ["self", "vertex", "weight"], "min_max_lineno": {"min_lineno": 42, "max_lineno": 45}}}}}, "functions": {"connect": {"args": ["graph", "a", "b", "edge"], "min_max_lineno": {"min_lineno": 47, "max_lineno": 54}, "calls": ["graph[].add_neighbor", "graph[].add_neighbor", "graph[].add_edge", "graph[].add_edge"]}, "prim": {"doc": {"long_description": "Runtime:\n    O(mn) with `m` edges and `n` vertices\n\nReturn:\n    List with the edges of a Minimum Spanning Tree\n\nUsage:\n    prim(graph, graph[0])", "short_description": "Prim's Algorithm."}, "args": ["graph", "root"], "returns": [["a"]], "min_max_lineno": {"min_lineno": 56, "max_lineno": 84}, "calls": ["range", "min", "q.remove", "len", "a.append", "int", "int"], "store_vars_calls": {"u": "min"}}, "prim_heap": {"doc": {"long_description": "Runtime:\n    O((m + n)log n) with `m` edges and `n` vertices\n\nYield:\n    Edges of a Minimum Spanning Tree\n\nUsage:\n    prim(graph, graph[0])", "short_description": "Prim's Algorithm with min heap."}, "args": ["graph", "root"], "min_max_lineno": {"min_lineno": 86, "max_lineno": 116}, "calls": ["list", "heapq.heapify", "range", "heapq.heappop", "len", "heapq.heapify", "int", "int"], "store_vars_calls": {"h": "list", "u": "hq.heappop"}}, "test_vector": {"doc": {"long_description": ">>> x = 5\n>>> G = [Vertex(n) for n in range(x)]\n\n>>> connect(G, 1, 2, 15)\n>>> connect(G, 1, 3, 12)\n>>> connect(G, 2, 4, 13)\n>>> connect(G, 2, 5, 5)\n>>> connect(G, 3, 2, 6)\n>>> connect(G, 3, 4, 6)\n>>> connect(G, 0, 0, 0)  # Generate the minimum spanning tree:\n>>> G_heap = G[:]\n>>> MST = prim(G, G[0])\n>>> MST_heap = prim_heap(G, G[0])\n>>> for i in MST:\n...     print(i)\n(2, 3)\n(3, 1)\n(4, 3)\n(5, 2)\n>>> for i in MST_heap:\n...     print(i)\n(2, 3)\n(3, 1)\n(4, 3)\n(5, 2)", "short_description": "# Creates a list to store x vertices."}, "min_max_lineno": {"min_lineno": 118, "max_lineno": 147}}}, "main_info": {"main_flag": 1, "type": "script"}, "is_test": false}