{"file": {"path": "/Users/rakshithagnanasekaran/desktop/Python/graphs/random_graph_generator.py", "fileNameBase": "random_graph_generator", "extension": "py", "doc": {"long_description": "* Description: Random graphs generator.\n               Uses graphs represented with an adjacency list.\n\nURL: https://en.wikipedia.org/wiki/Random_graph", "short_description": "* Author: Manuel Di Lullo (https://github.com/manueldilullo)", "full": "* Author: Manuel Di Lullo (https://github.com/manueldilullo)\n* Description: Random graphs generator.\n               Uses graphs represented with an adjacency list.\n\nURL: https://en.wikipedia.org/wiki/Random_graph"}}, "dependencies": [{"import": "random", "type": "external"}], "functions": {"random_graph": {"doc": {"long_description": "@input: vertices_number (number of vertices),\n        probability (probability that a generic edge (u,v) exists),\n        directed (if True: graph will be a directed graph,\n                  otherwise it will be an undirected graph)\n@examples:\n>>> random.seed(1)\n>>> random_graph(4, 0.5)\n{0: [1], 1: [0, 2, 3], 2: [1, 3], 3: [1, 2]}\n>>> random.seed(1)\n>>> random_graph(4, 0.5, True)\n{0: [1], 1: [2, 3], 2: [3], 3: []}", "short_description": "Generate a random graph"}, "args": ["vertices_number", "probability", "directed"], "returns": [["graph"], ["graph"]], "min_max_lineno": {"min_lineno": 12, "max_lineno": 48}, "calls": ["range", "random_graph_generator.complete_graph", "range", "range", "random.random", "graph[].append", "graph[].append"]}, "complete_graph": {"doc": {"long_description": "@input: vertices_number (number of vertices),\n        directed (False if the graph is undirected, True otherwise)\n@example:\n>>> print(complete_graph(3))\n{0: [1, 2], 1: [0, 2], 2: [0, 1]}", "short_description": "Generate a complete graph with vertices_number vertices."}, "args": ["vertices_number"], "min_max_lineno": {"min_lineno": 50, "max_lineno": 61}, "calls": ["range", "range"]}}, "main_info": {"main_flag": 1, "type": "script"}, "is_test": false}