{"file": {"path": "/Users/rakshithagnanasekaran/desktop/Python/graphs/scc_kosaraju.py", "fileNameBase": "scc_kosaraju", "extension": "py"}, "dependencies": [{"from_module": "__future__", "import": "annotations", "type": "external"}], "functions": {"dfs": {"args": ["u"], "min_max_lineno": {"min_lineno": 4, "max_lineno": 12}, "calls": ["stack.append", "scc_kosaraju.dfs"]}, "dfs2": {"args": ["u"], "min_max_lineno": {"min_lineno": 14, "max_lineno": 22}, "calls": ["component.append", "scc_kosaraju.dfs2"]}, "kosaraju": {"returns": [["scc"]], "min_max_lineno": {"min_lineno": 24, "max_lineno": 36}, "calls": ["range", "scc_kosaraju.dfs", "scc_kosaraju.dfs2", "scc.append"]}}, "main_info": {"main_flag": 1, "type": "script"}, "is_test": false}