{"file": {"path": "/Users/rakshithagnanasekaran/desktop/Python/graphs/strongly_connected_components.py", "fileNameBase": "strongly_connected_components", "extension": "py", "doc": {"long_description": "Finding strongly connected components in directed graph", "short_description": "https://en.wikipedia.org/wiki/Strongly_connected_component", "full": "https://en.wikipedia.org/wiki/Strongly_connected_component\n\nFinding strongly connected components in directed graph"}}, "functions": {"topology_sort": {"doc": {"long_description": "At this time graph is the same as input\n>>> topology_sort(test_graph_1, 0, 5 * [False])\n[1, 2, 4, 3, 0]\n>>> topology_sort(test_graph_2, 0, 6 * [False])\n[2, 1, 5, 4, 3, 0]", "short_description": "Use depth first search to sort graph"}, "args": ["graph", "vert", "visited"], "returns": [["order"]], "min_max_lineno": {"min_lineno": 13, "max_lineno": 35}, "calls": ["order.append", "strongly_connected_components.topology_sort"]}, "find_components": {"doc": {"long_description": "vertices. Now graph is reversed\n>>> find_components({0: [1], 1: [2], 2: [0]}, 0, 5 * [False])\n[0, 1, 2]\n>>> find_components({0: [2], 1: [0], 2: [0, 1]}, 0, 6 * [False])\n[0, 2, 1]", "short_description": "Use depth first search to find strongliy connected"}, "args": ["reversed_graph", "vert", "visited"], "returns": [["component"]], "min_max_lineno": {"min_lineno": 37, "max_lineno": 57}, "calls": ["strongly_connected_components.find_components"]}, "strongly_connected_components": {"doc": {"long_description": "and then returns the list of strongly connected components\n>>> strongly_connected_components(test_graph_1)\n[[0, 1, 2], [3], [4]]\n>>> strongly_connected_components(test_graph_2)\n[[0, 2, 1], [3, 5, 4]]", "short_description": "This function takes graph as a parameter"}, "args": ["graph"], "returns": [["components_list"]], "min_max_lineno": {"min_lineno": 59, "max_lineno": 91}, "calls": ["graph.items", "enumerate", "range", "len", "len", "len", "range", "reversed_graph[].append", "strongly_connected_components.topology_sort", "strongly_connected_components.find_components", "components_list.append", "len", "len"], "store_vars_calls": {"component": "find_components"}}}, "is_test": false}