{"file": {"path": "/Users/rakshithagnanasekaran/desktop/Python/graphs/tarjans_scc.py", "fileNameBase": "tarjans_scc", "extension": "py"}, "dependencies": [{"from_module": "collections", "import": "deque", "type": "external"}], "functions": {"tarjan": {"doc": {"long_description": "Uses two main attributes of each node to track reachability, the index of that node\nwithin a component(index), and the lowest index reachable from that node(lowlink).\n\nWe then perform a dfs of the each component making sure to update these parameters\nfor each node and saving the nodes we visit on the way.\n\nIf ever we find that the lowest reachable node from a current node is equal to the\nindex of the current node then it must be the root of a strongly connected\ncomponent and so we save it and it's equireachable vertices as a strongly\nconnected component.\n\nComplexity: strong_connect() is called at most once for each node and has a\ncomplexity of O(|E|) as it is DFS.\nTherefore this has complexity O(|V| + |E|) for a graph G = (V, E)", "short_description": "Tarjan's algo for finding strongly connected components in a directed graph"}, "args": ["g"], "returns": [["components"], ["index"]], "min_max_lineno": {"min_lineno": 4, "max_lineno": 66}, "calls": ["len", "collections.deque", "range", "collections.deque.append", "range", "range", "collections.deque.pop", "component.append", "components.append", "tarjans_scc.tarjan.strong_connect"], "store_vars_calls": {"n": "len", "stack": "deque", "w": "stack.pop", "index": "strong_connect"}, "functions": {"strong_connect": {"args": ["v", "index", "components"], "returns": [["index"]], "min_max_lineno": {"min_lineno": 30, "max_lineno": 59}, "calls": ["stack.append", "stack.pop", "component.append", "components.append", "strong_connect", "stack.pop", "component.append"], "store_vars_calls": {"w": "stack.pop", "index": "strong_connect"}}}}, "create_graph": {"args": ["n", "edges"], "returns": [["g"]], "min_max_lineno": {"min_lineno": 68, "max_lineno": 73}, "calls": ["g[].append", "range"]}}, "main_info": {"main_flag": 1, "type": "script"}, "is_test": true}