{"file": {"path": "/Users/rakshithagnanasekaran/desktop/Python/divide_and_conquer/closest_pair_of_points.py", "fileNameBase": "closest_pair_of_points", "extension": "py", "doc": {"long_description": "in the given n points.\nApproach used -> Divide and conquer\nThe points are sorted based on Xco-ords and\nthen based on Yco-ords separately.\nAnd by applying divide and conquer approach,\nminimum distance is obtained recursively.\n\n>> Closest points can lie on different sides of partition.\nThis case handled by forming a strip of points\nwhose Xco-ords distance is less than closest_pair_dis\nfrom mid-point's Xco-ords. Points sorted based on Yco-ords\nare used in this step to reduce sorting time.\nClosest pair distance is found in the strip of points. (closest_in_strip)\n\nmin(closest_pair_dis, closest_in_strip) would be the final answer.\n\nTime complexity: O(n * log n)", "short_description": "The algorithm finds distance between closest pair of points", "full": "The algorithm finds distance between closest pair of points\nin the given n points.\nApproach used -> Divide and conquer\nThe points are sorted based on Xco-ords and\nthen based on Yco-ords separately.\nAnd by applying divide and conquer approach,\nminimum distance is obtained recursively.\n\n>> Closest points can lie on different sides of partition.\nThis case handled by forming a strip of points\nwhose Xco-ords distance is less than closest_pair_dis\nfrom mid-point's Xco-ords. Points sorted based on Yco-ords\nare used in this step to reduce sorting time.\nClosest pair distance is found in the strip of points. (closest_in_strip)\n\nmin(closest_pair_dis, closest_in_strip) would be the final answer.\n\nTime complexity: O(n * log n)"}}, "functions": {"euclidean_distance_sqr": {"doc": {"long_description": "5", "short_description": ">>> euclidean_distance_sqr([1,2],[2,4])"}, "args": ["point1", "point2"], "min_max_lineno": {"min_lineno": 23, "max_lineno": 29}}, "column_based_sort": {"doc": {"long_description": "[(3, 0), (5, 1), (4, 2)]", "short_description": ">>> column_based_sort([(5, 1), (4, 2), (3, 0)], 1)"}, "args": ["array", "column"], "min_max_lineno": {"min_lineno": 31, "max_lineno": 37}, "calls": ["sorted"]}, "dis_between_closest_pair": {"doc": {"long_description": "Parameters :\npoints, points_count, min_dis (list(tuple(int, int)), int, int)\n\nReturns :\nmin_dis (float):  distance between closest pair of points\n\n>>> dis_between_closest_pair([[1,2],[2,4],[5,7],[8,9],[11,0]],5)\n5", "short_description": "brute force approach to find distance between closest pair points"}, "args": ["points", "points_counts", "min_dis"], "returns": [["min_dis"]], "min_max_lineno": {"min_lineno": 39, "max_lineno": 60}, "calls": ["float", "range", "range", "closest_pair_of_points.euclidean_distance_sqr"], "store_vars_calls": {"current_dis": "euclidean_distance_sqr"}}, "dis_between_closest_in_strip": {"doc": {"long_description": "Parameters :\npoints, points_count, min_dis (list(tuple(int, int)), int, int)\n\nReturns :\nmin_dis (float):  distance btw closest pair of points in the strip (< min_dis)\n\n>>> dis_between_closest_in_strip([[1,2],[2,4],[5,7],[8,9],[11,0]],5)\n85", "short_description": "closest pair of points in strip"}, "args": ["points", "points_counts", "min_dis"], "returns": [["min_dis"]], "min_max_lineno": {"min_lineno": 62, "max_lineno": 82}, "calls": ["float", "range", "min", "range", "max", "closest_pair_of_points.euclidean_distance_sqr"], "store_vars_calls": {"current_dis": "euclidean_distance_sqr"}}, "closest_pair_of_points_sqr": {"doc": {"long_description": "Parameters :\npoints, points_count (list(tuple(int, int)), int)\n\nReturns :\n(float):  distance btw closest pair of points\n\n>>> closest_pair_of_points_sqr([(1, 2), (3, 4)], [(5, 6), (7, 8)], 2)\n8", "short_description": "divide and conquer approach"}, "args": ["points_sorted_on_x", "points_sorted_on_y", "points_counts"], "min_max_lineno": {"min_lineno": 84, "max_lineno": 125}, "calls": ["closest_pair_of_points.closest_pair_of_points_sqr", "closest_pair_of_points.closest_pair_of_points_sqr", "min", "closest_pair_of_points.dis_between_closest_in_strip", "min", "closest_pair_of_points.dis_between_closest_pair", "len", "abs", "cross_strip.append"], "store_vars_calls": {"closest_in_left": "closest_pair_of_points_sqr", "closest_in_right": "closest_pair_of_points_sqr", "closest_pair_dis": "min", "closest_in_strip": "dis_between_closest_in_strip"}}, "closest_pair_of_points": {"doc": {"long_description": "28.792360097775937", "short_description": ">>> closest_pair_of_points([(2, 3), (12, 30)], len([(2, 3), (12, 30)]))"}, "args": ["points", "points_counts"], "min_max_lineno": {"min_lineno": 127, "max_lineno": 139}, "calls": ["closest_pair_of_points.column_based_sort", "closest_pair_of_points.column_based_sort", "closest_pair_of_points.closest_pair_of_points_sqr"], "store_vars_calls": {"points_sorted_on_x": "column_based_sort", "points_sorted_on_y": "column_based_sort"}}}, "main_info": {"main_flag": 1, "main_function": "closest_pair_of_points.print", "type": "script"}, "is_test": false}