{"file": {"path": "/Users/rakshithagnanasekaran/desktop/Python/divide_and_conquer/convex_hull.py", "fileNameBase": "convex_hull", "extension": "py", "doc": {"long_description": "a set of points in a plane such that all the points are either on the vertices of P or\ninside P. TH convex hull problem has several applications in geometrical problems,\ncomputer graphics and game development.\n\nTwo algorithms have been implemented for the convex hull problem here.\n1. A brute-force algorithm which runs in O(n^3)\n2. A divide-and-conquer algorithm which runs in O(n log(n))\n\nThere are other several other algorithms for the convex hull problem\nwhich have not been implemented here, yet.", "short_description": "The convex hull problem is problem of finding all the vertices of convex polygon, P of", "full": "The convex hull problem is problem of finding all the vertices of convex polygon, P of\na set of points in a plane such that all the points are either on the vertices of P or\ninside P. TH convex hull problem has several applications in geometrical problems,\ncomputer graphics and game development.\n\nTwo algorithms have been implemented for the convex hull problem here.\n1. A brute-force algorithm which runs in O(n^3)\n2. A divide-and-conquer algorithm which runs in O(n log(n))\n\nThere are other several other algorithms for the convex hull problem\nwhich have not been implemented here, yet."}}, "dependencies": [{"from_module": "__future__", "import": "annotations", "type": "external"}, {"from_module": "collections.abc", "import": "Iterable", "type": "external"}], "classes": {"Point": {"doc": {"short_description": "Defines a 2-d point for use by all convex-hull algorithms.", "full": "Defines a 2-d point for use by all convex-hull algorithms.\n\nParameters\n----------\nx: an int or a float, the x-coordinate of the 2-d point\ny: an int or a float, the y-coordinate of the 2-d point\n\nExamples\n--------\n>>> Point(1, 2)\n(1.0, 2.0)\n>>> Point(\"1\", \"2\")\n(1.0, 2.0)\n>>> Point(1, 2) > Point(0, 1)\nTrue\n>>> Point(1, 1) == Point(1, 1)\nTrue\n>>> Point(-0.5, 1) == Point(0.5, 1)\nFalse\n>>> Point(\"pi\", \"e\")\nTraceback (most recent call last):\n    ...\nValueError: could not convert string to float: 'pi'"}, "min_max_lineno": {"min_lineno": 20, "max_lineno": 85}, "methods": {"__init__": {"args": ["self", "x", "y"], "min_max_lineno": {"min_lineno": 47, "max_lineno": 49}, "calls": ["float", "float"]}, "__eq__": {"args": ["self", "other"], "min_max_lineno": {"min_lineno": 50, "max_lineno": 52}}, "__ne__": {"args": ["self", "other"], "min_max_lineno": {"min_lineno": 53, "max_lineno": 55}}, "__gt__": {"args": ["self", "other"], "min_max_lineno": {"min_lineno": 56, "max_lineno": 62}}, "__lt__": {"args": ["self", "other"], "min_max_lineno": {"min_lineno": 63, "max_lineno": 65}}, "__ge__": {"args": ["self", "other"], "min_max_lineno": {"min_lineno": 66, "max_lineno": 72}}, "__le__": {"args": ["self", "other"], "min_max_lineno": {"min_lineno": 73, "max_lineno": 79}}, "__repr__": {"args": ["self"], "min_max_lineno": {"min_lineno": 80, "max_lineno": 82}}, "__hash__": {"args": ["self"], "min_max_lineno": {"min_lineno": 83, "max_lineno": 85}, "calls": ["hash"]}}}}, "functions": {"_construct_points": {"doc": {"short_description": "constructs a list of points from an array-like object of numbers", "args": {"list_of_tuples": {"type_name": "array-like object of type numbers. Acceptable types so far", "is_optional": false}, "points": {"type_name": "a list where each item is of type Point. This contains only objects", "is_optional": false}}}, "args": ["list_of_tuples"], "returns": [["points"]], "min_max_lineno": {"min_lineno": 87, "max_lineno": 132}, "calls": ["isinstance", "points.append", "points.append", "convex_hull.Point", "print"]}, "_validate_input": {"doc": {"long_description": "Parameters\n---------\npoints: array-like, the 2d points to validate before using with\na convex-hull algorithm. The elements of points must be either lists, tuples or\nPoints.", "short_description": "validates an input instance before a convex-hull algorithms uses it", "returns": {"type_name": "array_like, an iterable of all well-defined Points constructed passed in.", "is_generator": false, "return_name": "points"}}, "args": ["points"], "min_max_lineno": {"min_lineno": 134, "max_lineno": 185}, "calls": ["convex_hull._construct_points", "hasattr", "ValueError", "ValueError"]}, "_det": {"doc": {"long_description": "ab. The sign indicates the direction of c relative to ab.\nA Positive value means c is above ab (to the left), while a negative value\nmeans c is below ab (to the right). 0 means all three points are on a straight line.\n\nAs a side note, 0.5 * abs|det| is the area of triangle abc", "short_description": "Computes the sign perpendicular distance of a 2d point c from a line segment", "args": {"a": {"type_name": "point, the point on the left end of line segment ab", "is_optional": false}, "b": {"type_name": "point, the point on the right end of line segment ab", "is_optional": false}, "c": {"type_name": "point, the point for which the direction and location is desired.", "is_optional": false}, "det": {"type_name": "float, abs(det) is the distance of c from ab. The sign", "is_optional": false}}}, "args": ["a", "b", "c"], "returns": [["det"]], "min_max_lineno": {"min_lineno": 187, "max_lineno": 220}}, "convex_hull_bf": {"doc": {"long_description": "The algorithm basically considers all combinations of points (i, j) and uses the\ndefinition of convexity to determine whether (i, j) is part of the convex hull or\nnot.  (i, j) is part of the convex hull if and only iff there are no points on both\nsides of the line segment connecting the ij, and there is no point k such that k is\non either end of the ij.\n\nRuntime: O(n^3) - definitely horrible\n\nParameters\n---------\npoints: array-like of object of Points, lists or tuples.\nThe set of  2d points for which the convex-hull is needed\n\nReturns\n------\nconvex_set: list, the convex-hull of points sorted in non-decreasing order.", "short_description": "Constructs the convex hull of a set of 2D points using a brute force algorithm."}, "args": ["points"], "min_max_lineno": {"min_lineno": 222, "max_lineno": 293}, "calls": ["sorted", "len", "set", "range", "sorted", "convex_hull._validate_input", "range", "range", "set.update", "convex_hull._det"], "store_vars_calls": {"points": "sorted", "n": "len", "convex_set": "set", "det_k": "_det"}}, "convex_hull_recursive": {"doc": {"long_description": "The algorithm exploits the geometric properties of the problem by repeatedly\npartitioning the set of points into smaller hulls, and finding the convex hull of\nthese smaller hulls.  The union of the convex hull from smaller hulls is the\nsolution to the convex hull of the larger problem.\n\nParameter\n---------\npoints: array-like of object of Points, lists or tuples.\nThe set of  2d points for which the convex-hull is needed\n\nRuntime: O(n log n)", "short_description": "Constructs the convex hull of a set of 2D points using a divide-and-conquer strategy", "returns": {"type_name": "list, the convex-hull of points sorted in non-decreasing order.", "is_generator": false, "return_name": "convex_set"}}, "args": ["points"], "min_max_lineno": {"min_lineno": 295, "max_lineno": 363}, "calls": ["sorted", "len", "range", "convex_hull._construct_hull", "convex_hull._construct_hull", "sorted", "convex_hull._validate_input", "convex_hull._det", "upper_hull.append", "lower_hull.append"], "store_vars_calls": {"points": "sorted", "n": "len", "det": "_det"}}, "_construct_hull": {"doc": {"long_description": "---------\npoints: list or None, the hull of points from which to choose the next convex-hull\n    point\nleft: Point, the point to the left  of line segment joining left and right\nright: The point to the right of the line segment joining left and right\nconvex_set: set, the current convex-hull. The state of convex-set gets updated by\n    this function", "short_description": "Parameters", "returns": {"type_name": "Nothing, only updates the state of convex-set", "is_generator": false}}, "args": ["points", "left", "right", "convex_set"], "min_max_lineno": {"min_lineno": 365, "max_lineno": 407}, "calls": ["float", "convex_hull._det", "convex_hull._construct_hull", "convex_set.add", "convex_hull._construct_hull", "candidate_points.append"], "store_vars_calls": {"extreme_point_distance": "float", "det": "_det"}}, "convex_hull_melkman": {"doc": {"long_description": "The algorithm works by iteratively inserting points of a simple polygonal chain\n(meaning that no line segments between two consecutive points cross each other).\nSorting the points yields such a polygonal chain.\n\nFor a detailed description, see http://cgm.cs.mcgill.ca/~athens/cs601/Melkman.html\n\nRuntime: O(n log n) - O(n) if points are already sorted in the input\n\nParameters\n---------\npoints: array-like of object of Points, lists or tuples.\nThe set of 2d points for which the convex-hull is needed\n\nReturns\n------\nconvex_set: list, the convex-hull of points sorted in non-decreasing order.", "short_description": "Constructs the convex hull of a set of 2D points using the melkman algorithm."}, "args": ["points"], "min_max_lineno": {"min_lineno": 409, "max_lineno": 478}, "calls": ["sorted", "len", "range", "range", "sorted", "convex_hull._validate_input", "convex_hull._det", "convex_hull.insert", "convex_hull.append", "convex_hull.insert", "convex_hull._det", "convex_hull._det", "convex_hull.append", "convex_hull._det", "convex_hull._det", "len"], "store_vars_calls": {"points": "sorted", "n": "len", "det": "_det"}}, "main": {"min_max_lineno": {"min_lineno": 480, "max_lineno": 504}, "calls": ["convex_hull.convex_hull_bf", "convex_hull.convex_hull_recursive", "convex_hull.convex_hull_melkman", "print"], "store_vars_calls": {"results_bf": "convex_hull_bf", "results_recursive": "convex_hull_recursive", "results_melkman": "convex_hull_melkman"}}}, "main_info": {"main_flag": 1, "main_function": "convex_hull.main", "type": "script"}, "is_test": true}