{"file": {"path": "/Users/rakshithagnanasekaran/desktop/Python/divide_and_conquer/heaps_algorithm.py", "fileNameBase": "heaps_algorithm", "extension": "py", "doc": {"long_description": "It minimizes movement by generating each permutation from the previous one\nby swapping only two elements.\nMore information:\nhttps://en.wikipedia.org/wiki/Heap%27s_algorithm.", "short_description": "Heap's algorithm returns the list of all permutations possible from a list.", "full": "Heap's algorithm returns the list of all permutations possible from a list.\nIt minimizes movement by generating each permutation from the previous one\nby swapping only two elements.\nMore information:\nhttps://en.wikipedia.org/wiki/Heap%27s_algorithm."}}, "functions": {"heaps": {"doc": {"long_description": "returning all permutations of a list.\n>>> heaps([])\n[()]\n>>> heaps([0])\n[(0,)]\n>>> heaps([-1, 1])\n[(-1, 1), (1, -1)]\n>>> heaps([1, 2, 3])\n[(1, 2, 3), (2, 1, 3), (3, 1, 2), (1, 3, 2), (2, 3, 1), (3, 2, 1)]\n>>> from itertools import permutations\n>>> sorted(heaps([1,2,3])) == sorted(permutations([1,2,3]))\nTrue\n>>> all(sorted(heaps(x)) == sorted(permutations(x))\n...     for x in ([], [0], [-1, 1], [1, 2, 3]))\nTrue", "short_description": "Pure python implementation of the Heap's algorithm (recursive version),"}, "args": ["arr"], "returns": [["res"]], "min_max_lineno": {"min_lineno": 10, "max_lineno": 51}, "calls": ["heaps_algorithm.heaps.generate"], "functions": {"generate": {"args": ["k", "arr"], "min_max_lineno": {"min_lineno": 35, "max_lineno": 48}, "calls": ["generate", "range", "res.append", "generate", "tuple"]}}}}, "main_info": {"main_flag": 1, "main_function": "heaps_algorithm.input().strip", "type": "script"}, "is_test": false}