{"file": {"path": "/Users/rakshithagnanasekaran/desktop/Python/divide_and_conquer/inversions.py", "fileNameBase": "inversions", "extension": "py", "doc": {"long_description": "(i, j) for all 1 <= i < j <= n such that A[i] > A[j]? These pairs are\ncalled inversions. Counting the number of such inversions in an array-like\nobject is the important. Among other things, counting inversions can help\nus determine how close a given array is to being sorted.\nIn this implementation, I provide two algorithms, a divide-and-conquer\nalgorithm which runs in nlogn and the brute-force n^2 algorithm.", "short_description": "Given an array-like data structure A[1..n], how many pairs", "full": "Given an array-like data structure A[1..n], how many pairs\n(i, j) for all 1 <= i < j <= n such that A[i] > A[j]? These pairs are\ncalled inversions. Counting the number of such inversions in an array-like\nobject is the important. Among other things, counting inversions can help\nus determine how close a given array is to being sorted.\nIn this implementation, I provide two algorithms, a divide-and-conquer\nalgorithm which runs in nlogn and the brute-force n^2 algorithm."}}, "functions": {"count_inversions_bf": {"doc": {"short_description": "Counts the number of inversions using a naive brute-force algorithm", "args": {"arr": {"type_name": "arr: array-like, the list containing the items for which the number", "is_optional": false}}, "returns": {"type_name": "The total number of inversions in `arr`", "is_generator": false, "return_name": "num_inversions"}}, "args": ["arr"], "returns": [["num_inversions"]], "min_max_lineno": {"min_lineno": 12, "max_lineno": 41}, "calls": ["len", "range", "range"], "store_vars_calls": {"n": "len"}}, "count_inversions_recursive": {"doc": {"long_description": "Parameters\n-----------\narr: array-like, the list containing the items for which the number\nof inversions is desired. The elements of `arr` must be comparable.", "short_description": "Counts the number of inversions using a divide-and-conquer algorithm", "returns": {"type_name": "a sorted copy of `arr`.", "is_generator": false, "return_name": "C"}}, "args": ["arr"], "returns": [["C", "num_inversions"], ["arr"]], "min_max_lineno": {"min_lineno": 43, "max_lineno": 75}, "calls": ["inversions.count_inversions_recursive", "inversions.count_inversions_recursive", "inversions._count_cross_inversions", "len", "len"]}, "_count_cross_inversions": {"doc": {"long_description": "And combine the two arrays into one sorted array\nFor all 1<= i<=len(P) and for all 1 <= j <= len(Q),\nif P[i] > Q[j], then (i, j) is a cross inversion", "short_description": "Counts the inversions across two sorted arrays.", "args": {"P": {"type_name": "array-like, sorted in non-decreasing order", "is_optional": false}, "Q": {"type_name": "array-like, sorted in non-decreasing order", "is_optional": false}, "R": {"type_name": "array-like, a sorted array of the elements of `P` and `Q`", "is_optional": false}, "num_inversion": {"type_name": "int, the number of inversions across `P` and `Q`", "is_optional": false}}}, "args": ["P", "Q"], "returns": [["R", "num_inversion"]], "min_max_lineno": {"min_lineno": 77, "max_lineno": 119}, "calls": ["len", "R.extend", "R.extend", "len", "len", "R.append", "R.append", "len"]}, "main": {"min_max_lineno": {"min_lineno": 121, "max_lineno": 150}, "calls": ["inversions.count_inversions_bf", "inversions.count_inversions_recursive", "print", "arr_1.sort", "inversions.count_inversions_bf", "inversions.count_inversions_recursive", "print", "inversions.count_inversions_bf", "inversions.count_inversions_recursive", "print"], "store_vars_calls": {"num_inversions_bf": "count_inversions_bf"}}}, "main_info": {"main_flag": 1, "main_function": "inversions.main", "type": "script"}, "is_test": true}