{"file": {"path": "/Users/rakshithagnanasekaran/desktop/Python/divide_and_conquer/kth_order_statistic.py", "fileNameBase": "kth_order_statistic", "extension": "py", "doc": {"long_description": "Recall we can do this trivially in O(nlogn) time. Sort the list and\naccess kth element in constant time.\n\nThis is a divide and conquer algorithm that can find a solution in O(n) time.\n\nFor more information of this algorithm:\nhttps://web.stanford.edu/class/archive/cs/cs161/cs161.1138/lectures/08/Small08.pdf", "short_description": "Find the kth smallest element in linear time using divide and conquer.", "full": "Find the kth smallest element in linear time using divide and conquer.\nRecall we can do this trivially in O(nlogn) time. Sort the list and\naccess kth element in constant time.\n\nThis is a divide and conquer algorithm that can find a solution in O(n) time.\n\nFor more information of this algorithm:\nhttps://web.stanford.edu/class/archive/cs/cs161/cs161.1138/lectures/08/Small08.pdf"}}, "dependencies": [{"from_module": "__future__", "import": "annotations", "type": "external"}, {"from_module": "random", "import": "choice", "type": "external"}], "functions": {"random_pivot": {"doc": {"long_description": "We can use a more sophisticated algorithm here, such as the median-of-medians\nalgorithm.", "short_description": "Choose a random pivot for the list."}, "args": ["lst"], "min_max_lineno": {"min_lineno": 16, "max_lineno": 23}, "calls": ["random.choice"]}, "kth_number": {"doc": {"long_description": ">>> kth_number([2, 1, 3, 4, 5], 3)\n3\n>>> kth_number([2, 1, 3, 4, 5], 1)\n1\n>>> kth_number([2, 1, 3, 4, 5], 5)\n5\n>>> kth_number([3, 2, 5, 6, 7, 8], 2)\n3\n>>> kth_number([25, 21, 98, 100, 76, 22, 43, 60, 89, 87], 4)\n43", "short_description": "Return the kth smallest number in lst."}, "args": ["lst", "k"], "returns": [["pivot"]], "min_max_lineno": {"min_lineno": 25, "max_lineno": 60}, "calls": ["kth_order_statistic.random_pivot", "len", "len", "kth_order_statistic.kth_number", "kth_order_statistic.kth_number", "len"], "store_vars_calls": {"pivot": "random_pivot"}}}, "main_info": {"main_flag": 1, "type": "script"}, "is_test": false}