{"file": {"path": "/Users/rakshithagnanasekaran/desktop/Python/divide_and_conquer/max_difference_pair.py", "fileNameBase": "max_difference_pair", "extension": "py"}, "functions": {"max_difference": {"doc": {"long_description": "find a pair of indices (i, j) such that\n1 <= i <= j <= n and A[j] - A[i] is as large as possible.\n\nExplanation:\nhttps://www.geeksforgeeks.org/maximum-difference-between-two-elements/\n\n>>> max_difference([5, 11, 2, 1, 7, 9, 0, 7])\n(1, 9)", "short_description": "We are given an array A[1..n] of integers, n >= 1. We want to"}, "args": ["a"], "returns": [["small2", "big2"], ["small1", "big1"], ["min_first", "max_second"]], "min_max_lineno": {"min_lineno": 1, "max_lineno": 39}, "calls": ["len", "max_difference_pair.max_difference", "max_difference_pair.max_difference", "min", "max", "len", "len"], "store_vars_calls": {"min_first": "min", "max_second": "max"}}}, "main_info": {"main_flag": 1, "type": "script"}, "is_test": false}