{"file": {"path": "/Users/rakshithagnanasekaran/desktop/Python/divide_and_conquer/max_subarray_sum.py", "fileNameBase": "max_subarray_sum", "extension": "py", "doc": {"long_description": "the maximum of sum of contiguous sub-array using divide and conquer method.\n\nTime complexity : O(n log n)\n\nRef : INTRODUCTION TO ALGORITHMS THIRD EDITION\n(section : 4, sub-section : 4.1, page : 70)", "short_description": "Given a array of length n, max_subarray_sum() finds", "full": "Given a array of length n, max_subarray_sum() finds\nthe maximum of sum of contiguous sub-array using divide and conquer method.\n\nTime complexity : O(n log n)\n\nRef : INTRODUCTION TO ALGORITHMS THIRD EDITION\n(section : 4, sub-section : 4.1, page : 70)"}}, "functions": {"max_sum_from_start": {"doc": {"long_description": "Parameters :\narray (list[int]) : given array\n\nReturns :\nmax_sum (int) : maximum contiguous sum of array from 0 index", "short_description": "This function finds the maximum contiguous sum of array from 0 index"}, "args": ["array"], "returns": [["max_sum"]], "min_max_lineno": {"min_lineno": 13, "max_lineno": 30}, "calls": ["float"], "store_vars_calls": {"max_sum": "float"}}, "max_cross_array_sum": {"doc": {"long_description": "Parameters :\narray, left, mid, right (list[int], int, int, int)\n\nReturns :\n(int) :  maximum of sum of contiguous sum of left and right arrays", "short_description": "This function finds the maximum contiguous sum of left and right arrays"}, "args": ["array", "left", "mid", "right"], "min_max_lineno": {"min_lineno": 32, "max_lineno": 46}, "calls": ["max_subarray_sum.max_sum_from_start", "max_subarray_sum.max_sum_from_start"], "store_vars_calls": {"max_sum_of_left": "max_sum_from_start", "max_sum_of_right": "max_sum_from_start"}}, "max_subarray_sum": {"doc": {"long_description": "Parameters :\narray, left, right (list[int], int, int) :\ngiven array, current left index and current right index\n\nReturns :\nint :  maximum of sum of contiguous sub-array", "short_description": "Maximum contiguous sub-array sum, using divide and conquer method"}, "args": ["array", "left", "right"], "min_max_lineno": {"min_lineno": 48, "max_lineno": 70}, "calls": ["max_subarray_sum.max_subarray_sum", "max_subarray_sum.max_subarray_sum", "max_subarray_sum.max_cross_array_sum", "max"], "store_vars_calls": {"left_half_sum": "max_subarray_sum", "right_half_sum": "max_subarray_sum", "cross_sum": "max_cross_array_sum"}}}, "body": {"calls": ["len", "print", "max_subarray_sum.max_subarray_sum"], "store_vars_calls": {"array_length": "len"}}, "is_test": false}