{"file": {"path": "/Users/rakshithagnanasekaran/desktop/Python/divide_and_conquer/mergesort.py", "fileNameBase": "mergesort", "extension": "py"}, "dependencies": [{"from_module": "__future__", "import": "annotations", "type": "external"}], "functions": {"merge": {"doc": {"long_description": ">>> left_half = [-2]\n>>> right_half = [-1]\n>>> merge(left_half, right_half)\n[-2, -1]\n\n>>> left_half = [1,2,3]\n>>> right_half = [4,5,6]\n>>> merge(left_half, right_half)\n[1, 2, 3, 4, 5, 6]\n\n>>> left_half = [-2]\n>>> right_half = [-1]\n>>> merge(left_half, right_half)\n[-2, -1]\n\n>>> left_half = [12, 15]\n>>> right_half = [13, 14]\n>>> merge(left_half, right_half)\n[12, 13, 14, 15]\n\n>>> left_half = []\n>>> right_half = []\n>>> merge(left_half, right_half)\n[]", "short_description": "Helper function for mergesort."}, "args": ["left_half", "right_half"], "returns": [["sorted_array"]], "min_max_lineno": {"min_lineno": 4, "max_lineno": 58}, "calls": ["len", "len", "len", "len", "len", "len"]}, "merge_sort": {"doc": {"long_description": ">>> from random import shuffle\n>>> array = [-2, 3, -10, 11, 99, 100000, 100, -200]\n>>> shuffle(array)\n>>> merge_sort(array)\n[-200, -10, -2, 3, 11, 99, 100, 100000]\n\n>>> shuffle(array)\n>>> merge_sort(array)\n[-200, -10, -2, 3, 11, 99, 100, 100000]\n\n>>> array = [-200]\n>>> merge_sort(array)\n[-200]\n\n>>> array = [-2, 3, -10, 11, 99, 100000, 100, -200]\n>>> shuffle(array)\n>>> sorted(array) == merge_sort(array)\nTrue\n\n>>> array = [-2]\n>>> merge_sort(array)\n[-2]\n\n>>> array = []\n>>> merge_sort(array)\n[]\n\n>>> array = [10000000, 1, -1111111111, 101111111112, 9000002]\n>>> sorted(array) == merge_sort(array)\nTrue", "short_description": "Returns a list of sorted array elements using merge sort."}, "args": ["array"], "returns": [["array"]], "min_max_lineno": {"min_lineno": 60, "max_lineno": 107}, "calls": ["mergesort.merge", "len", "mergesort.merge_sort", "mergesort.merge_sort", "len"]}}, "main_info": {"main_flag": 1, "type": "script"}, "is_test": false}