{"file": {"path": "/Users/rakshithagnanasekaran/desktop/Python/divide_and_conquer/peak.py", "fileNameBase": "peak", "extension": "py", "doc": {"long_description": "A unimodal array is defined as follows: array is increasing up to index p,\nthen decreasing afterwards. (for p >= 1)\nAn obvious solution can be performed in O(n),\nto find the maximum of the array.\n(From Kleinberg and Tardos. Algorithm Design.\nAddison Wesley 2006: Chapter 5 Solved Exercise 1)", "short_description": "Finding the peak of a unimodal list using divide and conquer.", "full": "Finding the peak of a unimodal list using divide and conquer.\nA unimodal array is defined as follows: array is increasing up to index p,\nthen decreasing afterwards. (for p >= 1)\nAn obvious solution can be performed in O(n),\nto find the maximum of the array.\n(From Kleinberg and Tardos. Algorithm Design.\nAddison Wesley 2006: Chapter 5 Solved Exercise 1)"}}, "dependencies": [{"from_module": "__future__", "import": "annotations", "type": "external"}], "functions": {"peak": {"doc": {"long_description": ">>> peak([1, 2, 3, 4, 5, 4, 3, 2, 1])\n5\n>>> peak([1, 10, 9, 8, 7, 6, 5, 4])\n10\n>>> peak([1, 9, 8, 7])\n9\n>>> peak([1, 2, 3, 4, 5, 6, 7, 0])\n7\n>>> peak([1, 2, 3, 4, 3, 2, 1, 0, -1, -2])\n4", "short_description": "Return the peak value of `lst`."}, "args": ["lst"], "min_max_lineno": {"min_lineno": 13, "max_lineno": 48}, "calls": ["len", "peak.peak", "peak.peak", "len", "len"]}}, "main_info": {"main_flag": 1, "type": "script"}, "is_test": false}