{"file": {"path": "/Users/rakshithagnanasekaran/desktop/Python/divide_and_conquer/power.py", "fileNameBase": "power", "extension": "py"}, "functions": {"actual_power": {"doc": {"long_description": "It only works for integer a,b.", "short_description": "Function using divide and conquer to calculate a^b."}, "args": ["a", "b"], "min_max_lineno": {"min_lineno": 1, "max_lineno": 12}, "calls": ["power.actual_power", "power.actual_power", "power.actual_power", "int", "int", "power.actual_power", "int", "int"]}, "power": {"doc": {"long_description": "4096\n>>> power(2,3)\n8\n>>> power(-2,3)\n-8\n>>> power(2,-3)\n0.125\n>>> power(-2,-3)\n-0.125", "short_description": ">>> power(4,6)"}, "args": ["a", "b"], "min_max_lineno": {"min_lineno": 14, "max_lineno": 30}, "calls": ["power.actual_power", "power.actual_power"]}}, "main_info": {"main_flag": 1, "main_function": "power.print", "type": "script"}, "is_test": false}