{"file": {"path": "/Users/rakshithagnanasekaran/desktop/Python/divide_and_conquer/strassen_matrix_multiplication.py", "fileNameBase": "strassen_matrix_multiplication", "extension": "py"}, "dependencies": [{"from_module": "__future__", "import": "annotations", "type": "external"}, {"import": "math", "type": "external"}], "functions": {"default_matrix_multiplication": {"doc": {"short_description": "Multiplication only for 2x2 matrices"}, "args": ["a", "b"], "returns": [["new_matrix"]], "min_max_lineno": {"min_lineno": 6, "max_lineno": 17}, "calls": ["Exception", "len", "len", "len", "len"]}, "matrix_addition": {"args": ["matrix_a", "matrix_b"], "min_max_lineno": {"min_lineno": 19, "max_lineno": 23}, "calls": ["range", "range", "len", "len"]}, "matrix_subtraction": {"args": ["matrix_a", "matrix_b"], "min_max_lineno": {"min_lineno": 26, "max_lineno": 30}, "calls": ["range", "range", "len", "len"]}, "split_matrix": {"doc": {"long_description": "quadrant.\n\n>>> split_matrix([[4,3,2,4],[2,3,1,1],[6,5,4,3],[8,4,1,6]])\n([[4, 3], [2, 3]], [[2, 4], [1, 1]], [[6, 5], [8, 4]], [[4, 3], [1, 6]])\n>>> split_matrix([\n...     [4,3,2,4,4,3,2,4],[2,3,1,1,2,3,1,1],[6,5,4,3,6,5,4,3],[8,4,1,6,8,4,1,6],\n...     [4,3,2,4,4,3,2,4],[2,3,1,1,2,3,1,1],[6,5,4,3,6,5,4,3],[8,4,1,6,8,4,1,6]\n... ])  # doctest: +NORMALIZE_WHITESPACE\n([[4, 3, 2, 4], [2, 3, 1, 1], [6, 5, 4, 3], [8, 4, 1, 6]], [[4, 3, 2, 4],\n  [2, 3, 1, 1], [6, 5, 4, 3], [8, 4, 1, 6]], [[4, 3, 2, 4], [2, 3, 1, 1],\n  [6, 5, 4, 3], [8, 4, 1, 6]], [[4, 3, 2, 4], [2, 3, 1, 1], [6, 5, 4, 3],\n  [8, 4, 1, 6]])", "short_description": "Given an even length matrix, returns the top_left, top_right, bot_left, bot_right"}, "args": ["a"], "returns": [["top_left", "top_right", "bot_left", "bot_right"]], "min_max_lineno": {"min_lineno": 33, "max_lineno": 64}, "calls": ["len", "Exception", "range", "range", "range", "range", "len", "len", "range", "range", "range", "range"], "store_vars_calls": {"matrix_length": "len"}}, "matrix_dimensions": {"args": ["matrix"], "min_max_lineno": {"min_lineno": 66, "max_lineno": 68}, "calls": ["len", "len"]}, "print_matrix": {"args": ["matrix"], "min_max_lineno": {"min_lineno": 70, "max_lineno": 73}, "calls": ["range", "len", "print"]}, "actual_strassen": {"doc": {"long_description": "Algorithm.  It only supports even length matrices.", "short_description": "Recursive function to calculate the product of two matrices, using the Strassen"}, "args": ["matrix_a", "matrix_b"], "returns": [["new_matrix"]], "min_max_lineno": {"min_lineno": 75, "max_lineno": 106}, "calls": ["strassen_matrix_multiplication.split_matrix", "strassen_matrix_multiplication.split_matrix", "strassen_matrix_multiplication.actual_strassen", "strassen_matrix_multiplication.actual_strassen", "strassen_matrix_multiplication.actual_strassen", "strassen_matrix_multiplication.actual_strassen", "strassen_matrix_multiplication.actual_strassen", "strassen_matrix_multiplication.actual_strassen", "strassen_matrix_multiplication.actual_strassen", "strassen_matrix_multiplication.matrix_addition", "strassen_matrix_multiplication.matrix_addition", "strassen_matrix_multiplication.matrix_addition", "strassen_matrix_multiplication.matrix_subtraction", "range", "range", "strassen_matrix_multiplication.matrix_dimensions", "strassen_matrix_multiplication.default_matrix_multiplication", "strassen_matrix_multiplication.matrix_subtraction", "strassen_matrix_multiplication.matrix_addition", "strassen_matrix_multiplication.matrix_addition", "strassen_matrix_multiplication.matrix_subtraction", "strassen_matrix_multiplication.matrix_addition", "strassen_matrix_multiplication.matrix_addition", "strassen_matrix_multiplication.matrix_subtraction", "strassen_matrix_multiplication.matrix_addition", "strassen_matrix_multiplication.matrix_subtraction", "strassen_matrix_multiplication.matrix_addition", "strassen_matrix_multiplication.matrix_subtraction", "strassen_matrix_multiplication.matrix_subtraction", "len", "new_matrix.append", "len", "new_matrix.append", "strassen_matrix_multiplication.matrix_addition", "strassen_matrix_multiplication.matrix_addition"], "store_vars_calls": {"t1": "actual_strassen", "t2": "actual_strassen", "t3": "actual_strassen", "t4": "actual_strassen", "t5": "actual_strassen", "t6": "actual_strassen", "t7": "actual_strassen", "top_left": "matrix_addition", "top_right": "matrix_addition", "bot_left": "matrix_addition", "bot_right": "matrix_subtraction"}}, "strassen": {"doc": {"long_description": "[[34, 23, 19, 15], [68, 46, 37, 28], [28, 18, 15, 12], [96, 62, 55, 48]]\n>>> strassen([[3,7,5,6,9],[1,5,3,7,8],[1,4,4,5,7]], [[2,4],[5,2],[1,7],[5,5],[7,8]])\n[[139, 163], [121, 134], [100, 121]]", "short_description": ">>> strassen([[2,1,3],[3,4,6],[1,4,2],[7,6,7]], [[4,2,3,4],[2,1,1,1],[8,6,4,2]])"}, "args": ["matrix1", "matrix2"], "returns": [["final_matrix"], ["matrix1", "matrix2"]], "min_max_lineno": {"min_lineno": 108, "max_lineno": 155}, "calls": ["strassen_matrix_multiplication.matrix_dimensions", "strassen_matrix_multiplication.matrix_dimensions", "max", "int", "range", "strassen_matrix_multiplication.actual_strassen", "range", "Exception", "max", "max", "math.pow", "strassen_matrix_multiplication.matrix_dimensions", "strassen_matrix_multiplication.matrix_dimensions", "math.ceil", "range", "new_matrix1.append", "range", "new_matrix2.append", "range", "actual_strassen.pop", "math.log2", "new_matrix1[].append", "new_matrix2[].append", "final_matrix[].pop"], "store_vars_calls": {"dimension1": "matrix_dimensions", "dimension2": "matrix_dimensions", "maximum": "max", "maxim": "int", "final_matrix": "actual_strassen"}}}, "main_info": {"main_flag": 1, "main_function": "strassen_matrix_multiplication.print", "type": "script"}, "is_test": false}