{"file": {"path": "/Users/rakshithagnanasekaran/desktop/Python/digital_image_processing/dithering/burkes.py", "fileNameBase": "burkes", "extension": "py", "doc": {"short_description": "Implementation Burke's algorithm (dithering)", "full": "Implementation Burke's algorithm (dithering)"}}, "dependencies": [{"import": "numpy", "alias": "np", "type": "external"}, {"from_module": "cv2", "import": "destroyAllWindows", "type": "external"}, {"from_module": "cv2", "import": "imread", "type": "external"}, {"from_module": "cv2", "import": "imshow", "type": "external"}, {"from_module": "cv2", "import": "waitKey", "type": "external"}], "classes": {"Burkes": {"doc": {"long_description": "Source: Source: https://en.wikipedia.org/wiki/Dither\n\nNote:\n    * Best results are given with threshold= ~1/2 * max greyscale value.\n    * This implementation get RGB image and converts it to greyscale in runtime.", "short_description": "Burke's algorithm is using for converting grayscale image to black and white version", "full": "Burke's algorithm is using for converting grayscale image to black and white version\nSource: Source: https://en.wikipedia.org/wiki/Dither\n\nNote:\n    * Best results are given with threshold= ~1/2 * max greyscale value.\n    * This implementation get RGB image and converts it to greyscale in runtime."}, "min_max_lineno": {"min_lineno": 8, "max_lineno": 68}, "methods": {"__init__": {"args": ["self", "input_img", "threshold"], "min_max_lineno": {"min_lineno": 18, "max_lineno": 36}, "calls": ["int", "burkes.Burkes.get_greyscale", "ValueError", "numpy.ones", "range", "range"], "store_vars_calls": {"self.max_threshold": "int"}}, "get_greyscale": {"doc": {"long_description": "3.753", "short_description": ">>> Burkes.get_greyscale(3, 4, 5)"}, "args": ["cls", "blue", "green", "red"], "min_max_lineno": {"min_lineno": 37, "max_lineno": 44}}, "process": {"args": ["self"], "min_max_lineno": {"min_lineno": 45, "max_lineno": 68}, "calls": ["range", "range", "int", "int", "int", "int", "int", "int", "int", "int", "burkes.Burkes.get_greyscale"], "store_vars_calls": {"greyscale": "int"}}}}}, "main_info": {"main_flag": 1, "type": "script"}, "is_test": false}