{"file": {"path": "/Users/rakshithagnanasekaran/desktop/Python/maths/3n_plus_1.py", "fileNameBase": "3n_plus_1", "extension": "py"}, "dependencies": [{"from_module": "__future__", "import": "annotations", "type": "external"}], "functions": {"n31": {"doc": {"long_description": ">>> n31(4)\n([4, 2, 1], 3)", "short_description": "Returns the Collatz sequence and its length of any positive integer."}, "args": ["a"], "returns": [["path"]], "min_max_lineno": {"min_lineno": 4, "max_lineno": 24}, "calls": ["isinstance", "TypeError", "ValueError", "len", "type"]}, "test_n31": {"doc": {"short_description": ">>> test_n31()"}, "min_max_lineno": {"min_lineno": 26, "max_lineno": 143}, "calls": ["3n_plus_1.n31", "3n_plus_1.n31", "3n_plus_1.n31"]}}, "main_info": {"main_flag": 1, "main_function": "3n_plus_1.n31", "type": "script"}, "is_test": true}