{"file": {"path": "/Users/rakshithagnanasekaran/desktop/inspect4py/test/test_files/BoostingMonocularDepth/demo.py", "fileNameBase": "demo", "extension": "py"}, "dependencies": [{"from_module": "operator", "import": "getitem", "type": "external"}, {"from_module": "torchvision.transforms", "import": "Compose", "type": "external"}, {"import": "torch", "type": "external"}, {"import": "cv2", "type": "external"}, {"import": "numpy", "alias": "np", "type": "external"}, {"import": "warnings", "type": "external"}, {"import": "gradio", "alias": "gr", "type": "external"}, {"import": "os", "type": "external"}, {"import": "gdown", "type": "external"}, {"from_module": "utils", "import": "ImageandPatchs", "type": "internal"}, {"from_module": "utils", "import": "generatemask", "type": "internal"}, {"from_module": "utils", "import": "getGF_fromintegral", "type": "internal"}, {"from_module": "utils", "import": "calculateprocessingres", "type": "internal"}, {"from_module": "utils", "import": "rgb2gray", "type": "internal"}, {"from_module": "utils", "import": "applyGridpatch", "type": "internal"}, {"import": "midas", "type": "internal"}, {"from_module": "midas.models.midas_net", "import": "MidasNet", "type": "internal"}, {"from_module": "midas.models.transforms", "import": "Resize", "type": "internal"}, {"from_module": "midas.models.transforms", "import": "NormalizeImage", "type": "internal"}, {"from_module": "midas.models.transforms", "import": "PrepareForNet", "type": "internal"}, {"from_module": "pix2pix.options.test_options", "import": "TestOptions", "type": "internal"}, {"from_module": "pix2pix.models.pix2pix4depth_model", "import": "Pix2Pix4DepthModel", "type": "internal"}], "functions": {"estimatemidas": {"args": ["img", "msize"], "returns": [["prediction"]], "min_max_lineno": {"min_lineno": 66, "max_lineno": 105}, "calls": ["torchvision.transforms.Compose", "midasmodel.forward.squeeze().cpu().numpy", "cv2.resize", "midasmodel.forward.min", "midasmodel.forward.max", "torchvision.transforms.Compose.", "torch.no_grad", "torch.from_numpy().to().unsqueeze", "midasmodel.forward", "midas.models.transforms.Resize", "midas.models.transforms.NormalizeImage", "midas.models.transforms.PrepareForNet", "midasmodel.forward.squeeze().cpu", "numpy.finfo", "torch.from_numpy().to", "midasmodel.forward.squeeze", "torch.from_numpy"], "store_vars_calls": {"transform": "Compose", "prediction": "midasmodel.forward", "depth_min": "prediction.min", "depth_max": "prediction.max", "sample": "torch.from_numpy().to().unsqueeze"}}, "singleestimate": {"args": ["img", "msize", "net_type"], "min_max_lineno": {"min_lineno": 107, "max_lineno": 113}, "calls": ["demo.estimatemidas", "print"]}, "doubleestimate": {"args": ["img", "size1", "size2", "pix2pixsize", "net_type"], "returns": [["prediction_mapped"]], "min_max_lineno": {"min_lineno": 115, "max_lineno": 137}, "calls": ["demo.singleestimate", "cv2.resize", "demo.singleestimate", "cv2.resize", "pix2pixmodel.set_input", "pix2pixmodel.test", "pix2pixmodel.get_current_visuals", "prediction_mapped.squeeze().cpu().numpy.squeeze().cpu().numpy", "torch.min", "torch.max", "torch.min", "prediction_mapped.squeeze().cpu().numpy.squeeze().cpu", "prediction_mapped.squeeze().cpu().numpy.squeeze"], "store_vars_calls": {"estimate1": "cv2.resize", "estimate2": "cv2.resize", "visuals": "pix2pixmodel.get_current_visuals", "prediction_mapped": "prediction_mapped.squeeze().cpu().numpy"}}, "adaptiveselection": {"args": ["integral_grad", "patch_bound_list", "gf", "factor"], "returns": [["patchlist"]], "min_max_lineno": {"min_lineno": 139, "max_lineno": 188}, "calls": ["int", "range", "len", "utils.getGF_fromintegral", "bbox_test.copy.copy", "bbox.copy.copy", "str", "str", "int", "int", "utils.getGF_fromintegral", "str", "str"], "store_vars_calls": {"search_step": "int", "bbox_test": "bbox.copy", "bbox": "bbox_test.copy"}}, "generatepatchs": {"args": ["img", "base_size", "factor"], "returns": [["patchset"]], "min_max_lineno": {"min_lineno": 190, "max_lineno": 220}, "calls": ["utils.rgb2gray", "whole_grad[].mean", "cv2.integral", "int", "int", "utils.applyGridpatch", "print", "demo.adaptiveselection", "sorted", "numpy.abs", "numpy.abs", "whole_grad.sum", "len", "round", "round", "adaptiveselection.items", "cv2.Sobel", "cv2.Sobel", "whole_grad.reshape", "operator.getitem"], "store_vars_calls": {"img_gray": "rgb2gray", "threshold": "whole_grad[].mean", "grad_integral_image": "cv2.integral", "blsize": "int", "stride": "int", "patch_bound_list": "adaptiveselection", "patchset": "sorted"}}, "generatedepth": {"args": ["img", "type"], "returns": [["result_colored"], ["result_colored"]], "min_max_lineno": {"min_lineno": 222, "max_lineno": 357}, "calls": ["mask_org.copy", "print", "print", "utils.calculateprocessingres", "print", "demo.doubleestimate", "max", "print", "cv2.resize", "print", "demo.generatepatchs", "utils.ImageandPatchs", "cv2.resize", "utils.ImageandPatchs.set_base_estimate", "utils.ImageandPatchs.set_updated_estimate", "print", "print", "range", "cv2.applyColorMap", "cv2.cvtColor", "cv2.resize", "cv2.applyColorMap", "cv2.cvtColor", "min", "round", "round", "cv2.resize.copy", "cv2.resize.copy", "len", "print", "demo.doubleestimate", "cv2.resize", "cv2.resize", "pix2pixmodel.set_input", "pix2pixmodel.test", "pix2pixmodel.get_current_visuals", "prediction_mapped.squeeze().cpu().numpy.squeeze().cpu().numpy", "numpy.polyfit", "numpy.polyval().reshape", "cv2.resize", "utils.ImageandPatchs.set_updated_estimate", "round", "round", "round", "round", "str", "int", "mapped.reshape", "cv2.resize.reshape", "cv2.resize", "numpy.multiply", "numpy.multiply", "numpy.zeros_like", "len", "prediction_mapped.squeeze().cpu().numpy.squeeze().cpu", "numpy.polyval", "mapped.reshape", "prediction_mapped.squeeze().cpu().numpy.squeeze"], "store_vars_calls": {"mask": "cv2.resize", "whole_estimate": "doubleestimate", "factor": "max", "img": "cv2.resize", "patchset": "generatepatchs", "imageandpatchs": "ImageandPatchs", "whole_estimate_resized": "cv2.resize", "result_colored": "cv2.cvtColor", "result": "cv2.resize", "b": "round", "a": "round", "patch_estimation": "cv2.resize", "patch_whole_estimate_base": "cv2.resize", "visuals": "pix2pixmodel.get_current_visuals", "prediction_mapped": "prediction_mapped.squeeze().cpu().numpy", "p_coef": "np.polyfit", "merged": "cv2.resize"}}}, "body": {"calls": ["torch.device", "pix2pix.options.test_options.TestOptions().parse", "pix2pix.models.pix2pix4depth_model.Pix2Pix4DepthModel", "midas.models.midas_net.MidasNet", "utils.generatemask", "warnings.simplefilter", "os.system", "gdown.download", "gdown.download", "print", "print", "torch.cuda.device_count", "pix2pix.models.pix2pix4depth_model.Pix2Pix4DepthModel.load_networks", "pix2pix.models.pix2pix4depth_model.Pix2Pix4DepthModel.netG.to", "pix2pix.models.pix2pix4depth_model.Pix2Pix4DepthModel.eval", "midas.models.midas_net.MidasNet.to", "midas.models.midas_net.MidasNet.eval", "gradio.Interface().launch"], "store_vars_calls": {"device": "torch.device", "opt": "TestOptions().parse", "pix2pixmodel": "Pix2Pix4DepthModel", "midasmodel": "MidasNet", "mask_org": "generatemask"}}, "is_test": false}