{"file": {"path": "/Users/rakshithagnanasekaran/desktop/inspect4py/test/test_files/BoostingMonocularDepth/run.py", "fileNameBase": "run", "extension": "py"}, "dependencies": [{"from_module": "operator", "import": "getitem", "type": "external"}, {"from_module": "torchvision.transforms", "import": "Compose", "type": "external"}, {"from_module": "torchvision.transforms", "import": "transforms", "type": "external"}, {"from_module": "utils", "import": "ImageandPatchs", "type": "internal"}, {"from_module": "utils", "import": "ImageDataset", "type": "internal"}, {"from_module": "utils", "import": "generatemask", "type": "internal"}, {"from_module": "utils", "import": "getGF_fromintegral", "type": "internal"}, {"from_module": "utils", "import": "calculateprocessingres", "type": "internal"}, {"from_module": "utils", "import": "rgb2gray", "type": "internal"}, {"from_module": "utils", "import": "applyGridpatch", "type": "internal"}, {"import": "midas", "type": "internal"}, {"from_module": "midas.models.midas_net", "import": "MidasNet", "type": "internal"}, {"from_module": "midas.models.transforms", "import": "Resize", "type": "internal"}, {"from_module": "midas.models.transforms", "import": "NormalizeImage", "type": "internal"}, {"from_module": "midas.models.transforms", "import": "PrepareForNet", "type": "internal"}, {"from_module": "lib.multi_depth_model_woauxi", "import": "RelDepthModel", "type": "internal"}, {"from_module": "lib.net_tools", "import": "strip_prefix_if_present", "type": "internal"}, {"from_module": "pix2pix.options.test_options", "import": "TestOptions", "type": "internal"}, {"from_module": "pix2pix.models.pix2pix4depth_model", "import": "Pix2Pix4DepthModel", "type": "internal"}, {"import": "time", "type": "external"}, {"import": "os", "type": "external"}, {"import": "torch", "type": "external"}, {"import": "cv2", "type": "external"}, {"import": "numpy", "alias": "np", "type": "external"}, {"import": "argparse", "type": "external"}, {"import": "warnings", "type": "external"}], "functions": {"run": {"args": ["dataset", "option"], "min_max_lineno": {"min_lineno": 45, "max_lineno": 298}, "calls": ["pix2pix.options.test_options.TestOptions().parse", "pix2pix.models.pix2pix4depth_model.Pix2Pix4DepthModel", "pix2pix.models.pix2pix4depth_model.Pix2Pix4DepthModel.load_networks", "pix2pix.models.pix2pix4depth_model.Pix2Pix4DepthModel.eval", "os.makedirs", "utils.generatemask", "utils.generatemask.copy", "print", "enumerate", "print", "midas.models.midas_net.MidasNet", "midas.models.midas_net.MidasNet.to", "midas.models.midas_net.MidasNet.eval", "os.makedirs", "os.makedirs", "print", "utils.calculateprocessingres", "print", "run.doubleestimate", "max", "print", "int", "int", "cv2.resize", "run.generatepatchs", "print", "utils.ImageandPatchs", "cv2.resize", "utils.ImageandPatchs.set_base_estimate", "utils.ImageandPatchs.set_updated_estimate", "print", "print", "range", "os.path.join", "pix2pix.options.test_options.TestOptions", "DepthNet.DepthNet", "torch.nn.DataParallel().cuda", "torch.load", "torch.nn.DataParallel().cuda.load_state_dict", "torch.nn.DataParallel().cuda.eval", "os.path.join", "os.path.join", "min", "print", "os.path.join", "round", "round", "round", "round", "max", "print", "int", "int", "print", "cv2.resize.copy", "cv2.resize.copy", "len", "print", "run.doubleestimate", "cv2.resize", "cv2.resize", "pix2pix.models.pix2pix4depth_model.Pix2Pix4DepthModel.set_input", "pix2pix.models.pix2pix4depth_model.Pix2Pix4DepthModel.test", "pix2pix.models.pix2pix4depth_model.Pix2Pix4DepthModel.get_current_visuals", "prediction_mapped.squeeze().cpu().numpy.squeeze().cpu().numpy", "numpy.polyfit", "numpy.polyval().reshape", "cv2.resize", "utils.ImageandPatchs.set_updated_estimate", "midas.utils.write_depth", "midas.utils.write_depth", "torch.load", "lib.multi_depth_model_woauxi.RelDepthModel", "lib.multi_depth_model_woauxi.RelDepthModel.load_state_dict", "torch.cuda.empty_cache", "lib.multi_depth_model_woauxi.RelDepthModel.to", "lib.multi_depth_model_woauxi.RelDepthModel.eval", "midas.utils.write_depth", "midas.utils.write_depth", "midas.utils.write_depth", "midas.utils.write_depth", "midas.utils.write_depth", "midas.utils.write_depth", "round", "round", "round", "round", "str", "os.path.join", "midas.utils.write_depth", "mapped.reshape", "cv2.resize.reshape", "cv2.resize", "numpy.multiply", "numpy.multiply", "cv2.resize", "torch.nn.DataParallel", "lib.net_tools.strip_prefix_if_present", "cv2.resize", "cv2.resize", "cv2.resize", "len", "prediction_mapped.squeeze().cpu().numpy.squeeze().cpu", "numpy.polyval", "mapped.reshape", "prediction_mapped.squeeze().cpu().numpy.squeeze"], "store_vars_calls": {"opt": "TestOptions().parse", "pix2pixmodel": "Pix2Pix4DepthModel", "mask_org": "generatemask", "mask": "cv2.resize", "midasmodel": "MidasNet", "whole_estimate": "doubleestimate", "factor": "max", "b": "round", "a": "round", "img": "cv2.resize", "patchset": "generatepatchs", "imageandpatchs": "ImageandPatchs", "whole_estimate_resized": "cv2.resize", "path": "os.path.join", "srlnet": "torch.nn.DataParallel().cuda", "checkpoint": "torch.load", "patch_estimation": "cv2.resize", "patch_whole_estimate_base": "cv2.resize", "visuals": "pix2pixmodel.get_current_visuals", "prediction_mapped": "prediction_mapped.squeeze().cpu().numpy", "p_coef": "np.polyfit", "merged": "cv2.resize", "leresmodel": "RelDepthModel"}}, "generatepatchs": {"args": ["img", "base_size"], "returns": [["patchset"]], "min_max_lineno": {"min_lineno": 301, "max_lineno": 332}, "calls": ["utils.rgb2gray", "whole_grad[].mean", "cv2.integral", "int", "int", "utils.applyGridpatch", "print", "run.adaptiveselection", "sorted", "numpy.abs", "numpy.abs", "whole_grad.sum", "len", "round", "round", "adaptiveselection.items", "cv2.Sobel", "cv2.Sobel", "whole_grad.reshape", "operator.getitem"], "store_vars_calls": {"img_gray": "rgb2gray", "threshold": "whole_grad[].mean", "grad_integral_image": "cv2.integral", "blsize": "int", "stride": "int", "patch_bound_list": "adaptiveselection", "patchset": "sorted"}}, "adaptiveselection": {"args": ["integral_grad", "patch_bound_list", "gf"], "returns": [["patchlist"]], "min_max_lineno": {"min_lineno": 335, "max_lineno": 384}, "calls": ["int", "range", "len", "utils.getGF_fromintegral", "bbox_test.copy.copy", "bbox.copy.copy", "str", "str", "int", "int", "utils.getGF_fromintegral", "str", "str"], "store_vars_calls": {"search_step": "int", "bbox_test": "bbox.copy", "bbox": "bbox_test.copy"}}, "doubleestimate": {"args": ["img", "size1", "size2", "pix2pixsize", "net_type"], "returns": [["prediction_mapped"]], "min_max_lineno": {"min_lineno": 387, "max_lineno": 409}, "calls": ["run.singleestimate", "cv2.resize", "run.singleestimate", "cv2.resize", "pix2pixmodel.set_input", "pix2pixmodel.test", "pix2pixmodel.get_current_visuals", "prediction_mapped.squeeze().cpu().numpy.squeeze().cpu().numpy", "torch.min", "torch.max", "torch.min", "prediction_mapped.squeeze().cpu().numpy.squeeze().cpu", "prediction_mapped.squeeze().cpu().numpy.squeeze"], "store_vars_calls": {"estimate1": "cv2.resize", "estimate2": "cv2.resize", "visuals": "pix2pixmodel.get_current_visuals", "prediction_mapped": "prediction_mapped.squeeze().cpu().numpy"}}, "singleestimate": {"args": ["img", "msize", "net_type"], "min_max_lineno": {"min_lineno": 412, "max_lineno": 423}, "calls": ["print", "run.estimatemidas", "run.estimatesrl", "run.estimateleres"]}, "estimatesrl": {"args": ["img", "msize"], "returns": [["depth_norm"]], "min_max_lineno": {"min_lineno": 426, "max_lineno": 449}, "calls": ["torchvision.transforms.transforms.Compose", "cv2.resize().astype", "transforms.Compose.", "torch.autograd.Variable", "srlnet.squeeze().cpu().data.numpy", "cv2.resize", "img_transform.cuda().unsqueeze", "torch.no_grad", "srlnet", "output.squeeze().cpu().data.numpy.min", "output.squeeze().cpu().data.numpy.max", "torchvision.transforms.transforms.ToTensor", "torchvision.transforms.transforms.Normalize", "cv2.resize", "img_transform.cuda", "srlnet.squeeze().cpu", "srlnet.squeeze"], "store_vars_calls": {"img_transform": "transforms.Compose", "img_resized": "cv2.resize().astype", "tensor_img": "img_transform", "input_img": "torch.autograd.Variable", "depth": "output.squeeze().cpu().data.numpy", "depth_norm": "cv2.resize", "output": "srlnet"}}, "estimatemidas": {"args": ["img", "msize"], "returns": [["prediction"]], "min_max_lineno": {"min_lineno": 451, "max_lineno": 490}, "calls": ["torchvision.transforms.Compose", "midasmodel.forward.squeeze().cpu().numpy", "cv2.resize", "midasmodel.forward.min", "midasmodel.forward.max", "torchvision.transforms.Compose.", "torch.no_grad", "torch.from_numpy().to().unsqueeze", "midasmodel.forward", "midas.models.transforms.Resize", "midas.models.transforms.NormalizeImage", "midas.models.transforms.PrepareForNet", "midasmodel.forward.squeeze().cpu", "numpy.finfo", "torch.from_numpy().to", "midasmodel.forward.squeeze", "torch.from_numpy"], "store_vars_calls": {"transform": "Compose", "prediction": "midasmodel.forward", "depth_min": "prediction.min", "depth_max": "prediction.max", "sample": "torch.from_numpy().to().unsqueeze"}}, "scale_torch": {"doc": {"short_description": "Scale the image and output it in torch.tensor.", "args": {"img": {"description": "input rgb is in shape [H, W, C], input depth/disp is in shape [H, W]"}, "scale": {"description": "the scale factor. float"}}, "returns": {"description": "img. [C, H, W]", "is_generator": false}}, "args": ["img"], "returns": [["img"]], "min_max_lineno": {"min_lineno": 492, "max_lineno": 509}, "calls": ["len", "torchvision.transforms.transforms.Compose", "transforms.Compose.", "torch.from_numpy.astype", "torch.from_numpy", "torch.from_numpy.astype", "torchvision.transforms.transforms.ToTensor", "torchvision.transforms.transforms.Normalize"], "store_vars_calls": {"transform": "transforms.Compose", "img": "torch.from_numpy"}}, "estimateleres": {"args": ["img", "msize"], "returns": [["prediction"]], "min_max_lineno": {"min_lineno": 511, "max_lineno": 526}, "calls": ["img[].copy", "cv2.resize", "leresmodel.inference.squeeze().cpu().numpy", "cv2.resize", "run.scale_torch", "torch.no_grad", "leresmodel.inference", "leresmodel.inference.squeeze().cpu", "leresmodel.inference.squeeze"], "store_vars_calls": {"rgb_c": "img[].copy", "A_resize": "cv2.resize", "prediction": "leresmodel.inference"}}}, "body": {"calls": ["torch.device", "warnings.simplefilter", "print"], "store_vars_calls": {"device": "torch.device"}}, "main_info": {"main_flag": 1, "type": "script"}, "is_test": false}