{"file": {"path": "/Users/rakshithagnanasekaran/desktop/inspect4py/test/test_files/BoostingMonocularDepth/utils.py", "fileNameBase": "utils", "extension": "py"}, "dependencies": [{"import": "os", "type": "external"}, {"import": "cv2", "type": "external"}, {"import": "numpy", "alias": "np", "type": "external"}, {"import": "math", "type": "external"}, {"import": "matplotlib", "alias": "plt", "type": "external"}, {"import": "skimage", "type": "external"}], "classes": {"Images": {"min_max_lineno": {"min_lineno": 144, "max_lineno": 153}, "methods": {"__init__": {"args": ["self", "root_dir", "files", "index"], "min_max_lineno": {"min_lineno": 145, "max_lineno": 153}, "calls": ["utils.read_image", "name.replace.replace.replace", "name.replace.replace.replace", "name.replace.replace.replace", "os.path.join"], "store_vars_calls": {"self.rgb_image": "read_image", "name": "name.replace"}}}}, "ImageandPatchs": {"min_max_lineno": {"min_lineno": 155, "max_lineno": 202}, "methods": {"__init__": {"args": ["self", "root_dir", "name", "patchsinfo", "rgb_image", "scale"], "min_max_lineno": {"min_lineno": 156, "max_lineno": 169}, "calls": ["cv2.resize", "round", "round"], "store_vars_calls": {"self.rgb_image": "cv2.resize"}}, "__len__": {"args": ["self"], "min_max_lineno": {"min_lineno": 170, "max_lineno": 172}, "calls": ["len"]}, "set_base_estimate": {"args": ["self", "est"], "min_max_lineno": {"min_lineno": 173, "max_lineno": 177}}, "set_updated_estimate": {"args": ["self", "est"], "min_max_lineno": {"min_lineno": 178, "max_lineno": 182}}, "__getitem__": {"args": ["self", "index"], "min_max_lineno": {"min_lineno": 183, "max_lineno": 202}, "calls": ["int", "numpy.array", "numpy.round", "rect.astype.astype.astype", "round", "utils.impatch", "utils.impatch", "utils.impatch"], "store_vars_calls": {"patch_id": "int", "rect": "rect.astype", "msize": "round", "patch_rgb": "impatch", "patch_whole_estimate_base": "impatch", "patch_whole_estimate_updated": "impatch"}}}}, "ImageDataset": {"min_max_lineno": {"min_lineno": 204, "max_lineno": 216}, "methods": {"__init__": {"args": ["self", "root_dir", "subsetname"], "min_max_lineno": {"min_lineno": 205, "max_lineno": 210}, "calls": ["sorted", "os.listdir"], "store_vars_calls": {"self.files": "sorted"}}, "__len__": {"args": ["self"], "min_max_lineno": {"min_lineno": 211, "max_lineno": 213}, "calls": ["len"]}, "__getitem__": {"args": ["self", "index"], "min_max_lineno": {"min_lineno": 214, "max_lineno": 216}, "calls": ["utils.Images"]}}}}, "functions": {"resizewithpool": {"args": ["img", "size"], "returns": [["out"]], "min_max_lineno": {"min_lineno": 11, "max_lineno": 17}, "calls": ["int", "skimage.measure.block_reduce", "numpy.floor"], "store_vars_calls": {"n": "int", "out": "skimage.measure.block_reduce"}}, "showimage": {"args": ["img"], "min_max_lineno": {"min_lineno": 19, "max_lineno": 23}, "calls": ["matplotlib.imshow", "matplotlib.colorbar", "matplotlib.show"]}, "read_image": {"args": ["path"], "returns": [["img"]], "min_max_lineno": {"min_lineno": 25, "max_lineno": 31}, "calls": ["cv2.imread", "cv2.cvtColor", "cv2.cvtColor"], "store_vars_calls": {"img": "cv2.cvtColor"}}, "generatemask": {"args": ["size"], "returns": [["mask"]], "min_max_lineno": {"min_lineno": 33, "max_lineno": 43}, "calls": ["numpy.zeros", "int", "int", "cv2.GaussianBlur", "mask.astype.astype", "int", "int", "mask.astype.min", "mask.astype.max", "mask.astype.min", "numpy.ceil", "int", "int", "int", "int", "int"], "store_vars_calls": {"mask": "mask.astype", "sigma": "int", "k_size": "int"}}, "impatch": {"args": ["image", "rect"], "returns": [["image_patch"]], "min_max_lineno": {"min_lineno": 45, "max_lineno": 53}}, "getGF_fromintegral": {"args": ["integralimage", "rect"], "returns": [["value"]], "min_max_lineno": {"min_lineno": 55, "max_lineno": 63}}, "rgb2gray": {"args": ["rgb"], "min_max_lineno": {"min_lineno": 65, "max_lineno": 68}, "calls": ["numpy.dot"]}, "calculateprocessingres": {"args": ["img", "basesize", "confidence", "scale_threshold", "whole_size_threshold"], "returns": [["patch_scale"]], "min_max_lineno": {"min_lineno": 70, "max_lineno": 126}, "calls": ["int", "utils.rgb2gray", "cv2.resize", "cv2.resize.min", "cv2.resize.max", "numpy.ones", "numpy.ones", "min", "range", "cv2.dilate", "cv2.dilate.mean", "min", "numpy.abs", "numpy.abs", "int", "int", "int", "utils.resizewithpool", "cv2.resize", "cv2.dilate", "int", "cv2.Sobel", "cv2.Sobel", "int", "int", "int", "int", "max"], "store_vars_calls": {"image_dim": "int", "gray": "rgb2gray", "grad": "cv2.resize", "m": "grad.min", "M": "grad.max", "kernel": "np.ones", "kernel2": "np.ones", "threshold": "min", "grad_region": "cv2.dilate", "patch_scale": "grad_region.mean", "grad_resized": "cv2.resize", "dilated": "cv2.dilate"}}, "applyGridpatch": {"args": ["blsize", "stride", "img", "box"], "returns": [["patch_bound_list"]], "min_max_lineno": {"min_lineno": 128, "max_lineno": 142}, "calls": ["range", "range", "str", "str", "str"]}}, "is_test": false}