{"file": {"path": "/Users/rakshithagnanasekaran/desktop/Python/greedy_methods/optimal_merge_pattern.py", "fileNameBase": "optimal_merge_pattern", "extension": "py", "doc": {"long_description": "reference: https://www.geeksforgeeks.org/optimal-file-merge-patterns/\n\nFor doctests run following command:\npython3 -m doctest -v greedy_merge_sort.py\n\nObjective\nMerge a set of sorted files of different length into a single sorted file.\nWe need to find an optimal solution, where the resultant file\nwill be generated in minimum time.\n\nApproach\nIf the number of sorted files are given, there are many ways\nto merge them into a single sorted file.\nThis merge can be performed pair wise.\nTo merge a m-record file and a n-record file requires possibly m+n record moves\nthe optimal choice being,\nmerge the two smallest files together at each step (greedy approach).", "short_description": "This is a pure Python implementation of the greedy-merge-sort algorithm", "full": "This is a pure Python implementation of the greedy-merge-sort algorithm\nreference: https://www.geeksforgeeks.org/optimal-file-merge-patterns/\n\nFor doctests run following command:\npython3 -m doctest -v greedy_merge_sort.py\n\nObjective\nMerge a set of sorted files of different length into a single sorted file.\nWe need to find an optimal solution, where the resultant file\nwill be generated in minimum time.\n\nApproach\nIf the number of sorted files are given, there are many ways\nto merge them into a single sorted file.\nThis merge can be performed pair wise.\nTo merge a m-record file and a n-record file requires possibly m+n record moves\nthe optimal choice being,\nmerge the two smallest files together at each step (greedy approach)."}}, "functions": {"optimal_merge_pattern": {"doc": {"long_description": "Args:\n    files [list]: A list of sizes of different files to be merged\n\nReturns:\n    optimal_merge_cost [int]: Optimal cost to merge all those files\n\nExamples:\n>>> optimal_merge_pattern([2, 3, 4])\n14\n>>> optimal_merge_pattern([5, 10, 20, 30, 30])\n205\n>>> optimal_merge_pattern([8, 8, 8, 8, 8])\n96", "short_description": "Function to merge all the files with optimum cost"}, "args": ["files"], "returns": [["optimal_merge_cost"]], "min_max_lineno": {"min_lineno": 23, "max_lineno": 51}, "calls": ["len", "range", "files.append", "files.index", "files.pop", "min"], "store_vars_calls": {"min_index": "files.index"}}}, "main_info": {"main_flag": 1, "type": "script"}, "is_test": false}