{"file": {"path": "/Users/rakshithagnanasekaran/desktop/Python/data_structures/hashing/double_hash.py", "fileNameBase": "double_hash", "extension": "py"}, "dependencies": [{"from_module": "hash_table", "import": "HashTable", "type": "internal"}, {"from_module": "number_theory.prime_numbers", "import": "is_prime", "type": "internal"}, {"from_module": "number_theory.prime_numbers", "import": "next_prime", "type": "internal"}], "classes": {"DoubleHash": {"doc": {"short_description": "Hash Table example with open addressing and Double Hash", "full": "Hash Table example with open addressing and Double Hash"}, "extend": ["HashTable"], "min_max_lineno": {"min_lineno": 6, "max_lineno": 42}, "methods": {"__init__": {"args": ["self"], "min_max_lineno": {"min_lineno": 11, "max_lineno": 13}, "calls": ["hash_table.HashTable.__init__"]}, "__hash_function_2": {"args": ["self", "value", "data"], "min_max_lineno": {"min_lineno": 14, "max_lineno": 22}, "calls": ["number_theory.prime_numbers.next_prime", "number_theory.prime_numbers.is_prime"]}, "__hash_double_function": {"args": ["self", "key", "data", "increment"], "min_max_lineno": {"min_lineno": 23, "max_lineno": 25}, "calls": ["double_hash.DoubleHash.__hash_function_2"]}, "_collision_resolution": {"args": ["self", "key", "data"], "returns": [["new_key"]], "min_max_lineno": {"min_lineno": 26, "max_lineno": 42}, "calls": ["double_hash.DoubleHash.hash_function", "double_hash.DoubleHash.__hash_double_function", "double_hash.DoubleHash.balanced_factor"], "store_vars_calls": {"new_key": "self.hash_function"}}}}}, "is_test": false}