{"file": {"path": "/Users/rakshithagnanasekaran/desktop/Python/data_structures/hashing/hash_table.py", "fileNameBase": "hash_table", "extension": "py"}, "dependencies": [{"from_module": "number_theory.prime_numbers", "import": "next_prime", "type": "internal"}], "classes": {"HashTable": {"doc": {"short_description": "Basic Hash Table example with open addressing and linear probing", "full": "Basic Hash Table example with open addressing and linear probing"}, "min_max_lineno": {"min_lineno": 5, "max_lineno": 84}, "methods": {"__init__": {"args": ["self", "size_table", "charge_factor", "lim_charge"], "min_max_lineno": {"min_lineno": 10, "max_lineno": 17}}, "keys": {"args": ["self"], "min_max_lineno": {"min_lineno": 18, "max_lineno": 20}}, "balanced_factor": {"args": ["self"], "min_max_lineno": {"min_lineno": 21, "max_lineno": 24}, "calls": ["sum"]}, "hash_function": {"args": ["self", "key"], "min_max_lineno": {"min_lineno": 26, "max_lineno": 28}}, "_step_by_step": {"args": ["self", "step_ord"], "min_max_lineno": {"min_lineno": 29, "max_lineno": 34}, "calls": ["print", "print", "print", "range", "len"]}, "bulk_insert": {"args": ["self", "values"], "min_max_lineno": {"min_lineno": 35, "max_lineno": 42}, "calls": ["hash_table.HashTable.insert_data", "hash_table.HashTable._step_by_step"]}, "_set_value": {"args": ["self", "key", "data"], "min_max_lineno": {"min_lineno": 43, "max_lineno": 46}}, "_collision_resolution": {"args": ["self", "key", "data"], "returns": [["new_key"]], "min_max_lineno": {"min_lineno": 47, "max_lineno": 59}, "calls": ["hash_table.HashTable.hash_function", "hash_table.HashTable.values.count", "hash_table.HashTable.hash_function"], "store_vars_calls": {"new_key": "self.hash_function"}}, "rehashing": {"args": ["self"], "min_max_lineno": {"min_lineno": 60, "max_lineno": 67}, "calls": ["number_theory.prime_numbers.next_prime", "hash_table.HashTable._keys.clear", "hash_table.HashTable.insert_data"], "store_vars_calls": {"self.size_table": "next_prime"}}, "insert_data": {"args": ["self", "data"], "min_max_lineno": {"min_lineno": 68, "max_lineno": 84}, "calls": ["hash_table.HashTable.hash_function", "hash_table.HashTable._set_value", "hash_table.HashTable._collision_resolution", "hash_table.HashTable._set_value", "hash_table.HashTable.rehashing", "hash_table.HashTable.insert_data"], "store_vars_calls": {"key": "self.hash_function", "collision_resolution": "self._collision_resolution"}}}}}, "is_test": false}