{"file": {"path": "/Users/rakshithagnanasekaran/desktop/Python/data_structures/hashing/hash_table_with_linked_list.py", "fileNameBase": "hash_table_with_linked_list", "extension": "py"}, "dependencies": [{"from_module": "collections", "import": "deque", "type": "external"}, {"from_module": "hash_table", "import": "HashTable", "type": "internal"}], "classes": {"HashTableWithLinkedList": {"extend": ["HashTable"], "min_max_lineno": {"min_lineno": 6, "max_lineno": 28}, "methods": {"__init__": {"args": ["self"], "min_max_lineno": {"min_lineno": 7, "max_lineno": 9}, "calls": ["hash_table.HashTable.__init__"]}, "_set_value": {"args": ["self", "key", "data"], "min_max_lineno": {"min_lineno": 10, "max_lineno": 14}, "calls": ["hash_table_with_linked_list.HashTableWithLinkedList.values[].appendleft", "collections.deque"]}, "balanced_factor": {"args": ["self"], "min_max_lineno": {"min_lineno": 15, "max_lineno": 20}, "calls": ["sum", "len"]}, "_collision_resolution": {"args": ["self", "key", "data"], "returns": [["key"]], "min_max_lineno": {"min_lineno": 22, "max_lineno": 28}, "calls": ["super()._collision_resolution", "len", "hash_table_with_linked_list.HashTableWithLinkedList.values.count"]}}}}, "is_test": false}