{"file": {"path": "/Users/rakshithagnanasekaran/desktop/Python/data_structures/hashing/quadratic_probing.py", "fileNameBase": "quadratic_probing", "extension": "py"}, "dependencies": [{"from_module": "hash_table", "import": "HashTable", "type": "internal"}], "classes": {"QuadraticProbing": {"doc": {"short_description": "Basic Hash Table example with open addressing using Quadratic Probing", "full": "Basic Hash Table example with open addressing using Quadratic Probing"}, "extend": ["HashTable"], "min_max_lineno": {"min_lineno": 6, "max_lineno": 30}, "methods": {"__init__": {"args": ["self"], "min_max_lineno": {"min_lineno": 11, "max_lineno": 13}, "calls": ["hash_table.HashTable.__init__"]}, "_collision_resolution": {"args": ["self", "key", "data"], "returns": [["new_key"]], "min_max_lineno": {"min_lineno": 14, "max_lineno": 30}, "calls": ["quadratic_probing.QuadraticProbing.hash_function", "quadratic_probing.QuadraticProbing.hash_function", "quadratic_probing.QuadraticProbing.balanced_factor"], "store_vars_calls": {"new_key": "self.hash_function"}}}}}, "is_test": false}