{"file": {"path": "/Users/rakshithagnanasekaran/desktop/Python/machine_learning/astar.py", "fileNameBase": "astar", "extension": "py", "doc": {"long_description": "heuristic search to efficiently compute optimal solutions.\nA* algorithm is a best-first search algorithm in which the cost\nassociated with a node is f(n) = g(n) + h(n),\nwhere g(n) is the cost of the path from the initial state to node n and\nh(n) is the heuristic estimate or the cost or a path\nfrom node n to a goal.A* algorithm introduces a heuristic into a\nregular graph-searching algorithm,\nessentially planning ahead at each step so a more optimal decision\nis made.A* also known as the algorithm with brains", "short_description": "The A* algorithm combines features of uniform-cost search and pure", "full": "The A* algorithm combines features of uniform-cost search and pure\nheuristic search to efficiently compute optimal solutions.\nA* algorithm is a best-first search algorithm in which the cost\nassociated with a node is f(n) = g(n) + h(n),\nwhere g(n) is the cost of the path from the initial state to node n and\nh(n) is the heuristic estimate or the cost or a path\nfrom node n to a goal.A* algorithm introduces a heuristic into a\nregular graph-searching algorithm,\nessentially planning ahead at each step so a more optimal decision\nis made.A* also known as the algorithm with brains"}}, "dependencies": [{"import": "numpy", "alias": "np", "type": "external"}], "classes": {"Cell": {"doc": {"long_description": "position : The position of the represented by  tupleof x and y\ncoordinates initially set to (0,0)\nparent : This contains the parent cell object which we visited\nbefore arrinving this cell\ng,h,f : The parameters for constructing the heuristic function\nwhich can be any function. for simplicity used line\ndistance", "short_description": "Class cell represents a cell in the world which have the property", "full": "Class cell represents a cell in the world which have the property\nposition : The position of the represented by  tupleof x and y\ncoordinates initially set to (0,0)\nparent : This contains the parent cell object which we visited\nbefore arrinving this cell\ng,h,f : The parameters for constructing the heuristic function\nwhich can be any function. for simplicity used line\ndistance"}, "min_max_lineno": {"min_lineno": 16, "max_lineno": 46}, "methods": {"__init__": {"args": ["self"], "min_max_lineno": {"min_lineno": 28, "max_lineno": 35}}, "__eq__": {"args": ["self", "cell"], "min_max_lineno": {"min_lineno": 41, "max_lineno": 43}}, "showcell": {"args": ["self"], "min_max_lineno": {"min_lineno": 44, "max_lineno": 46}, "calls": ["print"]}}}, "Gridworld": {"doc": {"long_description": "matrix\nworld_size: create a numpy array with the given world_size default is 5", "short_description": "Gridworld class represents the  external world here a grid M*M", "full": "Gridworld class represents the  external world here a grid M*M\nmatrix\nworld_size: create a numpy array with the given world_size default is 5"}, "min_max_lineno": {"min_lineno": 48, "max_lineno": 89}, "methods": {"__init__": {"args": ["self", "world_size"], "min_max_lineno": {"min_lineno": 55, "max_lineno": 59}, "calls": ["numpy.zeros"], "store_vars_calls": {"self.w": "np.zeros"}}, "show": {"args": ["self"], "min_max_lineno": {"min_lineno": 60, "max_lineno": 62}, "calls": ["print"]}, "get_neigbours": {"doc": {"short_description": "Return the neighbours of cell"}, "args": ["self", "cell"], "returns": [["neighbours"]], "min_max_lineno": {"min_lineno": 63, "max_lineno": 89}, "calls": ["astar.Cell", "neighbours.append"], "store_vars_calls": {"c": "Cell"}}}}}, "functions": {"astar": {"doc": {"long_description": "world : Object of the world object\nstart : Object of the cell as  start position\nstop  : Object of the cell as goal position\n\n>>> p = Gridworld()\n>>> start = Cell()\n>>> start.position = (0,0)\n>>> goal = Cell()\n>>> goal.position = (4,4)\n>>> astar(p, start, goal)\n[(0, 0), (1, 1), (2, 2), (3, 3), (4, 4)]", "short_description": "Implementation of a start algorithm"}, "args": ["world", "start", "goal"], "min_max_lineno": {"min_lineno": 91, "max_lineno": 136}, "calls": ["_open.append", "path.append", "numpy.argmin", "_closed.append", "world.get_neigbours", "path.append", "_open.pop", "_open.append"], "store_vars_calls": {"min_f": "np.argmin"}}}, "main_info": {"main_flag": 1, "type": "script"}, "is_test": false}