{"file": {"path": "/Users/rakshithagnanasekaran/desktop/Python/machine_learning/data_transformations.py", "fileNameBase": "data_transformations", "extension": "py", "doc": {"long_description": "Normalization is the process of converting numerical data to a standard range of values.\nThis range is typically between [0, 1] or [-1, 1]. The equation for normalization is\nx_norm = (x - x_min)/(x_max - x_min) where x_norm is the normalized value, x is the\nvalue, x_min is the minimum value within the column or list of data, and x_max is the\nmaximum value within the column or list of data. Normalization is used to speed up the\ntraining of data and put all of the data on a similar scale. This is useful because\nvariance in the range of values of a dataset can heavily impact optimization\n(particularly Gradient Descent).\n\nStandardization Wikipedia: https://en.wikipedia.org/wiki/Standardization\nStandardization is the process of converting numerical data to a normally distributed\nrange of values. This range will have a mean of 0 and standard deviation of 1. This is\nalso known as z-score normalization. The equation for standardization is\nx_std = (x - mu)/(sigma) where mu is the mean of the column or list of values and sigma\nis the standard deviation of the column or list of values.\n\nChoosing between Normalization & Standardization is more of an art of a science, but it\nis often recommended to run experiments with both to see which performs better.\nAdditionally, a few rules of thumb are:\n    1. gaussian (normal) distributions work better with standardization\n    2. non-gaussian (non-normal) distributions work better with normalization\n    3. If a column or list of values has extreme values / outliers, use standardization", "short_description": "Normalization Wikipedia: https://en.wikipedia.org/wiki/Normalization", "full": "Normalization Wikipedia: https://en.wikipedia.org/wiki/Normalization\nNormalization is the process of converting numerical data to a standard range of values.\nThis range is typically between [0, 1] or [-1, 1]. The equation for normalization is\nx_norm = (x - x_min)/(x_max - x_min) where x_norm is the normalized value, x is the\nvalue, x_min is the minimum value within the column or list of data, and x_max is the\nmaximum value within the column or list of data. Normalization is used to speed up the\ntraining of data and put all of the data on a similar scale. This is useful because\nvariance in the range of values of a dataset can heavily impact optimization\n(particularly Gradient Descent).\n\nStandardization Wikipedia: https://en.wikipedia.org/wiki/Standardization\nStandardization is the process of converting numerical data to a normally distributed\nrange of values. This range will have a mean of 0 and standard deviation of 1. This is\nalso known as z-score normalization. The equation for standardization is\nx_std = (x - mu)/(sigma) where mu is the mean of the column or list of values and sigma\nis the standard deviation of the column or list of values.\n\nChoosing between Normalization & Standardization is more of an art of a science, but it\nis often recommended to run experiments with both to see which performs better.\nAdditionally, a few rules of thumb are:\n    1. gaussian (normal) distributions work better with standardization\n    2. non-gaussian (non-normal) distributions work better with normalization\n    3. If a column or list of values has extreme values / outliers, use standardization"}}, "dependencies": [{"from_module": "statistics", "import": "mean", "type": "external"}, {"from_module": "statistics", "import": "stdev", "type": "external"}], "functions": {"normalization": {"doc": {"long_description": "@params: data, a list of values to normalize\n@returns: a list of normalized values (rounded to ndigits decimal places)\n@examples:\n>>> normalization([2, 7, 10, 20, 30, 50])\n[0.0, 0.104, 0.167, 0.375, 0.583, 1.0]\n>>> normalization([5, 10, 15, 20, 25])\n[0.0, 0.25, 0.5, 0.75, 1.0]", "short_description": "Returns a normalized list of values"}, "args": ["data", "ndigits"], "min_max_lineno": {"min_lineno": 29, "max_lineno": 45}, "calls": ["min", "max", "round"], "store_vars_calls": {"x_min": "min", "x_max": "max"}}, "standardization": {"doc": {"long_description": "@params: data, a list of values to standardize\n@returns: a list of standardized values (rounded to ndigits decimal places)\n@examples:\n>>> standardization([2, 7, 10, 20, 30, 50])\n[-0.999, -0.719, -0.551, 0.009, 0.57, 1.69]\n>>> standardization([5, 10, 15, 20, 25])\n[-1.265, -0.632, 0.0, 0.632, 1.265]", "short_description": "Returns a standardized list of values"}, "args": ["data", "ndigits"], "min_max_lineno": {"min_lineno": 47, "max_lineno": 63}, "calls": ["statistics.mean", "statistics.stdev", "round"], "store_vars_calls": {"mu": "mean", "sigma": "stdev"}}}, "is_test": false}