{"file": {"path": "/Users/rakshithagnanasekaran/desktop/Python/machine_learning/decision_tree.py", "fileNameBase": "decision_tree", "extension": "py", "doc": {"long_description": "Input data set: The input data set must be 1-dimensional with continuous labels.\nOutput: The decision tree maps a real number input to a real number output.", "short_description": "Implementation of a basic regression decision tree.", "full": "Implementation of a basic regression decision tree.\nInput data set: The input data set must be 1-dimensional with continuous labels.\nOutput: The decision tree maps a real number input to a real number output."}}, "dependencies": [{"import": "numpy", "alias": "np", "type": "external"}], "classes": {"Decision_Tree": {"min_max_lineno": {"min_lineno": 9, "max_lineno": 135}, "methods": {"__init__": {"args": ["self", "depth", "min_leaf_size"], "min_max_lineno": {"min_lineno": 10, "max_lineno": 17}}, "mean_squared_error": {"doc": {"long_description": "@param labels: a one dimensional numpy array\n@param prediction: a floating point value\nreturn value: mean_squared_error calculates the error if prediction is used to\n    estimate the labels\n>>> tester = Decision_Tree()\n>>> test_labels = np.array([1,2,3,4,5,6,7,8,9,10])\n>>> test_prediction = np.float(6)\n>>> tester.mean_squared_error(test_labels, test_prediction) == (\n...     Test_Decision_Tree.helper_mean_squared_error_test(test_labels,\n...         test_prediction))\nTrue\n>>> test_labels = np.array([1,2,3])\n>>> test_prediction = np.float(2)\n>>> tester.mean_squared_error(test_labels, test_prediction) == (\n...     Test_Decision_Tree.helper_mean_squared_error_test(test_labels,\n...         test_prediction))\nTrue", "short_description": "mean_squared_error:"}, "args": ["self", "labels", "prediction"], "min_max_lineno": {"min_lineno": 18, "max_lineno": 43}, "calls": ["numpy.mean", "print"]}, "train": {"doc": {"long_description": "@param X: a one dimensional numpy array\n@param y: a one dimensional numpy array.\nThe contents of y are the labels for the corresponding X values\n\ntrain does not have a return value", "short_description": "train:"}, "args": ["self", "X", "y"], "min_max_lineno": {"min_lineno": 44, "max_lineno": 117}, "calls": ["range", "print", "len", "len", "print", "print", "len", "numpy.mean", "numpy.mean", "decision_tree.Decision_Tree.mean_squared_error", "len", "decision_tree.Decision_Tree", "decision_tree.Decision_Tree", "decision_tree.Decision_Tree.left.train", "decision_tree.Decision_Tree.right.train", "numpy.mean", "numpy.mean", "len", "len", "decision_tree.Decision_Tree.mean_squared_error", "decision_tree.Decision_Tree.mean_squared_error", "numpy.mean", "numpy.mean"], "store_vars_calls": {"self.prediction": "np.mean", "self.left": "Decision_Tree", "self.right": "Decision_Tree", "error_left": "self.mean_squared_error", "error_right": "self.mean_squared_error"}}, "predict": {"doc": {"long_description": "@param x: a floating point value to predict the label of\nthe prediction function works by recursively calling the predict function\nof the appropriate subtrees based on the tree's decision boundary", "short_description": "predict:"}, "args": ["self", "x"], "min_max_lineno": {"min_lineno": 118, "max_lineno": 135}, "calls": ["print", "decision_tree.Decision_Tree.right.predict", "decision_tree.Decision_Tree.left.predict"]}}}, "Test_Decision_Tree": {"doc": {"short_description": "Decision Tres test class", "full": "Decision Tres test class"}, "min_max_lineno": {"min_lineno": 137, "max_lineno": 153}, "methods": {"helper_mean_squared_error_test": {"doc": {"long_description": "@param labels: a one dimensional numpy array\n@param prediction: a floating point value\nreturn value: helper_mean_squared_error_test calculates the mean squared error", "short_description": "helper_mean_squared_error_test:"}, "args": ["labels", "prediction"], "min_max_lineno": {"min_lineno": 140, "max_lineno": 153}, "calls": ["numpy.float", "numpy.float"], "store_vars_calls": {"squared_error_sum": "np.float"}}}}}, "functions": {"main": {"doc": {"long_description": "numpy.  We then train a decision tree on the data set and use the decision tree to\npredict the label of 10 different test values. Then the mean squared error over\nthis test is displayed.", "short_description": "In this demonstration we're generating a sample data set from the sin function in"}, "min_max_lineno": {"min_lineno": 155, "max_lineno": 175}, "calls": ["numpy.arange", "numpy.sin", "decision_tree.Decision_Tree", "decision_tree.Decision_Tree.train", "numpy.array", "numpy.mean", "print", "print", "print", "numpy.random.rand", "decision_tree.Decision_Tree.predict", "str", "str", "str"], "store_vars_calls": {"X": "np.arange", "y": "np.sin", "tree": "Decision_Tree", "predictions": "np.array", "avg_error": "np.mean"}}}, "main_info": {"main_flag": 1, "type": "script"}, "is_test": false}