{"file": {"path": "/Users/rakshithagnanasekaran/desktop/Python/machine_learning/gaussian_naive_bayes.py", "fileNameBase": "gaussian_naive_bayes", "extension": "py"}, "dependencies": [{"from_module": "matplotlib", "import": "pyplot", "alias": "plt", "type": "external"}, {"from_module": "sklearn.datasets", "import": "load_iris", "type": "external"}, {"from_module": "sklearn.metrics", "import": "plot_confusion_matrix", "type": "external"}, {"from_module": "sklearn.model_selection", "import": "train_test_split", "type": "external"}, {"from_module": "sklearn.naive_bayes", "import": "GaussianNB", "type": "external"}], "functions": {"main": {"doc": {"long_description": "Iris type dataset is used to demonstrate algorithm.", "short_description": "Gaussian Naive Bayes Example using sklearn function."}, "min_max_lineno": {"min_lineno": 9, "max_lineno": 41}, "calls": ["sklearn.datasets.load_iris", "sklearn.model_selection.train_test_split", "sklearn.naive_bayes.GaussianNB", "sklearn.naive_bayes.GaussianNB.fit", "sklearn.metrics.plot_confusion_matrix", "matplotlib.pyplot.title", "matplotlib.pyplot.show"], "store_vars_calls": {"iris": "load_iris", "NB_model": "GaussianNB"}}}, "main_info": {"main_flag": 1, "main_function": "gaussian_naive_bayes.main", "type": "script"}, "is_test": false}