{"file": {"path": "/Users/rakshithagnanasekaran/desktop/Python/machine_learning/gradient_boosting_regressor.py", "fileNameBase": "gradient_boosting_regressor", "extension": "py", "doc": {"long_description": "boston dataset which is very popular for regression problem to\npredict house price.", "short_description": "Implementation of GradientBoostingRegressor in sklearn using the", "full": "Implementation of GradientBoostingRegressor in sklearn using the\nboston dataset which is very popular for regression problem to\npredict house price."}}, "dependencies": [{"import": "matplotlib", "alias": "plt", "type": "external"}, {"import": "pandas", "alias": "pd", "type": "external"}, {"from_module": "sklearn.datasets", "import": "load_boston", "type": "external"}, {"from_module": "sklearn.ensemble", "import": "GradientBoostingRegressor", "type": "external"}, {"from_module": "sklearn.metrics", "import": "mean_squared_error", "type": "external"}, {"from_module": "sklearn.metrics", "import": "r2_score", "type": "external"}, {"from_module": "sklearn.model_selection", "import": "train_test_split", "type": "external"}], "functions": {"main": {"min_max_lineno": {"min_lineno": 14, "max_lineno": 63}, "calls": ["sklearn.datasets.load_boston", "print", "pandas.DataFrame", "print", "print", "sklearn.model_selection.train_test_split", "sklearn.ensemble.GradientBoostingRegressor", "sklearn.ensemble.GradientBoostingRegressor.fit", "sklearn.ensemble.GradientBoostingRegressor.score().round", "sklearn.ensemble.GradientBoostingRegressor.score().round", "print", "print", "sklearn.ensemble.GradientBoostingRegressor.predict", "print", "print", "matplotlib.subplots", "ax.scatter", "ax.plot", "ax.set_xlabel", "ax.set_ylabel", "ax.set_title", "matplotlib.show", "sklearn.datasets.load_boston.keys", "pd.DataFrame.head", "pd.DataFrame.describe", "sklearn.ensemble.GradientBoostingRegressor.score", "sklearn.ensemble.GradientBoostingRegressor.score", "y_test.min", "y_test.max", "y_test.min", "y_test.max", "sklearn.metrics.mean_squared_error", "sklearn.metrics.r2_score"], "store_vars_calls": {"df": "load_boston", "df_boston": "pd.DataFrame", "model": "GradientBoostingRegressor", "training_score": "model.score().round", "test_score": "model.score().round", "y_pred": "model.predict"}}}, "main_info": {"main_flag": 1, "main_function": "gradient_boosting_regressor.main", "type": "script"}, "is_test": false}