{"file": {"path": "/Users/rakshithagnanasekaran/desktop/Python/machine_learning/gradient_descent.py", "fileNameBase": "gradient_descent", "extension": "py", "doc": {"long_description": "function.", "short_description": "Implementation of gradient descent algorithm for minimizing cost of a linear hypothesis", "full": "Implementation of gradient descent algorithm for minimizing cost of a linear hypothesis\nfunction."}}, "dependencies": [{"import": "numpy", "type": "external"}], "functions": {"_error": {"doc": {"args": {"data_set": {"description": "train data or test data"}, "example_no": {"description": "example number whose error has to be checked"}}, "returns": {"description": "error in example pointed by example number.", "is_generator": false}}, "args": ["example_no", "data_set"], "min_max_lineno": {"min_lineno": 21, "max_lineno": 29}, "calls": ["gradient_descent.calculate_hypothesis_value", "gradient_descent.output"]}, "_hypothesis_value": {"doc": {"short_description": "Calculates hypothesis function value for a given input", "args": {"data_input_tuple": {"description": "Input tuple of a particular example"}}, "returns": {"description": "Value of hypothesis function at that point.\nNote that there is an 'biased input' whose value is fixed as 1.\nIt is not explicitly mentioned in input data.. But, ML hypothesis functions use it.\nSo, we have to take care of it separately. Line 36 takes care of it.", "is_generator": false}}, "args": ["data_input_tuple"], "returns": [["hyp_val"]], "min_max_lineno": {"min_lineno": 32, "max_lineno": 46}, "calls": ["range", "len"]}, "output": {"doc": {"args": {"data_set": {"description": "test data or train data"}, "example_no": {"description": "example whose output is to be fetched"}}, "returns": {"description": "output for that example", "is_generator": false}}, "args": ["example_no", "data_set"], "min_max_lineno": {"min_lineno": 48, "max_lineno": 58}}, "calculate_hypothesis_value": {"doc": {"short_description": "Calculates hypothesis value for a given example", "args": {"data_set": {"description": "test data or train_data"}, "example_no": {"description": "example whose hypothesis value is to be calculated"}}, "returns": {"description": "hypothesis value for that example", "is_generator": false}}, "args": ["example_no", "data_set"], "min_max_lineno": {"min_lineno": 60, "max_lineno": 71}, "calls": ["gradient_descent._hypothesis_value", "gradient_descent._hypothesis_value"]}, "summation_of_cost_derivative": {"doc": {"short_description": "Calculates the sum of cost function derivative", "args": {"index": {"description": "index wrt derivative is being calculated"}, "end": {"description": "value where summation ends, default is m, number of examples"}}, "returns": {"description": "Returns the summation of cost derivative\nNote: If index is -1, this means we are calculating summation wrt to biased\nparameter.", "is_generator": false}}, "args": ["index", "end"], "returns": [["summation_value"]], "min_max_lineno": {"min_lineno": 73, "max_lineno": 89}, "calls": ["range", "gradient_descent._error", "gradient_descent._error"]}, "get_cost_derivative": {"doc": {"args": {"index": {"description": "index of the parameter vector wrt to derivative is to be calculated"}}, "returns": {"description": "derivative wrt to that index\nNote: If index is -1, this means we are calculating summation wrt to biased\nparameter.", "is_generator": false}}, "args": ["index"], "returns": [["cost_derivative_value"]], "min_max_lineno": {"min_lineno": 91, "max_lineno": 100}, "calls": ["gradient_descent.summation_of_cost_derivative"]}, "run_gradient_descent": {"min_max_lineno": {"min_lineno": 102, "max_lineno": 125}, "calls": ["print", "range", "numpy.allclose", "len", "gradient_descent.get_cost_derivative"], "store_vars_calls": {"cost_derivative": "get_cost_derivative"}}, "test_gradient_descent": {"min_max_lineno": {"min_lineno": 127, "max_lineno": 131}, "calls": ["range", "len", "print", "print", "gradient_descent.output", "gradient_descent.calculate_hypothesis_value"]}}, "body": {"calls": ["len"], "store_vars_calls": {"m": "len"}}, "main_info": {"main_flag": 1, "main_function": "gradient_descent.run_gradient_descent", "type": "script"}, "is_test": false}