{"file": {"path": "/Users/rakshithagnanasekaran/desktop/Python/machine_learning/k_means_clust.py", "fileNameBase": "k_means_clust", "extension": "py", "doc": {"long_description": "Requirements:\n  - sklearn\n  - numpy\n  - matplotlib\nPython:\n  - 3.5\nInputs:\n  - X , a 2D numpy array of features.\n  - k , number of clusters to create.\n  - initial_centroids , initial centroid values generated by utility function(mentioned\n    in usage).\n  - maxiter , maximum number of iterations to process.\n  - heterogeneity , empty list that will be filled with hetrogeneity values if passed\n    to kmeans func.\nUsage:\n  1. define 'k' value, 'X' features array and 'hetrogeneity' empty list\n  2. create initial_centroids,\n        initial_centroids = get_initial_centroids(\n            X,\n            k,\n            seed=0 # seed value for initial centroid generation,\n                   # None for randomness(default=None)\n            )\n  3. find centroids and clusters using kmeans function.\n        centroids, cluster_assignment = kmeans(\n            X,\n            k,\n            initial_centroids,\n            maxiter=400,\n            record_heterogeneity=heterogeneity,\n            verbose=True # whether to print logs in console or not.(default=False)\n            )\n  4. Plot the loss function, hetrogeneity values for every iteration saved in\n     hetrogeneity list.\n        plot_heterogeneity(\n            heterogeneity,\n            k\n        )\n  5. Transfers Dataframe into excel format it must have feature called\n      'Clust' with k means clustering numbers in it.", "short_description": "README, Author - Anurag Kumar(mailto:anuragkumarak95@gmail.com)", "full": "README, Author - Anurag Kumar(mailto:anuragkumarak95@gmail.com)\nRequirements:\n  - sklearn\n  - numpy\n  - matplotlib\nPython:\n  - 3.5\nInputs:\n  - X , a 2D numpy array of features.\n  - k , number of clusters to create.\n  - initial_centroids , initial centroid values generated by utility function(mentioned\n    in usage).\n  - maxiter , maximum number of iterations to process.\n  - heterogeneity , empty list that will be filled with hetrogeneity values if passed\n    to kmeans func.\nUsage:\n  1. define 'k' value, 'X' features array and 'hetrogeneity' empty list\n  2. create initial_centroids,\n        initial_centroids = get_initial_centroids(\n            X,\n            k,\n            seed=0 # seed value for initial centroid generation,\n                   # None for randomness(default=None)\n            )\n  3. find centroids and clusters using kmeans function.\n        centroids, cluster_assignment = kmeans(\n            X,\n            k,\n            initial_centroids,\n            maxiter=400,\n            record_heterogeneity=heterogeneity,\n            verbose=True # whether to print logs in console or not.(default=False)\n            )\n  4. Plot the loss function, hetrogeneity values for every iteration saved in\n     hetrogeneity list.\n        plot_heterogeneity(\n            heterogeneity,\n            k\n        )\n  5. Transfers Dataframe into excel format it must have feature called\n      'Clust' with k means clustering numbers in it."}}, "dependencies": [{"import": "warnings", "type": "external"}, {"import": "numpy", "alias": "np", "type": "external"}, {"import": "pandas", "alias": "pd", "type": "external"}, {"from_module": "matplotlib", "import": "pyplot", "alias": "plt", "type": "external"}, {"from_module": "sklearn.metrics", "import": "pairwise_distances", "type": "external"}], "functions": {"get_initial_centroids": {"doc": {"short_description": "Randomly choose k data points as initial centroids"}, "args": ["data", "k", "seed"], "returns": [["centroids"]], "min_max_lineno": {"min_lineno": 55, "max_lineno": 70}, "calls": ["numpy.random.randint", "numpy.random.seed"], "store_vars_calls": {"rand_indices": "np.random.randint"}}, "centroid_pairwise_dist": {"args": ["X", "centroids"], "min_max_lineno": {"min_lineno": 72, "max_lineno": 74}, "calls": ["sklearn.metrics.pairwise_distances"]}, "assign_clusters": {"args": ["data", "centroids"], "returns": [["cluster_assignment"]], "min_max_lineno": {"min_lineno": 76, "max_lineno": 87}, "calls": ["k_means_clust.centroid_pairwise_dist", "numpy.argmin"], "store_vars_calls": {"distances_from_centroids": "centroid_pairwise_dist", "cluster_assignment": "np.argmin"}}, "revise_centroids": {"args": ["data", "k", "cluster_assignment"], "returns": [["new_centroids"]], "min_max_lineno": {"min_lineno": 89, "max_lineno": 100}, "calls": ["range", "numpy.array", "member_data_points.mean", "np.array.append"], "store_vars_calls": {"new_centroids": "np.array", "centroid": "member_data_points.mean"}}, "compute_heterogeneity": {"args": ["data", "k", "centroids", "cluster_assignment"], "returns": [["heterogeneity"]], "min_max_lineno": {"min_lineno": 102, "max_lineno": 119}, "calls": ["range", "sklearn.metrics.pairwise_distances", "numpy.sum"], "store_vars_calls": {"distances": "pairwise_distances"}}, "plot_heterogeneity": {"args": ["heterogeneity", "k"], "min_max_lineno": {"min_lineno": 121, "max_lineno": 129}, "calls": ["matplotlib.pyplot.figure", "matplotlib.pyplot.plot", "matplotlib.pyplot.xlabel", "matplotlib.pyplot.ylabel", "matplotlib.pyplot.title", "matplotlib.pyplot.rcParams.update", "matplotlib.pyplot.show"]}, "kmeans": {"doc": {"long_description": "maxiter: maximum number of iterations to run.(default=500)\nrecord_heterogeneity: (optional) a list, to store the history of heterogeneity\n                      as function of iterations\n                      if None, do not store the history.\nverbose: if True, print how many data points changed their cluster labels in\n                      each iteration", "short_description": "This function runs k-means on given data and initial set of centroids."}, "args": ["data", "k", "initial_centroids", "maxiter", "record_heterogeneity", "verbose"], "returns": [["centroids", "cluster_assignment"]], "min_max_lineno": {"min_lineno": 131, "max_lineno": 179}, "calls": ["range", "k_means_clust.assign_clusters", "k_means_clust.revise_centroids", "print", "numpy.sum", "k_means_clust.compute_heterogeneity", "record_heterogeneity.append", "print"], "store_vars_calls": {"cluster_assignment": "assign_clusters", "centroids": "revise_centroids", "num_changed": "np.sum", "score": "compute_heterogeneity"}}, "ReportGenerator": {"doc": {"long_description": "DataFrame - dataframe with predicted cluester column;\n    FillMissingReport - dictionary of rules how we are going to fill missing\n    values of for final report generate (not included in modeling);\nin order to run the function following libraries must be imported:\n    import pandas as pd\n    import numpy as np\n>>> data = pd.DataFrame()\n>>> data['numbers'] = [1, 2, 3]\n>>> data['col1'] = [0.5, 2.5, 4.5]\n>>> data['col2'] = [100, 200, 300]\n>>> data['col3'] = [10, 20, 30]\n>>> data['Cluster'] = [1, 1, 2]\n>>> ReportGenerator(data, ['col1', 'col2'], 0)\n           Features               Type   Mark           1           2\n0    # of Customers        ClusterSize  False    2.000000    1.000000\n1    % of Customers  ClusterProportion  False    0.666667    0.333333\n2              col1    mean_with_zeros   True    1.500000    4.500000\n3              col2    mean_with_zeros   True  150.000000  300.000000\n4           numbers    mean_with_zeros  False    1.500000    3.000000\n..              ...                ...    ...         ...         ...\n99            dummy                 5%  False    1.000000    1.000000\n100           dummy                95%  False    1.000000    1.000000\n101           dummy              stdev  False    0.000000         NaN\n102           dummy               mode  False    1.000000    1.000000\n103           dummy             median  False    1.000000    1.000000\n<BLANKLINE>\n[104 rows x 5 columns]", "short_description": "Function generates easy-erading clustering report. It takes 2 arguments as an input:"}, "args": ["df", "ClusteringVariables", "FillMissingReport"], "returns": [["report"]], "min_max_lineno": {"min_lineno": 200, "max_lineno": 346}, "calls": ["[].agg().T.reset_index().rename", "report[].copy", "pandas.DataFrame", "pd.DataFrame.columns.tolist", "pandas.DataFrame", "report[].Features.tolist", "pd.DataFrame.columns.tolist", "report.reset_index.drop", "pandas.concat", "report[].isin", "report.reset_index.columns.tolist", "report.reset_index.assign().sort_values().drop", "report.reset_index.reset_index", "report.reset_index.drop", "df.fillna", "df.select_dtypes", "abs", "[].agg().T.reset_index", "report[].copy.iloc[].values.sum", "report.reset_index.assign().sort_values", "report.reset_index.assign", "[].agg", "x.Type.map", "list", "df.groupby", "reversed", "numpy.mean", "x.replace().mean", "numpy.mean", "x.min", "x.quantile", "x.quantile", "x.quantile", "x.quantile", "x.quantile", "x.max", "x.count", "x.std", "x.median", "range", "numpy.nan_to_num", "numpy.nan_to_num", "x.mode", "len", "x.replace", "sorted", "round", "round", "len", "len"], "store_vars_calls": {"report": "report.reset_index", "clustersize": "report[].copy", "clusterproportion": "pd.DataFrame", "cols": "report.columns.tolist", "a": "pd.DataFrame", "a.Features": "report[].Features.tolist"}}}, "body": {"calls": ["warnings.filterwarnings"]}, "main_info": {"main_flag": 1, "type": "script"}, "is_test": false}