{"file": {"path": "/Users/rakshithagnanasekaran/desktop/Python/machine_learning/k_nearest_neighbours.py", "fileNameBase": "k_nearest_neighbours", "extension": "py"}, "dependencies": [{"from_module": "collections", "import": "Counter", "type": "external"}, {"import": "numpy", "alias": "np", "type": "external"}, {"from_module": "sklearn", "import": "datasets", "type": "external"}, {"from_module": "sklearn.model_selection", "import": "train_test_split", "type": "external"}], "functions": {"euclidean_distance": {"doc": {"long_description": ">>> euclidean_distance([0, 0], [3, 4])\n5.0\n>>> euclidean_distance([1, 2, 3], [1, 8, 11])\n10.0", "short_description": "Gives the euclidean distance between two points"}, "args": ["a", "b"], "min_max_lineno": {"min_lineno": 16, "max_lineno": 25}, "calls": ["numpy.linalg.norm", "numpy.array", "numpy.array"]}, "classifier": {"doc": {"long_description": "k closest points are found (ranked in ascending order of euclidean distance)\nParams:", "short_description": "Classifies the point using the KNN algorithm"}, "args": ["train_data", "train_target", "classes", "point", "k"], "min_max_lineno": {"min_lineno": 27, "max_lineno": 55}, "calls": ["zip", "k_nearest_neighbours.euclidean_distance", "distances.append", "collections.Counter().most_common", "sorted", "collections.Counter"], "store_vars_calls": {"data": "zip", "distance": "euclidean_distance"}}}, "body": {"calls": ["sklearn.datasets.load_iris", "numpy.array", "numpy.array", "sklearn.model_selection.train_test_split"], "store_vars_calls": {"data": "datasets.load_iris", "X": "np.array", "y": "np.array", "null": "train_test_split"}}, "main_info": {"main_flag": 1, "main_function": "k_nearest_neighbours.print", "type": "script"}, "is_test": false}