{"file": {"path": "/Users/rakshithagnanasekaran/desktop/Python/machine_learning/knn_sklearn.py", "fileNameBase": "knn_sklearn", "extension": "py"}, "dependencies": [{"from_module": "sklearn.datasets", "import": "load_iris", "type": "external"}, {"from_module": "sklearn.model_selection", "import": "train_test_split", "type": "external"}, {"from_module": "sklearn.neighbors", "import": "KNeighborsClassifier", "type": "external"}], "body": {"calls": ["sklearn.datasets.load_iris", "sklearn.model_selection.train_test_split", "sklearn.neighbors.KNeighborsClassifier", "sklearn.neighbors.KNeighborsClassifier.predict", "sklearn.datasets.load_iris.keys", "print", "print", "sklearn.neighbors.KNeighborsClassifier.fit", "print"], "store_vars_calls": {"iris": "load_iris", "null": "train_test_split", "knn": "KNeighborsClassifier", "prediction": "knn.predict"}}, "is_test": false}