{"file": {"path": "/Users/rakshithagnanasekaran/desktop/Python/machine_learning/linear_discriminant_analysis.py", "fileNameBase": "linear_discriminant_analysis", "extension": "py", "doc": {"long_description": "Assumptions About Data :\n    1. The input variables has a gaussian distribution.\n    2. The variance calculated for each input variables by class grouping is the\n       same.\n    3. The mix of classes in your training set is representative of the problem.\n\n\nLearning The Model :\n    The LDA model requires the estimation of statistics from the training data :\n        1. Mean of each input value for each class.\n        2. Probability of an instance belong to each class.\n        3. Covariance for the input data for each class\n\n    Calculate the class means :\n        mean(x) = 1/n ( for i = 1 to i = n --> sum(xi))\n\n    Calculate the class probabilities :\n        P(y = 0) = count(y = 0) / (count(y = 0) + count(y = 1))\n        P(y = 1) = count(y = 1) / (count(y = 0) + count(y = 1))\n\n    Calculate the variance :\n        We can calculate the variance for dataset in two steps :\n            1. Calculate the squared difference for each input variable from the\n               group mean.\n            2. Calculate the mean of the squared difference.\n            ------------------------------------------------\n            Squared_Difference = (x - mean(k)) ** 2\n            Variance = (1 / (count(x) - count(classes))) *\n                (for i = 1 to i = n --> sum(Squared_Difference(xi)))\n\nMaking Predictions :\n    discriminant(x) = x * (mean / variance) -\n        ((mean ** 2) / (2 * variance)) + Ln(probability)\n    ---------------------------------------------------------------------------\n    After calculating the discriminant value for each class, the class with the\n    largest discriminant value is taken as the prediction.\n\nAuthor: @EverLookNeverSee", "short_description": "Linear Discriminant Analysis", "full": "Linear Discriminant Analysis\n\n\n\nAssumptions About Data :\n    1. The input variables has a gaussian distribution.\n    2. The variance calculated for each input variables by class grouping is the\n       same.\n    3. The mix of classes in your training set is representative of the problem.\n\n\nLearning The Model :\n    The LDA model requires the estimation of statistics from the training data :\n        1. Mean of each input value for each class.\n        2. Probability of an instance belong to each class.\n        3. Covariance for the input data for each class\n\n    Calculate the class means :\n        mean(x) = 1/n ( for i = 1 to i = n --> sum(xi))\n\n    Calculate the class probabilities :\n        P(y = 0) = count(y = 0) / (count(y = 0) + count(y = 1))\n        P(y = 1) = count(y = 1) / (count(y = 0) + count(y = 1))\n\n    Calculate the variance :\n        We can calculate the variance for dataset in two steps :\n            1. Calculate the squared difference for each input variable from the\n               group mean.\n            2. Calculate the mean of the squared difference.\n            ------------------------------------------------\n            Squared_Difference = (x - mean(k)) ** 2\n            Variance = (1 / (count(x) - count(classes))) *\n                (for i = 1 to i = n --> sum(Squared_Difference(xi)))\n\nMaking Predictions :\n    discriminant(x) = x * (mean / variance) -\n        ((mean ** 2) / (2 * variance)) + Ln(probability)\n    ---------------------------------------------------------------------------\n    After calculating the discriminant value for each class, the class with the\n    largest discriminant value is taken as the prediction.\n\nAuthor: @EverLookNeverSee"}}, "dependencies": [{"from_module": "collections.abc", "import": "Callable", "type": "external"}, {"from_module": "math", "import": "log", "type": "external"}, {"from_module": "os", "import": "name", "type": "external"}, {"from_module": "os", "import": "system", "type": "external"}, {"from_module": "random", "import": "gauss", "type": "external"}, {"from_module": "random", "import": "seed", "type": "external"}, {"from_module": "typing", "import": "TypeVar", "type": "external"}], "functions": {"gaussian_distribution": {"doc": {"short_description": "Generate gaussian distribution instances based-on given mean and standard deviation", "args": {"mean": {"description": "mean value of class"}, "std_dev": {"description": "value of standard deviation entered by usr or default value of it"}, "instance_count": {"description": "instance number of class"}}, "returns": {"description": "a list containing generated values based-on given mean, std_dev and\ninstance_count\n\n>>> gaussian_distribution(5.0, 1.0, 20) # doctest: +NORMALIZE_WHITESPACE\n[6.288184753155463, 6.4494456086997705, 5.066335808938262, 4.235456349028368,\n 3.9078267848958586, 5.031334516831717, 3.977896829989127, 3.56317055489747,\n  5.199311976483754, 5.133374604658605, 5.546468300338232, 4.086029056264687,\n   5.005005283626573, 4.935258239627312, 3.494170998739258, 5.537997178661033,\n    5.320711100998849, 7.3891120432406865, 5.202969177309964, 4.855297691835079]", "is_generator": false}}, "args": ["mean", "std_dev", "instance_count"], "min_max_lineno": {"min_lineno": 53, "max_lineno": 71}, "calls": ["random.seed", "random.gauss", "range"]}, "y_generator": {"doc": {"short_description": "Generate y values for corresponding classes", "args": {"class_count": {"description": "Number of classes(data groupings) in dataset"}, "instance_count": {"description": "number of instances in class"}}, "returns": {"description": "corresponding values for data groupings in dataset\n>>> y_generator(1, [10])\n[0, 0, 0, 0, 0, 0, 0, 0, 0, 0]\n>>> y_generator(2, [5, 10])\n[0, 0, 0, 0, 0, 1, 1, 1, 1, 1, 1, 1, 1, 1, 1]\n>>> y_generator(4, [10, 5, 15, 20]) # doctest: +NORMALIZE_WHITESPACE\n[0, 0, 0, 0, 0, 0, 0, 0, 0, 0, 1, 1, 1, 1, 1, 2, 2, 2, 2, 2, 2, 2, 2, 2, 2,\n 2, 2, 2, 2, 2, 3, 3, 3, 3, 3, 3, 3, 3, 3, 3, 3, 3, 3, 3, 3, 3, 3, 3, 3, 3]", "is_generator": false}}, "args": ["class_count", "instance_count"], "min_max_lineno": {"min_lineno": 74, "max_lineno": 91}, "calls": ["range", "range"]}, "calculate_mean": {"doc": {"short_description": "Calculate given class mean", "args": {"instance_count": {"description": "Number of instances in class"}, "items": {"description": "items that related to specific class(data grouping)"}}, "returns": {"description": "calculated actual mean of considered class\n>>> items = gaussian_distribution(5.0, 1.0, 20)\n>>> calculate_mean(len(items), items)\n5.011267842911003", "is_generator": false}}, "args": ["instance_count", "items"], "min_max_lineno": {"min_lineno": 94, "max_lineno": 107}, "calls": ["sum"]}, "calculate_probabilities": {"doc": {"short_description": "Calculate the probability that a given instance will belong to which class", "args": {"instance_count": {"description": "number of instances in class"}, "total_count": {"description": "the number of all instances"}}, "returns": {"description": "value of probability for considered class\n>>> calculate_probabilities(20, 60)\n0.3333333333333333\n>>> calculate_probabilities(30, 100)\n0.3", "is_generator": false}}, "args": ["instance_count", "total_count"], "min_max_lineno": {"min_lineno": 110, "max_lineno": 124}}, "calculate_variance": {"doc": {"short_description": "Calculate the variance", "args": {"items": {"description": "a list containing all items(gaussian distribution of all classes)"}, "means": {"description": "a list containing real mean values of each class"}, "total_count": {"description": "the number of all instances"}}, "returns": {"description": "calculated variance for considered dataset\n>>> items = gaussian_distribution(5.0, 1.0, 20)\n>>> means = [5.011267842911003]\n>>> total_count = 20\n>>> calculate_variance([items], means, total_count)\n0.9618530973487491", "is_generator": false}}, "args": ["items", "means", "total_count"], "min_max_lineno": {"min_lineno": 127, "max_lineno": 153}, "calls": ["range", "len", "len", "range", "sum", "len", "squared_diff.append"], "store_vars_calls": {"n_classes": "len"}}, "predict_y_values": {"doc": {"short_description": "This function predicts new indexes(groups for our data)", "args": {"x_items": {"description": "a list containing all items(gaussian distribution of all classes)"}, "means": {"description": "a list containing real mean values of each class"}, "variance": {"description": "calculated value of variance by calculate_variance function"}, "probabilities": {"description": "a list containing all probabilities of classes"}}, "returns": {"description": "a list containing predicted Y values\n>>> x_items = [[6.288184753155463, 6.4494456086997705, 5.066335808938262,\n...                4.235456349028368, 3.9078267848958586, 5.031334516831717,\n...                3.977896829989127, 3.56317055489747, 5.199311976483754,\n...                5.133374604658605, 5.546468300338232, 4.086029056264687,\n...                5.005005283626573, 4.935258239627312, 3.494170998739258,\n...                5.537997178661033, 5.320711100998849, 7.3891120432406865,\n...                5.202969177309964, 4.855297691835079], [11.288184753155463,\n...                11.44944560869977, 10.066335808938263, 9.235456349028368,\n...                8.907826784895859, 10.031334516831716, 8.977896829989128,\n...                8.56317055489747, 10.199311976483754, 10.133374604658606,\n...                10.546468300338232, 9.086029056264687, 10.005005283626572,\n...                9.935258239627313, 8.494170998739259, 10.537997178661033,\n...                10.320711100998848, 12.389112043240686, 10.202969177309964,\n...                9.85529769183508], [16.288184753155463, 16.449445608699772,\n...                15.066335808938263, 14.235456349028368, 13.907826784895859,\n...                15.031334516831716, 13.977896829989128, 13.56317055489747,\n...                15.199311976483754, 15.133374604658606, 15.546468300338232,\n...                14.086029056264687, 15.005005283626572, 14.935258239627313,\n...                13.494170998739259, 15.537997178661033, 15.320711100998848,\n...                17.389112043240686, 15.202969177309964, 14.85529769183508]]\n\n>>> means = [5.011267842911003, 10.011267842911003, 15.011267842911002]\n>>> variance = 0.9618530973487494\n>>> probabilities = [0.3333333333333333, 0.3333333333333333, 0.3333333333333333]\n>>> predict_y_values(x_items, means, variance,\n...                  probabilities)  # doctest: +NORMALIZE_WHITESPACE\n[0, 0, 0, 0, 0, 0, 0, 0, 0, 0, 0, 0, 0, 0, 0, 0, 0, 0, 0, 0, 1, 1, 1, 1, 1, 1,\n1, 1, 1, 1, 1, 1, 1, 1, 1, 1, 1, 1, 1, 1, 2, 2, 2, 2, 2, 2, 2, 2, 2, 2, 2,\n2, 2, 2, 2, 2, 2, 2, 2, 2]", "is_generator": false}}, "args": ["x_items", "means", "variance", "probabilities"], "min_max_lineno": {"min_lineno": 156, "max_lineno": 217}, "calls": ["range", "len", "range", "result.index", "len", "range", "results.append", "max", "len", "temp.append", "math.log"]}, "accuracy": {"doc": {"short_description": "Calculate the value of accuracy based-on predictions", "args": {"actual_y": {"description": "a list containing initial Y values generated by 'y_generator'\nfunction"}, "predicted_y": {"description": "a list containing predicted Y values generated by\n'predict_y_values' function"}}, "returns": {"description": "percentage of accuracy\n>>> actual_y = [0, 0, 0, 0, 0, 0, 0, 0, 0, 0, 1, 1, 1,\n... 1, 1 ,1 ,1 ,1 ,1 ,1]\n>>> predicted_y = [0, 0, 0, 1, 1, 1, 0, 0, 1, 1, 0, 0,\n... 0, 0, 1, 1, 1, 0, 1, 1, 1]\n>>> accuracy(actual_y, predicted_y)\n50.0\n\n>>> actual_y = [0, 0, 0, 0, 0, 0, 0, 0, 1, 1, 1, 1, 1, 1,\n... 1, 1, 1, 1, 2, 2, 2, 2, 2, 2, 2, 2, 2, 2, 2, 2, 2, 2, 2]\n>>> predicted_y = [0, 0, 0, 0, 0, 0, 0, 0, 1, 1, 1, 1, 1,\n... 1, 1, 1, 1, 1, 2, 2, 2, 2, 2, 2, 2, 2, 2, 2, 2, 2, 2, 2, 2]\n>>> accuracy(actual_y, predicted_y)\n100.0", "is_generator": false}}, "args": ["actual_y", "predicted_y"], "min_max_lineno": {"min_lineno": 220, "max_lineno": 249}, "calls": ["sum", "len", "zip"], "store_vars_calls": {"correct": "sum"}}, "valid_input": {"doc": {"short_description": "Ask for user value and validate that it fulfill a condition.", "returns": {"description": "user's input", "is_generator": false}}, "args": ["input_type", "input_msg", "err_msg", "condition", "default"], "returns": [["user_input"]], "min_max_lineno": {"min_lineno": 254, "max_lineno": 282}, "calls": ["input_type", "condition", "print", "print", "input().strip", "input"], "store_vars_calls": {"user_input": "input_type"}}, "main": {"doc": {"short_description": "This function starts execution phase"}, "min_max_lineno": {"min_lineno": 286, "max_lineno": 403}, "calls": ["print", "print", "print", "print", "linear_discriminant_analysis.valid_input", "print", "linear_discriminant_analysis.valid_input", "print", "range", "print", "range", "print", "print", "enumerate", "print", "enumerate", "print", "print", "print", "linear_discriminant_analysis.y_generator", "print", "print", "enumerate", "print", "enumerate", "print", "linear_discriminant_analysis.calculate_variance", "print", "print", "linear_discriminant_analysis.predict_y_values", "print", "print", "print", "print", "os.system", "linear_discriminant_analysis.valid_input", "counts.append", "linear_discriminant_analysis.valid_input", "user_means.append", "print", "print", "linear_discriminant_analysis.gaussian_distribution", "linear_discriminant_analysis.calculate_mean", "print", "linear_discriminant_analysis.calculate_probabilities", "print", "sum", "input().strip().lower", "print", "range", "range", "sum", "range", "linear_discriminant_analysis.accuracy", "input().strip", "input"], "store_vars_calls": {"n_classes": "valid_input", "std_dev": "valid_input", "y": "y_generator", "variance": "calculate_variance", "pre_indexes": "predict_y_values", "user_count": "valid_input", "user_mean": "valid_input"}}}, "body": {"calls": ["typing.TypeVar"], "store_vars_calls": {"num": "TypeVar"}}, "main_info": {"main_flag": 1, "main_function": "linear_discriminant_analysis.main", "type": "script"}, "is_test": false}