{"file": {"path": "/Users/rakshithagnanasekaran/desktop/Python/machine_learning/linear_regression.py", "fileNameBase": "linear_regression", "extension": "py", "doc": {"long_description": "predictive analysis. The idea is pretty simple: we have a dataset and we have\nfeatures associated with it. Features should be chosen very cautiously\nas they determine how much our model will be able to make future predictions.\nWe try to set the weight of these features, over many iterations, so that they best\nfit our dataset. In this particular code, I had used a CSGO dataset (ADR vs\nRating). We try to best fit a line through dataset and estimate the parameters.", "short_description": "Linear regression is the most basic type of regression commonly used for", "full": "Linear regression is the most basic type of regression commonly used for\npredictive analysis. The idea is pretty simple: we have a dataset and we have\nfeatures associated with it. Features should be chosen very cautiously\nas they determine how much our model will be able to make future predictions.\nWe try to set the weight of these features, over many iterations, so that they best\nfit our dataset. In this particular code, I had used a CSGO dataset (ADR vs\nRating). We try to best fit a line through dataset and estimate the parameters."}}, "dependencies": [{"import": "numpy", "alias": "np", "type": "external"}, {"import": "requests", "type": "external"}], "functions": {"collect_dataset": {"doc": {"long_description": "The dataset contains ADR vs Rating of a Player", "short_description": "Collect dataset of CSGO", "returns": {"description": "dataset obtained from the link, as matrix", "is_generator": false}}, "returns": [["dataset"]], "min_max_lineno": {"min_lineno": 14, "max_lineno": 32}, "calls": ["requests.get", "requests.get.text.splitlines", "data.pop", "numpy.matrix", "item.split.split", "data.append"], "store_vars_calls": {"response": "requests.get", "lines": "response.text.splitlines", "dataset": "np.matrix", "item": "item.split"}}, "run_steep_gradient_descent": {"doc": {"short_description": "Run steep gradient descent and updates the Feature vector accordingly_", "args": {"data_x": {"description": "contains the dataset"}, "data_y": {"description": "contains the output associated with each data-entry"}, "len_data": {"description": "length of the data_"}, "alpha": {"description": "Learning rate of the model"}, "theta": {"description": "Feature vector (weight's for our model)\n;param return    : Updated Feature's, using\ncurr_features - alpha_ * gradient(w.r.t. feature)"}}}, "args": ["data_x", "data_y", "len_data", "alpha", "theta"], "returns": [["theta"]], "min_max_lineno": {"min_lineno": 34, "max_lineno": 51}, "calls": ["numpy.dot", "data_y.transpose", "numpy.dot", "data_x.transpose"], "store_vars_calls": {"prod": "np.dot", "sum_grad": "np.dot"}}, "sum_of_square_error": {"doc": {"short_description": "Return sum of square error for error calculation", "args": {"data_x": {"description": "contains our dataset"}, "data_y": {"description": "contains the output (result vector)"}, "len_data": {"description": "len of the dataset"}, "theta": {"description": "contains the feature vector"}}, "returns": {"description": "sum of square error computed from given feature's", "is_generator": false}}, "args": ["data_x", "data_y", "len_data", "theta"], "returns": [["error"]], "min_max_lineno": {"min_lineno": 53, "max_lineno": 66}, "calls": ["numpy.dot", "data_y.transpose", "numpy.sum", "data_x.transpose", "numpy.square"], "store_vars_calls": {"prod": "np.dot", "sum_elem": "np.sum"}}, "run_linear_regression": {"doc": {"short_description": "Implement Linear regression over the dataset", "args": {"data_x": {"description": "contains our dataset"}, "data_y": {"description": "contains the output (result vector)"}}, "returns": {"description": "feature for line of best fit (Feature vector)", "is_generator": false}}, "args": ["data_x", "data_y"], "returns": [["theta"]], "min_max_lineno": {"min_lineno": 68, "max_lineno": 88}, "calls": ["numpy.zeros", "range", "linear_regression.run_steep_gradient_descent", "linear_regression.sum_of_square_error", "print"], "store_vars_calls": {"theta": "run_steep_gradient_descent", "error": "sum_of_square_error"}}, "main": {"doc": {"short_description": "Driver function"}, "min_max_lineno": {"min_lineno": 90, "max_lineno": 103}, "calls": ["linear_regression.collect_dataset", "numpy.c_[].astype", "data[].astype", "linear_regression.run_linear_regression", "print", "range", "print", "numpy.ones"], "store_vars_calls": {"data": "collect_dataset", "data_x": "np.c_[].astype", "data_y": "data[].astype", "theta": "run_linear_regression"}}}, "main_info": {"main_flag": 1, "main_function": "linear_regression.main", "type": "script"}, "is_test": false}