{"file": {"path": "/Users/rakshithagnanasekaran/desktop/Python/machine_learning/logistic_regression.py", "fileNameBase": "logistic_regression", "extension": "py", "doc": {"long_description": "Helpful resources:\nCoursera ML course\nhttps://medium.com/@martinpella/logistic-regression-from-scratch-in-python-124c5636b8ac", "short_description": "Implementing logistic regression for classification problem", "full": "Implementing logistic regression for classification problem\nHelpful resources:\nCoursera ML course\nhttps://medium.com/@martinpella/logistic-regression-from-scratch-in-python-124c5636b8ac"}}, "dependencies": [{"import": "numpy", "alias": "np", "type": "external"}, {"from_module": "matplotlib", "import": "pyplot", "alias": "plt", "type": "external"}, {"from_module": "sklearn", "import": "datasets", "type": "external"}], "functions": {"sigmoid_function": {"args": ["z"], "min_max_lineno": {"min_lineno": 30, "max_lineno": 32}, "calls": ["numpy.exp"]}, "cost_function": {"args": ["h", "y"], "min_max_lineno": {"min_lineno": 34, "max_lineno": 36}, "calls": ["numpy.log", "numpy.log"]}, "log_likelihood": {"args": ["X", "Y", "weights"], "min_max_lineno": {"min_lineno": 38, "max_lineno": 41}, "calls": ["numpy.dot", "numpy.sum", "numpy.log", "numpy.exp"], "store_vars_calls": {"scores": "np.dot"}}, "logistic_reg": {"args": ["alpha", "X", "y", "max_iterations"], "returns": [["theta"]], "min_max_lineno": {"min_lineno": 44, "max_lineno": 58}, "calls": ["numpy.zeros", "range", "numpy.dot", "logistic_regression.sigmoid_function", "numpy.dot", "logistic_regression.sigmoid_function", "logistic_regression.cost_function", "numpy.dot", "print"], "store_vars_calls": {"theta": "np.zeros", "z": "np.dot", "h": "sigmoid_function", "J": "cost_function"}}}, "main_info": {"main_flag": 1, "type": "script"}, "is_test": false}