{"file": {"path": "/Users/rakshithagnanasekaran/desktop/Python/machine_learning/multilayer_perceptron_classifier.py", "fileNameBase": "multilayer_perceptron_classifier", "extension": "py"}, "dependencies": [{"from_module": "sklearn.neural_network", "import": "MLPClassifier", "type": "external"}], "functions": {"wrapper": {"doc": {"long_description": "[0, 0, 1]", "short_description": ">>> wrapper(Y)"}, "args": ["Y"], "min_max_lineno": {"min_lineno": 18, "max_lineno": 24}, "calls": ["list"]}}, "body": {"calls": ["sklearn.neural_network.MLPClassifier", "sklearn.neural_network.MLPClassifier.predict", "sklearn.neural_network.MLPClassifier.fit"], "store_vars_calls": {"clf": "MLPClassifier", "Y": "clf.predict"}}, "main_info": {"main_flag": 1, "type": "script"}, "is_test": false}