{"file": {"path": "/Users/rakshithagnanasekaran/desktop/Python/machine_learning/polymonial_regression.py", "fileNameBase": "polymonial_regression", "extension": "py"}, "dependencies": [{"import": "pandas", "alias": "pd", "type": "external"}, {"from_module": "matplotlib", "import": "pyplot", "alias": "plt", "type": "external"}, {"from_module": "sklearn.linear_model", "import": "LinearRegression", "type": "external"}, {"from_module": "sklearn.model_selection", "import": "train_test_split", "type": "external"}, {"from_module": "sklearn.preprocessing", "import": "PolynomialFeatures", "type": "external"}], "functions": {"viz_polymonial": {"min_max_lineno": {"min_lineno": 30, "max_lineno": 38}, "calls": ["matplotlib.pyplot.scatter", "matplotlib.pyplot.plot", "matplotlib.pyplot.title", "matplotlib.pyplot.xlabel", "matplotlib.pyplot.ylabel", "matplotlib.pyplot.show", "pol_reg.predict", "poly_reg.fit_transform"]}}, "body": {"calls": ["pandas.read_csv", "sklearn.model_selection.train_test_split", "sklearn.preprocessing.PolynomialFeatures", "sklearn.preprocessing.PolynomialFeatures.fit_transform", "sklearn.linear_model.LinearRegression", "sklearn.linear_model.LinearRegression.fit"], "store_vars_calls": {"dataset": "pd.read_csv", "null": "train_test_split", "poly_reg": "PolynomialFeatures", "X_poly": "poly_reg.fit_transform", "pol_reg": "LinearRegression"}}, "main_info": {"main_flag": 1, "main_function": "polymonial_regression.viz_polymonial", "type": "script"}, "is_test": false}