{"file": {"path": "/Users/rakshithagnanasekaran/desktop/Python/machine_learning/random_forest_regressor.py", "fileNameBase": "random_forest_regressor", "extension": "py"}, "dependencies": [{"from_module": "sklearn.datasets", "import": "load_boston", "type": "external"}, {"from_module": "sklearn.ensemble", "import": "RandomForestRegressor", "type": "external"}, {"from_module": "sklearn.metrics", "import": "mean_absolute_error", "type": "external"}, {"from_module": "sklearn.metrics", "import": "mean_squared_error", "type": "external"}, {"from_module": "sklearn.model_selection", "import": "train_test_split", "type": "external"}], "functions": {"main": {"doc": {"long_description": "Boston house price dataset is used to demonstrate the algorithm.", "short_description": "Random Forest Regressor Example using sklearn function."}, "min_max_lineno": {"min_lineno": 8, "max_lineno": 37}, "calls": ["sklearn.datasets.load_boston", "print", "sklearn.model_selection.train_test_split", "sklearn.ensemble.RandomForestRegressor", "sklearn.ensemble.RandomForestRegressor.fit", "sklearn.ensemble.RandomForestRegressor.predict", "predictions.reshape.reshape", "print", "print", "sklearn.datasets.load_boston.keys", "len", "sklearn.metrics.mean_absolute_error", "sklearn.metrics.mean_squared_error"], "store_vars_calls": {"boston": "load_boston", "rand_for": "RandomForestRegressor", "predictions": "predictions.reshape"}}}, "main_info": {"main_flag": 1, "main_function": "random_forest_regressor.main", "type": "script"}, "is_test": false}