{"file": {"path": "/Users/rakshithagnanasekaran/desktop/Python/machine_learning/random_forest_classifier.py", "fileNameBase": "random_forest_classifier", "extension": "py"}, "dependencies": [{"from_module": "matplotlib", "import": "pyplot", "alias": "plt", "type": "external"}, {"from_module": "sklearn.datasets", "import": "load_iris", "type": "external"}, {"from_module": "sklearn.ensemble", "import": "RandomForestClassifier", "type": "external"}, {"from_module": "sklearn.metrics", "import": "plot_confusion_matrix", "type": "external"}, {"from_module": "sklearn.model_selection", "import": "train_test_split", "type": "external"}], "functions": {"main": {"doc": {"long_description": "Iris type dataset is used to demonstrate algorithm.", "short_description": "Random Forest Classifier Example using sklearn function."}, "min_max_lineno": {"min_lineno": 9, "max_lineno": 41}, "calls": ["sklearn.datasets.load_iris", "sklearn.model_selection.train_test_split", "sklearn.ensemble.RandomForestClassifier", "sklearn.ensemble.RandomForestClassifier.fit", "sklearn.metrics.plot_confusion_matrix", "matplotlib.pyplot.title", "matplotlib.pyplot.show"], "store_vars_calls": {"iris": "load_iris", "rand_for": "RandomForestClassifier"}}}, "main_info": {"main_flag": 1, "main_function": "random_forest_classifier.main", "type": "script"}, "is_test": false}