{"file": {"path": "/Users/rakshithagnanasekaran/desktop/Python/machine_learning/scoring_functions.py", "fileNameBase": "scoring_functions", "extension": "py"}, "dependencies": [{"import": "numpy", "alias": "np", "type": "external"}], "functions": {"mae": {"doc": {"long_description": ">>> actual = [1,2,3];predict = [1,4,3]\n>>> np.around(mae(predict,actual),decimals = 2)\n0.67\n\n>>> actual = [1,1,1];predict = [1,1,1]\n>>> mae(predict,actual)\n0.0", "short_description": "Examples(rounded for precision):"}, "args": ["predict", "actual"], "returns": [["score"]], "min_max_lineno": {"min_lineno": 19, "max_lineno": 37}, "calls": ["numpy.array", "numpy.array", "abs", "abs.mean"], "store_vars_calls": {"predict": "np.array", "actual": "np.array", "difference": "abs", "score": "difference.mean"}}, "mse": {"doc": {"long_description": ">>> actual = [1,2,3];predict = [1,4,3]\n>>> np.around(mse(predict,actual),decimals = 2)\n1.33\n\n>>> actual = [1,1,1];predict = [1,1,1]\n>>> mse(predict,actual)\n0.0", "short_description": "Examples(rounded for precision):"}, "args": ["predict", "actual"], "returns": [["score"]], "min_max_lineno": {"min_lineno": 40, "max_lineno": 59}, "calls": ["numpy.array", "numpy.array", "numpy.square", "np.square.mean"], "store_vars_calls": {"predict": "np.array", "actual": "np.array", "square_diff": "np.square", "score": "square_diff.mean"}}, "rmse": {"doc": {"long_description": ">>> actual = [1,2,3];predict = [1,4,3]\n>>> np.around(rmse(predict,actual),decimals = 2)\n1.15\n\n>>> actual = [1,1,1];predict = [1,1,1]\n>>> rmse(predict,actual)\n0.0", "short_description": "Examples(rounded for precision):"}, "args": ["predict", "actual"], "returns": [["score"]], "min_max_lineno": {"min_lineno": 62, "max_lineno": 81}, "calls": ["numpy.array", "numpy.array", "numpy.square", "np.square.mean", "numpy.sqrt"], "store_vars_calls": {"predict": "np.array", "actual": "np.array", "square_diff": "np.square", "mean_square_diff": "square_diff.mean", "score": "np.sqrt"}}, "rmsle": {"doc": {"long_description": ">>> actual = [10,10,30];predict = [10,2,30]\n>>> np.around(rmsle(predict,actual),decimals = 2)\n0.75\n\n>>> actual = [1,1,1];predict = [1,1,1]\n>>> rmsle(predict,actual)\n0.0", "short_description": "Examples(rounded for precision):"}, "args": ["predict", "actual"], "returns": [["score"]], "min_max_lineno": {"min_lineno": 84, "max_lineno": 108}, "calls": ["numpy.array", "numpy.array", "numpy.log", "numpy.log", "numpy.square", "np.square.mean", "numpy.sqrt"], "store_vars_calls": {"predict": "np.array", "actual": "np.array", "log_predict": "np.log", "log_actual": "np.log", "square_diff": "np.square", "mean_square_diff": "square_diff.mean", "score": "np.sqrt"}}, "mbd": {"doc": {"long_description": "positive, if it overpredicts.\n\nExample(rounded for precision):\n\nHere the model overpredicts\n>>> actual = [1,2,3];predict = [2,3,4]\n>>> np.around(mbd(predict,actual),decimals = 2)\n50.0\n\nHere the model underpredicts\n>>> actual = [1,2,3];predict = [0,1,1]\n>>> np.around(mbd(predict,actual),decimals = 2)\n-66.67", "short_description": "This value is Negative, if the model underpredicts,"}, "args": ["predict", "actual"], "returns": [["score"]], "min_max_lineno": {"min_lineno": 111, "max_lineno": 138}, "calls": ["numpy.array", "numpy.array", "numpy.sum", "len", "numpy.sum", "len", "float"], "store_vars_calls": {"predict": "np.array", "actual": "np.array"}}, "manual_accuracy": {"args": ["predict", "actual"], "min_max_lineno": {"min_lineno": 140, "max_lineno": 142}, "calls": ["numpy.mean", "numpy.array", "numpy.array"]}}, "is_test": false}