{"file": {"path": "/Users/rakshithagnanasekaran/desktop/Python/machine_learning/sequential_minimum_optimization.py", "fileNameBase": "sequential_minimum_optimization", "extension": "py", "doc": {"long_description": "(SVM).\n\n    Sequential minimal optimization (SMO) is an algorithm for solving the quadratic\n    programming (QP) problem that arises during the training of support vector\n    machines.\n    It was invented by John Platt in 1998.\n\nInput:\n    0: type: numpy.ndarray.\n    1: first column of ndarray must be tags of samples, must be 1 or -1.\n    2: rows of ndarray represent samples.\n\nUsage:\n    Command:\n        python3 sequential_minimum_optimization.py\n    Code:\n        from sequential_minimum_optimization import SmoSVM, Kernel\n\n        kernel = Kernel(kernel='poly', degree=3., coef0=1., gamma=0.5)\n        init_alphas = np.zeros(train.shape[0])\n        SVM = SmoSVM(train=train, alpha_list=init_alphas, kernel_func=kernel, cost=0.4,\n                     b=0.0, tolerance=0.001)\n        SVM.fit()\n        predict = SVM.predict(test_samples)\n\nReference:\n    https://www.microsoft.com/en-us/research/wp-content/uploads/2016/02/smo-book.pdf\n    https://www.microsoft.com/en-us/research/wp-content/uploads/2016/02/tr-98-14.pdf\n    http://web.cs.iastate.edu/~honavar/smo-svm.pdf", "short_description": "Implementation of sequential minimal optimization (SMO) for support vector machines", "full": "    Implementation of sequential minimal optimization (SMO) for support vector machines\n    (SVM).\n\n    Sequential minimal optimization (SMO) is an algorithm for solving the quadratic\n    programming (QP) problem that arises during the training of support vector\n    machines.\n    It was invented by John Platt in 1998.\n\nInput:\n    0: type: numpy.ndarray.\n    1: first column of ndarray must be tags of samples, must be 1 or -1.\n    2: rows of ndarray represent samples.\n\nUsage:\n    Command:\n        python3 sequential_minimum_optimization.py\n    Code:\n        from sequential_minimum_optimization import SmoSVM, Kernel\n\n        kernel = Kernel(kernel='poly', degree=3., coef0=1., gamma=0.5)\n        init_alphas = np.zeros(train.shape[0])\n        SVM = SmoSVM(train=train, alpha_list=init_alphas, kernel_func=kernel, cost=0.4,\n                     b=0.0, tolerance=0.001)\n        SVM.fit()\n        predict = SVM.predict(test_samples)\n\nReference:\n    https://www.microsoft.com/en-us/research/wp-content/uploads/2016/02/smo-book.pdf\n    https://www.microsoft.com/en-us/research/wp-content/uploads/2016/02/tr-98-14.pdf\n    http://web.cs.iastate.edu/~honavar/smo-svm.pdf"}}, "dependencies": [{"import": "os", "type": "external"}, {"import": "sys", "type": "external"}, {"import": "urllib", "type": "external"}, {"import": "numpy", "alias": "np", "type": "external"}, {"import": "pandas", "alias": "pd", "type": "external"}, {"from_module": "matplotlib", "import": "pyplot", "alias": "plt", "type": "external"}, {"from_module": "sklearn.datasets", "import": "make_blobs", "type": "external"}, {"from_module": "sklearn.datasets", "import": "make_circles", "type": "external"}, {"from_module": "sklearn.preprocessing", "import": "StandardScaler", "type": "external"}], "classes": {"SmoSVM": {"min_max_lineno": {"min_lineno": 51, "max_lineno": 415}, "methods": {"__init__": {"args": ["self", "train", "kernel_func", "alpha_list", "cost", "b", "tolerance", "auto_norm"], "min_max_lineno": {"min_lineno": 52, "max_lineno": 80}, "calls": ["numpy.float64", "numpy.float64", "list", "sequential_minimum_optimization.SmoSVM._calculate_k_matrix", "numpy.zeros", "sequential_minimum_optimization.SmoSVM._choose_alphas", "numpy.float64", "numpy.float64", "sequential_minimum_optimization.SmoSVM._norm", "numpy.zeros", "range"], "store_vars_calls": {"self._c": "np.float64", "self._b": "np.float64", "self._all_samples": "list", "self._K_matrix": "self._calculate_k_matrix", "self._error": "np.zeros", "self.choose_alpha": "self._choose_alphas"}}, "fit": {"args": ["self"], "min_max_lineno": {"min_lineno": 82, "max_lineno": 147}, "calls": ["sequential_minimum_optimization.SmoSVM._get_new_alpha", "numpy.float64", "numpy.float64", "sequential_minimum_optimization.SmoSVM._is_unbound", "sequential_minimum_optimization.SmoSVM._is_unbound", "sequential_minimum_optimization.SmoSVM.choose_alpha.send", "sequential_minimum_optimization.SmoSVM.alphas[].copy", "sequential_minimum_optimization.SmoSVM.alphas[].copy", "sequential_minimum_optimization.SmoSVM._e", "sequential_minimum_optimization.SmoSVM._e", "print", "sequential_minimum_optimization.SmoSVM._is_unbound", "numpy.float64", "numpy.float64", "K", "K", "K", "K", "K", "K"], "store_vars_calls": {"b1_new": "np.float64", "b2_new": "np.float64"}}, "predict": {"args": ["self", "test_samples", "classify"], "min_max_lineno": {"min_lineno": 149, "max_lineno": 167}, "calls": ["numpy.array", "ValueError", "sequential_minimum_optimization.SmoSVM._norm", "sequential_minimum_optimization.SmoSVM._predict", "results.append", "results.append"], "store_vars_calls": {"test_samples": "self._norm", "result": "self._predict"}}, "_check_obey_kkt": {"args": ["self", "index"], "min_max_lineno": {"min_lineno": 169, "max_lineno": 176}, "calls": ["sequential_minimum_optimization.SmoSVM._e"]}, "_k": {"args": ["self", "i1", "i2"], "min_max_lineno": {"min_lineno": 178, "max_lineno": 185}, "calls": ["isinstance", "sequential_minimum_optimization.SmoSVM.Kernel"]}, "_e": {"doc": {"long_description": "1:Sample[index] is non-bound,Fetch error from list: _error\n2:sample[index] is bound,Use predicted value deduct true value: g(xi) - yi", "short_description": "Two cases:"}, "args": ["self", "index"], "min_max_lineno": {"min_lineno": 187, "max_lineno": 202}, "calls": ["sequential_minimum_optimization.SmoSVM._is_unbound", "numpy.dot"]}, "_calculate_k_matrix": {"args": ["self"], "returns": [["k_matrix"]], "min_max_lineno": {"min_lineno": 204, "max_lineno": 212}, "calls": ["numpy.zeros", "numpy.float64", "sequential_minimum_optimization.SmoSVM.Kernel"], "store_vars_calls": {"k_matrix": "np.zeros"}}, "_predict": {"args": ["self", "sample"], "returns": [["predicted_value"]], "min_max_lineno": {"min_lineno": 214, "max_lineno": 226}, "calls": ["numpy.sum", "k"]}, "_choose_alphas": {"args": ["self"], "returns": [["locis"]], "min_max_lineno": {"min_lineno": 228, "max_lineno": 233}, "calls": ["sequential_minimum_optimization.SmoSVM._choose_a1"]}, "_choose_a1": {"doc": {"long_description": "1:First loop over all sample\n2:Second loop over all non-bound samples till all non-bound samples does not\n    voilate kkt condition.\n3:Repeat this two process endlessly,till all samples does not voilate kkt\n    condition samples after first loop.", "short_description": "Choose first alpha ;steps:"}, "args": ["self"], "min_max_lineno": {"min_lineno": 234, "max_lineno": 269}, "calls": ["print", "print", "print", "sequential_minimum_optimization.SmoSVM._check_obey_kkt", "sequential_minimum_optimization.SmoSVM._choose_a2", "print", "sequential_minimum_optimization.SmoSVM._choose_a2", "sequential_minimum_optimization.SmoSVM._check_obey_kkt", "sequential_minimum_optimization.SmoSVM._is_unbound"]}, "_choose_a2": {"doc": {"long_description": "1: Choose alpha2 which gets the maximum step size (|E1 - E2|).\n2: Start in a random point,loop over all non-bound samples till alpha1 and\n    alpha2 are optimized.\n3: Start in a random point,loop over all samples till alpha1 and alpha2 are\n    optimized.", "short_description": "Choose the second alpha by using heuristic algorithm ;steps:"}, "args": ["self", "i1"], "min_max_lineno": {"min_lineno": 270, "max_lineno": 305}, "calls": ["numpy.roll", "numpy.roll", "len", "sequential_minimum_optimization.SmoSVM._error.copy().tolist", "numpy.random.choice", "numpy.random.choice", "sequential_minimum_optimization.SmoSVM._is_unbound", "sequential_minimum_optimization.SmoSVM._e", "min", "max", "sequential_minimum_optimization.SmoSVM._error.copy", "enumerate", "sequential_minimum_optimization.SmoSVM._is_unbound"], "store_vars_calls": {"tmp_error": "self._error.copy().tolist", "i2": "max"}}, "_get_new_alpha": {"args": ["self", "i1", "i2", "a1", "a2", "e1", "e2", "y1", "y2"], "returns": [["a1_new", "a2_new"]], "min_max_lineno": {"min_lineno": 307, "max_lineno": 381}, "calls": ["K", "K", "K", "max", "min", "max", "min", "K", "K", "K", "K", "K", "K", "K", "K", "K", "K"], "store_vars_calls": {"k11": "K", "k22": "K", "k12": "K"}}, "_norm": {"args": ["self", "data"], "min_max_lineno": {"min_lineno": 383, "max_lineno": 391}, "calls": ["numpy.min", "numpy.max"], "store_vars_calls": {"self._min": "np.min", "self._max": "np.max"}}, "_is_unbound": {"args": ["self", "index"], "min_max_lineno": {"min_lineno": 392, "max_lineno": 397}}, "_is_support": {"args": ["self", "index"], "min_max_lineno": {"min_lineno": 398, "max_lineno": 403}}, "unbound": {"args": ["self"], "min_max_lineno": {"min_lineno": 404, "max_lineno": 407}}, "support": {"args": ["self"], "min_max_lineno": {"min_lineno": 408, "max_lineno": 411}, "calls": ["range", "sequential_minimum_optimization.SmoSVM._is_support"]}, "length": {"args": ["self"], "min_max_lineno": {"min_lineno": 412, "max_lineno": 415}}}}, "Kernel": {"min_max_lineno": {"min_lineno": 417, "max_lineno": 449}, "methods": {"__init__": {"args": ["self", "kernel", "degree", "coef0", "gamma"], "min_max_lineno": {"min_lineno": 418, "max_lineno": 425}, "calls": ["numpy.float64", "numpy.float64", "numpy.float64", "sequential_minimum_optimization.Kernel._get_kernel", "sequential_minimum_optimization.Kernel._check"], "store_vars_calls": {"self.degree": "np.float64", "self.coef0": "np.float64", "self.gamma": "np.float64", "self._kernel": "self._get_kernel"}}, "_polynomial": {"args": ["self", "v1", "v2"], "min_max_lineno": {"min_lineno": 426, "max_lineno": 428}, "calls": ["numpy.inner"]}, "_linear": {"args": ["self", "v1", "v2"], "min_max_lineno": {"min_lineno": 429, "max_lineno": 431}, "calls": ["numpy.inner"]}, "_rbf": {"args": ["self", "v1", "v2"], "min_max_lineno": {"min_lineno": 432, "max_lineno": 434}, "calls": ["numpy.exp", "numpy.linalg.norm"]}, "_check": {"args": ["self"], "min_max_lineno": {"min_lineno": 435, "max_lineno": 439}, "calls": ["ValueError"]}, "_get_kernel": {"args": ["self", "kernel_name"], "min_max_lineno": {"min_lineno": 440, "max_lineno": 443}}, "__call__": {"args": ["self", "v1", "v2"], "min_max_lineno": {"min_lineno": 444, "max_lineno": 446}, "calls": ["sequential_minimum_optimization.Kernel._kernel"]}, "__repr__": {"args": ["self"], "min_max_lineno": {"min_lineno": 447, "max_lineno": 449}}}}}, "functions": {"count_time": {"args": ["func"], "returns": [["call_func"]], "min_max_lineno": {"min_lineno": 451, "max_lineno": 461}, "calls": ["time.time", "func", "time.time", "print"], "store_vars_calls": {"start_time": "time.time", "end_time": "time.time"}, "functions": {"call_func": {"min_max_lineno": {"min_lineno": 452, "max_lineno": 459}, "calls": ["time.time", "func", "time.time", "print"], "store_vars_calls": {"start_time": "time.time", "end_time": "time.time"}}}}, "test_cancel_data": {"min_max_lineno": {"min_lineno": 463, "max_lineno": 513}, "calls": ["print", "pandas.read_csv", "data.replace.dropna", "data.replace.replace", "sequential_minimum_optimization.Kernel", "numpy.zeros", "sequential_minimum_optimization.SmoSVM", "sequential_minimum_optimization.SmoSVM.fit", "sequential_minimum_optimization.SmoSVM.predict", "range", "print", "print", "os.path.exists", "urllib.request.Request", "urllib.request.urlopen", "urllib.request.urlopen.read().decode", "numpy.array", "open", "f.write", "numpy.float64", "numpy.float64", "urllib.request.urlopen.read", "data.replace.columns.tolist"], "store_vars_calls": {"data": "data.replace", "mykernel": "Kernel", "al": "np.zeros", "mysvm": "SmoSVM", "predict": "mysvm.predict", "request": "urllib.request.Request", "response": "urllib.request.urlopen", "content": "response.read().decode"}}, "test_demonstration": {"min_max_lineno": {"min_lineno": 515, "max_lineno": 535}, "calls": ["print", "open", "matplotlib.pyplot.subplot2grid", "matplotlib.pyplot.subplot2grid", "matplotlib.pyplot.subplot2grid", "matplotlib.pyplot.subplot2grid", "plt.subplot2grid.set_title", "sequential_minimum_optimization.test_linear_kernel", "plt.subplot2grid.set_title", "sequential_minimum_optimization.test_linear_kernel", "plt.subplot2grid.set_title", "sequential_minimum_optimization.test_rbf_kernel", "plt.subplot2grid.set_title", "sequential_minimum_optimization.test_rbf_kernel", "print"], "store_vars_calls": {"sys.stdout": "open", "ax1": "plt.subplot2grid", "ax2": "plt.subplot2grid", "ax3": "plt.subplot2grid", "ax4": "plt.subplot2grid"}}, "test_linear_kernel": {"args": ["ax", "cost"], "min_max_lineno": {"min_lineno": 537, "max_lineno": 555}, "calls": ["sklearn.datasets.make_blobs", "sklearn.preprocessing.StandardScaler", "sklearn.preprocessing.StandardScaler.fit_transform", "numpy.hstack", "sequential_minimum_optimization.Kernel", "sequential_minimum_optimization.SmoSVM", "sequential_minimum_optimization.SmoSVM.fit", "sequential_minimum_optimization.plot_partition_boundary", "train_y.reshape"], "store_vars_calls": {"scaler": "StandardScaler", "train_x_scaled": "scaler.fit_transform", "train_data": "np.hstack", "mykernel": "Kernel", "mysvm": "SmoSVM"}}, "test_rbf_kernel": {"args": ["ax", "cost"], "min_max_lineno": {"min_lineno": 557, "max_lineno": 575}, "calls": ["sklearn.datasets.make_circles", "sklearn.preprocessing.StandardScaler", "sklearn.preprocessing.StandardScaler.fit_transform", "numpy.hstack", "sequential_minimum_optimization.Kernel", "sequential_minimum_optimization.SmoSVM", "sequential_minimum_optimization.SmoSVM.fit", "sequential_minimum_optimization.plot_partition_boundary", "train_y.reshape"], "store_vars_calls": {"scaler": "StandardScaler", "train_x_scaled": "scaler.fit_transform", "train_data": "np.hstack", "mykernel": "Kernel", "mysvm": "SmoSVM"}}, "plot_partition_boundary": {"doc": {"long_description": "svm.  For this reason, we generate randomly distributed points with high desity and\nprediced values of these points are calculated by using our tained model. Then we\ncould use this prediced values to draw contour map.\nAnd this contour map can represent svm's partition boundary.", "short_description": "We can not get the optimum w of our kernel svm model which is different from linear"}, "args": ["model", "train_data", "ax", "resolution", "colors"], "min_max_lineno": {"min_lineno": 577, "max_lineno": 626}, "calls": ["numpy.linspace", "numpy.linspace", "numpy.array().reshape", "model.predict", "model.predict.reshape", "ax.contour", "ax.scatter", "ax.scatter", "train_data_x.min", "train_data_x.max", "train_data_y.min", "train_data_y.max", "numpy.array", "len", "len", "numpy.mat"], "store_vars_calls": {"xrange": "np.linspace", "yrange": "np.linspace", "test_samples": "np.array().reshape", "test_tags": "model.predict", "grid": "test_tags.reshape"}}}, "main_info": {"main_flag": 1, "main_function": "sequential_minimum_optimization.test_cancel_data", "type": "script"}, "is_test": false}