{"file": {"path": "/Users/rakshithagnanasekaran/desktop/Python/machine_learning/similarity_search.py", "fileNameBase": "similarity_search", "extension": "py", "doc": {"long_description": "Similarity search is a search algorithm for finding the nearest vector from\nvectors, used in natural language processing.\nIn this algorithm, it calculates distance with euclidean distance and\nreturns a list containing two data for each vector:\n    1. the nearest vector\n    2. distance between the vector and the nearest vector (float)", "short_description": "Similarity Search : https://en.wikipedia.org/wiki/Similarity_search", "full": "Similarity Search : https://en.wikipedia.org/wiki/Similarity_search\nSimilarity search is a search algorithm for finding the nearest vector from\nvectors, used in natural language processing.\nIn this algorithm, it calculates distance with euclidean distance and\nreturns a list containing two data for each vector:\n    1. the nearest vector\n    2. distance between the vector and the nearest vector (float)"}}, "dependencies": [{"from_module": "__future__", "import": "annotations", "type": "external"}, {"import": "math", "type": "external"}, {"import": "numpy", "alias": "np", "type": "external"}], "functions": {"euclidean": {"doc": {"short_description": "Calculates euclidean distance between two data.", "args": {"input_a": {"description": "ndarray of first vector."}, "input_b": {"description": "ndarray of second vector."}}, "returns": {"description": "Euclidean distance of input_a and input_b. By using math.sqrt(),\nresult will be float.\n\n>>> euclidean(np.array([0]), np.array([1]))\n1.0\n>>> euclidean(np.array([0, 1]), np.array([1, 1]))\n1.0\n>>> euclidean(np.array([0, 0, 0]), np.array([0, 0, 1]))\n1.0", "is_generator": false}}, "args": ["input_a", "input_b"], "min_max_lineno": {"min_lineno": 17, "max_lineno": 33}, "calls": ["math.sqrt", "sum", "pow", "zip"]}, "similarity_search": {"doc": {"args": {"dataset": {"description": "Set containing the vectors. Should be ndarray."}, "value_array": {"description": "vector/vectors we want to know the nearest vector from dataset."}}, "returns": {"description": "Result will be a list containing\n1. the nearest vector\n        2. distance from the vector\n\n>>> dataset = np.array([[0], [1], [2]])\n>>> value_array = np.array([[0]])\n>>> similarity_search(dataset, value_array)\n[[[0], 0.0]]\n\n>>> dataset = np.array([[0, 0], [1, 1], [2, 2]])\n>>> value_array = np.array([[0, 1]])\n>>> similarity_search(dataset, value_array)\n[[[0, 0], 1.0]]\n\n>>> dataset = np.array([[0, 0, 0], [1, 1, 1], [2, 2, 2]])\n>>> value_array = np.array([[0, 0, 1]])\n>>> similarity_search(dataset, value_array)\n[[[0, 0, 0], 1.0]]\n\n>>> dataset = np.array([[0, 0, 0], [1, 1, 1], [2, 2, 2]])\n>>> value_array = np.array([[0, 0, 0], [0, 0, 1]])\n>>> similarity_search(dataset, value_array)\n[[[0, 0, 0], 0.0], [[0, 0, 0], 1.0]]\n\nThese are the errors that might occur:\n\n1. If dimensions are different.\nFor example, dataset has 2d array and value_array has 1d array:\n>>> dataset = np.array([[1]])\n>>> value_array = np.array([1])\n>>> similarity_search(dataset, value_array)\nTraceback (most recent call last):\n...\nValueError: Wrong input data's dimensions... dataset : 2, value_array : 1\n\n2. If data's shapes are different.\nFor example, dataset has shape of (3, 2) and value_array has (2, 3).\nWe are expecting same shapes of two arrays, so it is wrong.\n>>> dataset = np.array([[0, 0], [1, 1], [2, 2]])\n>>> value_array = np.array([[0, 0, 0], [0, 0, 1]])\n>>> similarity_search(dataset, value_array)\nTraceback (most recent call last):\n...\nValueError: Wrong input data's shape... dataset : 2, value_array : 3\n\n3. If data types are different.\nWhen trying to compare, we are expecting same types so they should be same.\nIf not, it'll come up with errors.\n>>> dataset = np.array([[0, 0], [1, 1], [2, 2]], dtype=np.float32)\n>>> value_array = np.array([[0, 0], [0, 1]], dtype=np.int32)\n>>> similarity_search(dataset, value_array)  # doctest: +NORMALIZE_WHITESPACE\nTraceback (most recent call last):\n...\nTypeError: Input data have different datatype...\ndataset : float32, value_array : int32", "is_generator": false}}, "args": ["dataset", "value_array"], "returns": [["answer"]], "min_max_lineno": {"min_lineno": 35, "max_lineno": 136}, "calls": ["ValueError", "TypeError", "similarity_search.euclidean", "dataset[].tolist", "answer.append", "ValueError", "similarity_search.euclidean", "TypeError", "dataset_value.tolist"], "store_vars_calls": {"dist": "euclidean", "vector": "dataset_value.tolist", "temp_dist": "euclidean"}}}, "main_info": {"main_flag": 1, "type": "script"}, "is_test": false}