{"file": {"path": "/Users/rakshithagnanasekaran/desktop/Python/machine_learning/support_vector_machines.py", "fileNameBase": "support_vector_machines", "extension": "py"}, "dependencies": [{"import": "numpy", "alias": "np", "type": "external"}, {"from_module": "numpy", "import": "ndarray", "type": "external"}, {"from_module": "scipy.optimize", "import": "Bounds", "type": "external"}, {"from_module": "scipy.optimize", "import": "LinearConstraint", "type": "external"}, {"from_module": "scipy.optimize", "import": "minimize", "type": "external"}], "classes": {"SVC": {"doc": {"short_description": "Support Vector Classifier", "full": "Support Vector Classifier\n\nArgs:\n    kernel (str): kernel to use. Default: linear\n        Possible choices:\n            - linear\n    regularization: constraint for soft margin (data not linearly separable)\n        Default: unbound\n\n>>> SVC(kernel=\"asdf\")\nTraceback (most recent call last):\n    ...\nValueError: Unknown kernel: asdf\n\n>>> SVC(kernel=\"rbf\")\nTraceback (most recent call last):\n    ...\nValueError: rbf kernel requires gamma\n\n>>> SVC(kernel=\"rbf\", gamma=-1)\nTraceback (most recent call last):\n    ...\nValueError: gamma must be > 0"}, "min_max_lineno": {"min_lineno": 27, "max_lineno": 200}, "methods": {"__init__": {"args": ["self"], "min_max_lineno": {"min_lineno": 54, "max_lineno": 78}, "calls": ["ValueError", "ValueError", "ValueError", "ValueError", "isinstance", "isinstance"]}, "__linear": {"doc": {"short_description": "Linear kernel (as if no kernel used at all)"}, "args": ["self", "vector1", "vector2"], "min_max_lineno": {"min_lineno": 80, "max_lineno": 83}, "calls": ["numpy.dot"]}, "__rbf": {"doc": {"long_description": "Note: for more information see:\n    https://en.wikipedia.org/wiki/Radial_basis_function_kernel", "short_description": "RBF: Radial Basis Function Kernel", "args": {"vector1": {"description": "first vector", "type_name": "ndarray", "is_optional": false}, "vector2": {"description": "second vector)", "type_name": "ndarray", "is_optional": false}}, "returns": {"description": "exp(-(gamma * norm_squared(vector1 - vector2)))", "type_name": "float", "is_generator": false}}, "args": ["self", "vector1", "vector2"], "min_max_lineno": {"min_lineno": 84, "max_lineno": 99}, "calls": ["numpy.exp", "support_vector_machines.norm_squared"]}, "fit": {"doc": {"short_description": "Fits the SVC with a set of observations.", "args": {"observations": {"description": "list of observations", "type_name": "list[ndarray]", "is_optional": false}, "classes": {"description": "classification of each observation (in {1, -1})", "type_name": "ndarray", "is_optional": false}}}, "args": ["self", "observations", "classes"], "min_max_lineno": {"min_lineno": 100, "max_lineno": 168}, "calls": ["numpy.shape", "scipy.optimize.LinearConstraint", "scipy.optimize.Bounds", "range", "numpy.shape", "range", "scipy.optimize.minimize", "range", "range", "sum", "numpy.ones", "support_vector_machines.SVC.kernel", "support_vector_machines.SVC.kernel"], "store_vars_calls": {"ly_contraint": "LinearConstraint", "l_bounds": "Bounds"}, "functions": {"to_minimize": {"doc": {"short_description": "Opposite of the function to maximize", "args": {"candidate": {"description": "candidate array to test\nReturn:", "type_name": "ndarray", "is_optional": false}, "float": {"description": "Wolfe's Dual result to minimize"}}}, "args": ["candidate"], "min_max_lineno": {"min_lineno": 129, "max_lineno": 151}, "calls": ["numpy.shape", "range", "range", "sum", "support_vector_machines.SVC.kernel"]}}}, "predict": {"doc": {"short_description": "Get the expected class of an observation", "args": {"observation": {"description": "observation", "type_name": "Vector", "is_optional": false}}, "returns": {"description": "int {1, -1}: expected class\n\n>>> xs = [\n...     np.asarray([0, 1]), np.asarray([0, 2]),\n...     np.asarray([1, 1]), np.asarray([1, 2])\n... ]\n>>> y = np.asarray([1, 1, -1, -1])\n>>> s = SVC()\n>>> s.fit(xs, y)\n>>> s.predict(np.asarray([0, 1]))\n1\n>>> s.predict(np.asarray([1, 1]))\n-1\n>>> s.predict(np.asarray([2, 2]))\n-1", "is_generator": false}}, "args": ["self", "observation"], "min_max_lineno": {"min_lineno": 169, "max_lineno": 200}, "calls": ["sum", "support_vector_machines.SVC.kernel", "range", "len"], "store_vars_calls": {"s": "sum"}}}}}, "functions": {"norm_squared": {"doc": {"long_description": "norm_squared(v) = sum(x * x for x in v)", "short_description": "Return the squared second norm of vector", "args": {"vector": {"description": "input vector", "type_name": "ndarray", "is_optional": false}}, "returns": {"description": "squared second norm of vector\n>>> norm_squared([1, 2])\n5\n>>> norm_squared(np.asarray([1, 2]))\n5\n>>> norm_squared([0, 0])\n0", "type_name": "float", "is_generator": false}}, "args": ["vector"], "min_max_lineno": {"min_lineno": 6, "max_lineno": 25}, "calls": ["numpy.dot"]}}, "main_info": {"main_flag": 1, "type": "script"}, "is_test": false}