{"file": {"path": "/Users/rakshithagnanasekaran/desktop/Python/machine_learning/word_frequency_functions.py", "fileNameBase": "word_frequency_functions", "extension": "py"}, "dependencies": [{"import": "string", "type": "external"}, {"from_module": "math", "import": "log10", "type": "external"}], "functions": {"term_frequency": {"doc": {"long_description": "a given document.\n@params: term, the term to search a document for, and document,\n        the document to search within\n@returns: an integer representing the number of times a term is\n        found within the document\n\n@examples:\n>>> term_frequency(\"to\", \"To be, or not to be\")\n2", "short_description": "Return the number of times a term occurs within"}, "args": ["term", "document"], "min_max_lineno": {"min_lineno": 43, "max_lineno": 62}, "calls": ["document.translate().replace", "document.translate().replace.split", "len", "document.translate", "str.maketrans", "word.lower", "term.lower"], "store_vars_calls": {"document_without_punctuation": "document.translate().replace", "tokenize_document": "document_without_punctuation.split"}}, "document_frequency": {"doc": {"long_description": "given term\n@params : term, the term to search each document for, and corpus, a collection of\n         documents. Each document should be separated by a newline.\n@returns : the number of documents in the corpus that contain the term you are\n           searching for and the number of documents in the corpus\n@examples :\n>>> document_frequency(\"first\", \"This is the first document in the corpus.\\nThIsis the second document in the corpus.\\nTHIS is the third document in the corpus.\")\n(1, 3)", "short_description": "Calculate the number of documents in a corpus that contain a"}, "args": ["term", "corpus"], "min_max_lineno": {"min_lineno": 64, "max_lineno": 84}, "calls": ["corpus.lower().translate", "corpus.lower().translate.split", "term.lower.lower", "str.maketrans", "len", "len", "corpus.lower"], "store_vars_calls": {"corpus_without_punctuation": "corpus.lower().translate", "docs": "corpus_without_punctuation.split", "term": "term.lower"}}, "inverse_document_frequency": {"doc": {"long_description": "of a word. This measure of importance is\ncalculated by log10(N/df), where N is the\nnumber of documents and df is\nthe Document Frequency.\n@params : df, the Document Frequency, N,\nthe number of documents in the corpus and\nsmoothing, if True return the idf-smooth\n@returns : log10(N/df) or 1+log10(N/1+df)\n@examples :\n>>> inverse_document_frequency(3, 0)\nTraceback (most recent call last):\n ...\nValueError: log10(0) is undefined.\n>>> inverse_document_frequency(1, 3)\n0.477\n>>> inverse_document_frequency(0, 3)\nTraceback (most recent call last):\n ...\nZeroDivisionError: df must be > 0\n>>> inverse_document_frequency(0, 3,True)\n1.477", "short_description": "Return an integer denoting the importance"}, "args": ["df", "N", "smoothing"], "min_max_lineno": {"min_lineno": 86, "max_lineno": 121}, "calls": ["round", "round", "ZeroDivisionError", "math.log10", "ValueError", "ValueError", "math.log10"]}, "tf_idf": {"doc": {"long_description": "and inverse document frequency functions to\ncalculate the originality of a term. This\n'originality' is calculated by multiplying\nthe term frequency and the inverse document\nfrequency : tf-idf = TF * IDF\n@params : tf, the term frequency, and idf, the inverse document\nfrequency\n@examples :\n>>> tf_idf(2, 0.477)\n0.954", "short_description": "Combine the term frequency"}, "args": ["tf", "idf"], "min_max_lineno": {"min_lineno": 123, "max_lineno": 138}, "calls": ["round"]}}, "is_test": false}