{"file": {"path": "/Users/rakshithagnanasekaran/desktop/Python/fuzzy_logic/fuzzy_operations.py", "fileNameBase": "fuzzy_operations", "extension": "py", "doc": {"long_description": "Requirements:\n  - scikit-fuzzy\n  - numpy\n  - matplotlib\nPython:\n  - 3.5", "short_description": "README, Author - Jigyasa Gandhi(mailto:jigsgandhi97@gmail.com)", "full": "README, Author - Jigyasa Gandhi(mailto:jigsgandhi97@gmail.com)\nRequirements:\n  - scikit-fuzzy\n  - numpy\n  - matplotlib\nPython:\n  - 3.5"}}, "dependencies": [{"import": "numpy", "alias": "np", "type": "external"}], "main_info": {"main_flag": 1, "type": "script"}, "is_test": false}