{"file": {"path": "/Users/rakshithagnanasekaran/desktop/Python/cellular_automata/conways_game_of_life.py", "fileNameBase": "conways_game_of_life", "extension": "py", "doc": {"long_description": "https://en.wikipedia.org/wiki/Conway%27s_Game_of_Life", "short_description": "Conway's Game of Life implemented in Python.", "full": "Conway's Game of Life implemented in Python.\nhttps://en.wikipedia.org/wiki/Conway%27s_Game_of_Life"}}, "dependencies": [{"from_module": "__future__", "import": "annotations", "type": "external"}, {"from_module": "PIL", "import": "Image", "type": "external"}], "functions": {"new_generation": {"doc": {"long_description": ">>> new_generation(BLINKER)\n[[0, 0, 0], [1, 1, 1], [0, 0, 0]]", "short_description": "Generates the next generation for a given state of Conway's Game of Life."}, "args": ["cells"], "returns": [["next_generation"]], "min_max_lineno": {"min_lineno": 25, "max_lineno": 71}, "calls": ["range", "len", "range", "next_generation.append", "len", "next_generation_row.append", "next_generation_row.append", "len", "len", "len", "len", "len", "len"]}, "generate_images": {"doc": {"short_description": "Generates a list of images of subsequent Game of Life states."}, "args": ["cells", "frames"], "returns": [["images"]], "min_max_lineno": {"min_lineno": 73, "max_lineno": 93}, "calls": ["range", "PIL.Image.new", "Image.new.load", "range", "images.append", "conways_game_of_life.new_generation", "len", "range", "len", "len", "len"], "store_vars_calls": {"img": "Image.new", "pixels": "img.load", "cells": "new_generation"}}}, "main_info": {"main_flag": 1, "main_function": "conways_game_of_life.generate_images", "type": "script"}, "is_test": false}