{"file": {"path": "/Users/rakshithagnanasekaran/desktop/Python/cellular_automata/game_of_life.py", "fileNameBase": "game_of_life", "extension": "py", "doc": {"long_description": "Requirements:\n  - numpy\n  - random\n  - time\n  - matplotlib\n\nPython:\n  - 3.5\n\nUsage:\n  - $python3 game_o_life <canvas_size:int>\n\nGame-Of-Life Rules:\n\n 1.\n Any live cell with fewer than two live neighbours\n dies, as if caused by under-population.\n 2.\n Any live cell with two or three live neighbours lives\n on to the next generation.\n 3.\n Any live cell with more than three live neighbours\n dies, as if by over-population.\n 4.\n Any dead cell with exactly three live neighbours be-\n comes a live cell, as if by reproduction.", "short_description": "Conway's Game Of Life, Author Anurag Kumar(mailto:anuragkumarak95@gmail.com)", "full": "Conway's Game Of Life, Author Anurag Kumar(mailto:anuragkumarak95@gmail.com)\n\nRequirements:\n  - numpy\n  - random\n  - time\n  - matplotlib\n\nPython:\n  - 3.5\n\nUsage:\n  - $python3 game_o_life <canvas_size:int>\n\nGame-Of-Life Rules:\n\n 1.\n Any live cell with fewer than two live neighbours\n dies, as if caused by under-population.\n 2.\n Any live cell with two or three live neighbours lives\n on to the next generation.\n 3.\n Any live cell with more than three live neighbours\n dies, as if by over-population.\n 4.\n Any dead cell with exactly three live neighbours be-\n comes a live cell, as if by reproduction.\n "}}, "dependencies": [{"import": "random", "type": "external"}, {"import": "sys", "type": "external"}, {"import": "numpy", "alias": "np", "type": "external"}, {"from_module": "matplotlib", "import": "pyplot", "alias": "plt", "type": "external"}, {"from_module": "matplotlib.colors", "import": "ListedColormap", "type": "external"}], "functions": {"create_canvas": {"args": ["size"], "returns": [["canvas"]], "min_max_lineno": {"min_lineno": 43, "max_lineno": 46}, "calls": ["range", "range"]}, "seed": {"args": ["canvas"], "min_max_lineno": {"min_lineno": 48, "max_lineno": 52}, "calls": ["enumerate", "enumerate", "bool", "random.getrandbits"]}, "run": {"doc": {"long_description": "status accordingly.(in the same canvas)\n@Args:\n--\ncanvas : canvas of population to run the rules on.\n\n@returns:\n--\nNone", "short_description": "This  function runs the rules of game through all points, and changes their"}, "args": ["canvas"], "returns": [["return_canvas"]], "min_max_lineno": {"min_lineno": 54, "max_lineno": 78}, "calls": ["numpy.array", "numpy.array", "enumerate", "np.array.tolist", "game_of_life.create_canvas", "enumerate", "game_of_life.__judge_point"], "store_vars_calls": {"current_canvas": "np.array", "next_gen_canvas": "np.array"}}, "__judge_point": {"args": ["pt", "neighbours"], "returns": [["state"]], "min_max_lineno": {"min_lineno": 80, "max_lineno": 111}}}, "body": {"calls": ["random.shuffle"]}, "main_info": {"main_flag": 1, "type": "script"}, "is_test": false}