{"file": {"path": "/Users/rakshithagnanasekaran/desktop/Python/cellular_automata/nagel_schrekenberg.py", "fileNameBase": "nagel_schrekenberg", "extension": "py", "doc": {"long_description": "The highway is divided in cells, each cell can have at most one car in it.\nThe highway is a loop so when a car comes to one end, it will come out on the other.\nEach car is represented by its speed (from 0 to 5).\n\nSome information about speed:\n    -1 means that the cell on the highway is empty\n    0 to 5 are the speed of the cars with 0 being the lowest and 5 the highest\n\nhighway: list[int]  Where every position and speed of every car will be stored\nprobability         The probability that a driver will slow down\ninitial_speed       The speed of the cars a the start\nfrequency           How many cells there are between two cars at the start\nmax_speed           The maximum speed a car can go to\nnumber_of_cells     How many cell are there in the highway\nnumber_of_update    How many times will the position be updated\n\nMore information here: https://en.wikipedia.org/wiki/Nagel%E2%80%93Schreckenberg_model\n\nExamples for doctest:\n>>> simulate(construct_highway(6, 3, 0), 2, 0, 2)\n[[0, -1, -1, 0, -1, -1], [-1, 1, -1, -1, 1, -1], [-1, -1, 1, -1, -1, 1]]\n>>> simulate(construct_highway(5, 2, -2), 3, 0, 2)\n[[0, -1, 0, -1, 0], [0, -1, 0, -1, -1], [0, -1, -1, 1, -1], [-1, 1, -1, 0, -1]]", "short_description": "Simulate the evolution of a highway with only one road that is a loop.", "full": "Simulate the evolution of a highway with only one road that is a loop.\nThe highway is divided in cells, each cell can have at most one car in it.\nThe highway is a loop so when a car comes to one end, it will come out on the other.\nEach car is represented by its speed (from 0 to 5).\n\nSome information about speed:\n    -1 means that the cell on the highway is empty\n    0 to 5 are the speed of the cars with 0 being the lowest and 5 the highest\n\nhighway: list[int]  Where every position and speed of every car will be stored\nprobability         The probability that a driver will slow down\ninitial_speed       The speed of the cars a the start\nfrequency           How many cells there are between two cars at the start\nmax_speed           The maximum speed a car can go to\nnumber_of_cells     How many cell are there in the highway\nnumber_of_update    How many times will the position be updated\n\nMore information here: https://en.wikipedia.org/wiki/Nagel%E2%80%93Schreckenberg_model\n\nExamples for doctest:\n>>> simulate(construct_highway(6, 3, 0), 2, 0, 2)\n[[0, -1, -1, 0, -1, -1], [-1, 1, -1, -1, 1, -1], [-1, -1, 1, -1, -1, 1]]\n>>> simulate(construct_highway(5, 2, -2), 3, 0, 2)\n[[0, -1, 0, -1, 0], [0, -1, 0, -1, -1], [0, -1, -1, 1, -1], [-1, 1, -1, 0, -1]]"}}, "dependencies": [{"from_module": "random", "import": "randint", "type": "external"}, {"from_module": "random", "import": "random", "type": "external"}], "functions": {"construct_highway": {"doc": {"long_description": ">>> construct_highway(10, 2, 6)\n[[6, -1, 6, -1, 6, -1, 6, -1, 6, -1]]\n>>> construct_highway(10, 10, 2)\n[[2, -1, -1, -1, -1, -1, -1, -1, -1, -1]]", "short_description": "Build the highway following the parameters given"}, "args": ["number_of_cells", "frequency", "initial_speed", "random_frequency", "random_speed", "max_speed"], "returns": [["highway"]], "min_max_lineno": {"min_lineno": 30, "max_lineno": 58}, "calls": ["random.randint", "random.randint"]}, "get_distance": {"doc": {"long_description": ">>> get_distance([6, -1, 6, -1, 6], 2)\n1\n>>> get_distance([2, -1, -1, -1, 3, 1, 0, 1, 3, 2], 0)\n3\n>>> get_distance([-1, -1, -1, -1, 2, -1, -1, -1, 3], -1)\n4", "short_description": "Get the distance between a car (at index car_index) and the next car"}, "args": ["highway_now", "car_index"], "returns": [["distance"]], "min_max_lineno": {"min_lineno": 60, "max_lineno": 79}, "calls": ["range", "len", "nagel_schrekenberg.get_distance"]}, "update": {"doc": {"long_description": ">>> update([-1, -1, -1, -1, -1, 2, -1, -1, -1, -1, 3], 0.0, 5)\n[-1, -1, -1, -1, -1, 3, -1, -1, -1, -1, 4]\n>>> update([-1, -1, 2, -1, -1, -1, -1, 3], 0.0, 5)\n[-1, -1, 3, -1, -1, -1, -1, 1]", "short_description": "Update the speed of the cars"}, "args": ["highway_now", "probability", "max_speed"], "returns": [["next_highway"]], "min_max_lineno": {"min_lineno": 81, "max_lineno": 106}, "calls": ["len", "range", "min", "min", "nagel_schrekenberg.get_distance", "random.random", "max"], "store_vars_calls": {"number_of_cells": "len"}}, "simulate": {"doc": {"long_description": ">>> simulate([[-1, 2, -1, -1, -1, 3]], 2, 0.0, 3)\n[[-1, 2, -1, -1, -1, 3], [-1, -1, -1, 2, -1, 0], [1, -1, -1, 0, -1, -1]]\n>>> simulate([[-1, 2, -1, 3]], 4, 0.0, 3)\n[[-1, 2, -1, 3], [-1, 0, -1, 0], [-1, 0, -1, 0], [-1, 0, -1, 0], [-1, 0, -1, 0]]", "short_description": "The main function, it will simulate the evolution of the highway"}, "args": ["highway", "number_of_update", "probability", "max_speed"], "returns": [["highway"]], "min_max_lineno": {"min_lineno": 108, "max_lineno": 135}, "calls": ["len", "range", "nagel_schrekenberg.update", "range", "highway.append"], "store_vars_calls": {"number_of_cells": "len", "next_speeds_calculated": "update"}}}, "main_info": {"main_flag": 1, "type": "script"}, "is_test": false}