{"file": {"path": "/Users/rakshithagnanasekaran/desktop/Python/cellular_automata/one_dimensional.py", "fileNameBase": "one_dimensional", "extension": "py", "doc": {"long_description": "ruleset number\nhttps://mathworld.wolfram.com/ElementaryCellularAutomaton.html", "short_description": "Return an image of 16 generations of one-dimensional cellular automata based on a given", "full": "Return an image of 16 generations of one-dimensional cellular automata based on a given\nruleset number\nhttps://mathworld.wolfram.com/ElementaryCellularAutomaton.html"}}, "dependencies": [{"from_module": "__future__", "import": "annotations", "type": "external"}, {"from_module": "PIL", "import": "Image", "type": "external"}], "functions": {"format_ruleset": {"doc": {"long_description": "[0, 0, 0, 1, 1, 1, 0, 0]\n>>> format_ruleset(0)\n[0, 0, 0, 0, 0, 0, 0, 0]\n>>> format_ruleset(11111111)\n[1, 1, 1, 1, 1, 1, 1, 1]", "short_description": ">>> format_ruleset(11100)"}, "args": ["ruleset"], "min_max_lineno": {"min_lineno": 18, "max_lineno": 28}, "calls": ["int"]}, "new_generation": {"args": ["cells", "rule", "time"], "returns": [["next_generation"]], "min_max_lineno": {"min_lineno": 30, "max_lineno": 42}, "calls": ["len", "range", "next_generation.append", "int"], "store_vars_calls": {"population": "len"}}, "generate_image": {"doc": {"long_description": ">>> from random import random\n>>> cells = [[random() for w in range(31)] for h in range(16)]\n>>> img = generate_image(cells)\n>>> isinstance(img, Image.Image)\nTrue\n>>> img.width, img.height\n(31, 16)", "short_description": "Convert the cells into a greyscale PIL.Image.Image and return it to the caller."}, "args": ["cells"], "returns": [["img"]], "min_max_lineno": {"min_lineno": 44, "max_lineno": 64}, "calls": ["PIL.Image.new", "Image.new.load", "range", "range", "len", "len", "int"], "store_vars_calls": {"img": "Image.new", "pixels": "img.load"}}}, "main_info": {"main_flag": 1, "type": "script"}, "is_test": false}