{"file": {"path": "/Users/rakshithagnanasekaran/desktop/Python/knapsack/greedy_knapsack.py", "fileNameBase": "greedy_knapsack", "extension": "py", "doc": {"long_description": "eg.\nprofit 5 8 7 1 12 3 4\nweight 2 7 1 6  4 2 5\nmax_weight 100\n\nConstraints:\nmax_weight > 0\nprofit[i] >= 0\nweight[i] >= 0\nCalculate the maximum profit that the shopkeeper can make given maxmum weight that can\nbe carried.", "short_description": "A shopkeeper has bags of wheat that each have different weights and different profits.", "full": "A shopkeeper has bags of wheat that each have different weights and different profits.\neg.\nprofit 5 8 7 1 12 3 4\nweight 2 7 1 6  4 2 5\nmax_weight 100\n\nConstraints:\nmax_weight > 0\nprofit[i] >= 0\nweight[i] >= 0\nCalculate the maximum profit that the shopkeeper can make given maxmum weight that can\nbe carried."}}, "functions": {"calc_profit": {"doc": {"short_description": "Function description is as follows-", "args": {"profit": {"description": "Take a list of profits"}, "weight": {"description": "Take a list of weight if bags corresponding to the profits"}, "max_weight": {"description": "Maximum weight that could be carried"}}, "returns": {"description": "Maximum expected gain\n>>> calc_profit([1, 2, 3], [3, 4, 5], 15)\n6\n>>> calc_profit([10, 9 , 8], [3 ,4 , 5], 25)\n27", "is_generator": false}}, "args": ["profit", "weight", "max_weight"], "returns": [["gain"]], "min_max_lineno": {"min_lineno": 20, "max_lineno": 85}, "calls": ["any", "any", "sorted", "len", "len", "len", "ValueError", "ValueError", "ValueError", "ValueError", "profit_by_weight.index", "zip"], "store_vars_calls": {"sorted_profit_by_weight": "sorted", "length": "len", "index": "profit_by_weight.index"}}}, "main_info": {"main_flag": 1, "main_function": "greedy_knapsack.print", "type": "script"}, "is_test": false}