{"file": {"path": "/Users/rakshithagnanasekaran/desktop/Python/knapsack/knapsack.py", "fileNameBase": "knapsack", "extension": "py", "doc": {"long_description": "https://en.wikipedia.org/wiki/Knapsack_problem", "short_description": "A naive recursive implementation of 0-1 Knapsack Problem", "full": "A naive recursive implementation of 0-1 Knapsack Problem\nhttps://en.wikipedia.org/wiki/Knapsack_problem"}}, "dependencies": [{"from_module": "__future__", "import": "annotations", "type": "external"}], "functions": {"knapsack": {"doc": {"long_description": "whereby each weight w has a specific value val.\n\n>>> cap = 50\n>>> val = [60, 100, 120]\n>>> w = [10, 20, 30]\n>>> c = len(val)\n>>> knapsack(cap, w, val, c)\n220\n\nThe result is 220 cause the values of 100 and 120 got the weight of 50\nwhich is the limit of the capacity.", "short_description": "Returns the maximum value that can be put in a knapsack of a capacity cap,"}, "args": ["capacity", "weights", "values", "counter"], "min_max_lineno": {"min_lineno": 7, "max_lineno": 41}, "calls": ["knapsack.knapsack", "knapsack.knapsack", "max", "knapsack.knapsack"], "store_vars_calls": {"without_new_value": "knapsack"}}}, "main_info": {"main_flag": 1, "type": "script"}, "is_test": false}