{"file": {"path": "/Users/rakshithagnanasekaran/desktop/Python/bit_manipulation/binary_count_setbits.py", "fileNameBase": "binary_count_setbits", "extension": "py"}, "functions": {"binary_count_setbits": {"doc": {"long_description": "the number of 1's in binary representation of that number.\n\n>>> binary_count_setbits(25)\n3\n>>> binary_count_setbits(36)\n2\n>>> binary_count_setbits(16)\n1\n>>> binary_count_setbits(58)\n4\n>>> binary_count_setbits(4294967295)\n32\n>>> binary_count_setbits(0)\n0\n>>> binary_count_setbits(-10)\nTraceback (most recent call last):\n    ...\nValueError: Input value must be a positive integer\n>>> binary_count_setbits(0.8)\nTraceback (most recent call last):\n    ...\nTypeError: Input value must be a 'int' type\n>>> binary_count_setbits(\"0\")\nTraceback (most recent call last):\n    ...\nTypeError: '<' not supported between instances of 'str' and 'int'", "short_description": "Take in 1 integer, return a number that is"}, "args": ["a"], "min_max_lineno": {"min_lineno": 1, "max_lineno": 36}, "calls": ["bin().count", "ValueError", "isinstance", "TypeError", "bin"]}}, "main_info": {"main_flag": 1, "type": "script"}, "is_test": false}