{"file": {"path": "/Users/rakshithagnanasekaran/desktop/Python/bit_manipulation/binary_count_trailing_zeros.py", "fileNameBase": "binary_count_trailing_zeros", "extension": "py"}, "dependencies": [{"from_module": "math", "import": "log2", "type": "external"}], "functions": {"binary_count_trailing_zeros": {"doc": {"long_description": "the number of trailing zeros in binary representation of that number.\n\n>>> binary_count_trailing_zeros(25)\n0\n>>> binary_count_trailing_zeros(36)\n2\n>>> binary_count_trailing_zeros(16)\n4\n>>> binary_count_trailing_zeros(58)\n1\n>>> binary_count_trailing_zeros(4294967296)\n32\n>>> binary_count_trailing_zeros(0)\n0\n>>> binary_count_trailing_zeros(-10)\nTraceback (most recent call last):\n    ...\nValueError: Input value must be a positive integer\n>>> binary_count_trailing_zeros(0.8)\nTraceback (most recent call last):\n    ...\nTypeError: Input value must be a 'int' type\n>>> binary_count_trailing_zeros(\"0\")\nTraceback (most recent call last):\n    ...\nTypeError: '<' not supported between instances of 'str' and 'int'", "short_description": "Take in 1 integer, return a number that is"}, "args": ["a"], "min_max_lineno": {"min_lineno": 4, "max_lineno": 39}, "calls": ["ValueError", "isinstance", "int", "TypeError", "math.log2"]}}, "main_info": {"main_flag": 1, "type": "script"}, "is_test": false}