{"file": {"path": "/Users/rakshithagnanasekaran/desktop/Python/bit_manipulation/binary_xor_operator.py", "fileNameBase": "binary_xor_operator", "extension": "py"}, "functions": {"binary_xor": {"doc": {"long_description": "return a binary number that is the\nresult of a binary xor operation on the integers provided.\n\n>>> binary_xor(25, 32)\n'0b111001'\n>>> binary_xor(37, 50)\n'0b010111'\n>>> binary_xor(21, 30)\n'0b01011'\n>>> binary_xor(58, 73)\n'0b1110011'\n>>> binary_xor(0, 255)\n'0b11111111'\n>>> binary_xor(256, 256)\n'0b000000000'\n>>> binary_xor(0, -1)\nTraceback (most recent call last):\n    ...\nValueError: the value of both inputs must be positive\n>>> binary_xor(0, 1.1)\nTraceback (most recent call last):\n    ...\nTypeError: 'float' object cannot be interpreted as an integer\n>>> binary_xor(\"0\", \"1\")\nTraceback (most recent call last):\n    ...\nTypeError: '<' not supported between instances of 'str' and 'int'", "short_description": "Take in 2 integers, convert them to binary,"}, "args": ["a", "b"], "min_max_lineno": {"min_lineno": 4, "max_lineno": 46}, "calls": ["max", "ValueError", "str", "str", "len", "len", "bin", "bin", "str", "int", "zip", "a_binary.zfill", "b_binary.zfill"], "store_vars_calls": {"max_len": "max"}}}, "main_info": {"main_flag": 1, "type": "script"}, "is_test": false}