{"file": {"path": "/Users/rakshithagnanasekaran/desktop/Python/bit_manipulation/binary_twos_complement.py", "fileNameBase": "binary_twos_complement", "extension": "py"}, "functions": {"twos_complement": {"doc": {"long_description": "Return the two's complement representation of 'number'.\n\n>>> twos_complement(0)\n'0b0'\n>>> twos_complement(-1)\n'0b11'\n>>> twos_complement(-5)\n'0b1011'\n>>> twos_complement(-17)\n'0b101111'\n>>> twos_complement(-207)\n'0b100110001'\n>>> twos_complement(1)\nTraceback (most recent call last):\n    ...\nValueError: input must be a negative integer", "short_description": "Take in a negative integer 'number'."}, "args": ["number"], "min_max_lineno": {"min_lineno": 4, "max_lineno": 38}, "calls": ["len", "ValueError", "bin", "bin", "abs", "len"], "store_vars_calls": {"binary_number_length": "len"}}}, "main_info": {"main_flag": 1, "type": "script"}, "is_test": false}