{"file": {"path": "/Users/rakshithagnanasekaran/desktop/Python/bit_manipulation/binary_shifts.py", "fileNameBase": "binary_shifts", "extension": "py"}, "functions": {"logical_left_shift": {"doc": {"long_description": "'number' is the integer to be logically left shifted 'shift_amount' times.\ni.e. (number << shift_amount)\nReturn the shifted binary representation.\n\n>>> logical_left_shift(0, 1)\n'0b00'\n>>> logical_left_shift(1, 1)\n'0b10'\n>>> logical_left_shift(1, 5)\n'0b100000'\n>>> logical_left_shift(17, 2)\n'0b1000100'\n>>> logical_left_shift(1983, 4)\n'0b111101111110000'\n>>> logical_left_shift(1, -1)\nTraceback (most recent call last):\n    ...\nValueError: both inputs must be positive integers", "short_description": "Take in 2 positive integers."}, "args": ["number", "shift_amount"], "returns": [["binary_number"]], "min_max_lineno": {"min_lineno": 6, "max_lineno": 34}, "calls": ["str", "ValueError", "bin"], "store_vars_calls": {"binary_number": "str"}}, "logical_right_shift": {"doc": {"long_description": "'number' is the integer to be logically right shifted 'shift_amount' times.\ni.e. (number >>> shift_amount)\nReturn the shifted binary representation.\n\n>>> logical_right_shift(0, 1)\n'0b0'\n>>> logical_right_shift(1, 1)\n'0b0'\n>>> logical_right_shift(1, 5)\n'0b0'\n>>> logical_right_shift(17, 2)\n'0b100'\n>>> logical_right_shift(1983, 4)\n'0b1111011'\n>>> logical_right_shift(1, -1)\nTraceback (most recent call last):\n    ...\nValueError: both inputs must be positive integers", "short_description": "Take in positive 2 integers."}, "args": ["number", "shift_amount"], "min_max_lineno": {"min_lineno": 36, "max_lineno": 66}, "calls": ["ValueError", "str", "len", "bin", "len"]}, "arithmetic_right_shift": {"doc": {"long_description": "'number' is the integer to be arithmetically right shifted 'shift_amount' times.\ni.e. (number >> shift_amount)\nReturn the shifted binary representation.\n\n>>> arithmetic_right_shift(0, 1)\n'0b00'\n>>> arithmetic_right_shift(1, 1)\n'0b00'\n>>> arithmetic_right_shift(-1, 1)\n'0b11'\n>>> arithmetic_right_shift(17, 2)\n'0b000100'\n>>> arithmetic_right_shift(-17, 2)\n'0b111011'\n>>> arithmetic_right_shift(-1983, 4)\n'0b111110000100'", "short_description": "Take in 2 integers."}, "args": ["number", "shift_amount"], "min_max_lineno": {"min_lineno": 68, "max_lineno": 103}, "calls": ["len", "len", "bin", "str().strip", "bin", "len", "abs", "len", "str", "len", "bin"], "store_vars_calls": {"binary_number_length": "len"}}}, "main_info": {"main_flag": 1, "type": "script"}, "is_test": false}