{"file": {"path": "/Users/rakshithagnanasekaran/desktop/Python/bit_manipulation/binary_or_operator.py", "fileNameBase": "binary_or_operator", "extension": "py"}, "functions": {"binary_or": {"doc": {"long_description": "result of a binary or operation on the integers provided.\n\n>>> binary_or(25, 32)\n'0b111001'\n>>> binary_or(37, 50)\n'0b110111'\n>>> binary_or(21, 30)\n'0b11111'\n>>> binary_or(58, 73)\n'0b1111011'\n>>> binary_or(0, 255)\n'0b11111111'\n>>> binary_or(0, 256)\n'0b100000000'\n>>> binary_or(0, -1)\nTraceback (most recent call last):\n    ...\nValueError: the value of both inputs must be positive\n>>> binary_or(0, 1.1)\nTraceback (most recent call last):\n    ...\nTypeError: 'float' object cannot be interpreted as an integer\n>>> binary_or(\"0\", \"1\")\nTraceback (most recent call last):\n    ...\nTypeError: '<' not supported between instances of 'str' and 'int'", "short_description": "Take in 2 integers, convert them to binary, and return a binary number that is the"}, "args": ["a", "b"], "min_max_lineno": {"min_lineno": 4, "max_lineno": 42}, "calls": ["max", "ValueError", "str", "str", "len", "len", "bin", "bin", "str", "int", "zip", "a_binary.zfill", "b_binary.zfill"], "store_vars_calls": {"max_len": "max"}}}, "main_info": {"main_flag": 1, "type": "script"}, "is_test": false}