{"file": {"path": "/Users/rakshithagnanasekaran/desktop/Python/bit_manipulation/count_1s_brian_kernighan_method.py", "fileNameBase": "count_1s_brian_kernighan_method", "extension": "py"}, "functions": {"get_1s_count": {"doc": {"long_description": "Ref - http://graphics.stanford.edu/~seander/bithacks.html#CountBitsSetKernighan\n>>> get_1s_count(25)\n3\n>>> get_1s_count(37)\n3\n>>> get_1s_count(21)\n3\n>>> get_1s_count(58)\n4\n>>> get_1s_count(0)\n0\n>>> get_1s_count(256)\n1\n>>> get_1s_count(-1)\nTraceback (most recent call last):\n    ...\nValueError: the value of input must be positive\n>>> get_1s_count(0.8)\nTraceback (most recent call last):\n    ...\nTypeError: Input value must be an 'int' type", "short_description": "Count the number of set bits in a 32 bit integer using Brian Kernighan's way."}, "args": ["number"], "returns": [["count"]], "min_max_lineno": {"min_lineno": 1, "max_lineno": 38}, "calls": ["ValueError", "isinstance", "TypeError"]}}, "main_info": {"main_flag": 1, "type": "script"}, "is_test": false}