{"file": {"path": "/Users/rakshithagnanasekaran/desktop/Python/bit_manipulation/count_number_of_one_bits.py", "fileNameBase": "count_number_of_one_bits", "extension": "py"}, "functions": {"get_set_bits_count": {"doc": {"long_description": ">>> get_set_bits_count(25)\n3\n>>> get_set_bits_count(37)\n3\n>>> get_set_bits_count(21)\n3\n>>> get_set_bits_count(58)\n4\n>>> get_set_bits_count(0)\n0\n>>> get_set_bits_count(256)\n1\n>>> get_set_bits_count(-1)\nTraceback (most recent call last):\n    ...\nValueError: the value of input must be positive", "short_description": "Count the number of set bits in a 32 bit integer"}, "args": ["number"], "returns": [["result"]], "min_max_lineno": {"min_lineno": 1, "max_lineno": 29}, "calls": ["ValueError"]}}, "main_info": {"main_flag": 1, "type": "script"}, "is_test": false}