{"file": {"path": "/Users/rakshithagnanasekaran/desktop/Python/bit_manipulation/gray_code_sequence.py", "fileNameBase": "gray_code_sequence", "extension": "py"}, "functions": {"gray_code": {"doc": {"long_description": "gray code sequence\nAn n-bit gray code sequence is a sequence of 2^n\nintegers where:\n\na) Every integer is between [0,2^n -1] inclusive\nb) The sequence begins with 0\nc) An integer appears at most one times in the sequence\nd)The binary representation of every pair of integers differ\n   by exactly one bit\ne) The binary representation of first and last bit also\n   differ by exactly one bit\n\n>>> gray_code(2)\n[0, 1, 3, 2]\n\n>>> gray_code(1)\n[0, 1]\n\n>>> gray_code(3)\n[0, 1, 3, 2, 6, 7, 5, 4]\n\n>>> gray_code(-1)\nTraceback (most recent call last):\n    ...\nValueError: The given input must be positive\n\n>>> gray_code(10.6)\nTraceback (most recent call last):\n    ...\nTypeError: unsupported operand type(s) for <<: 'int' and 'float'", "short_description": "Takes in an integer n and returns a n-bit"}, "args": ["bit_count"], "returns": [["sequence"]], "min_max_lineno": {"min_lineno": 1, "max_lineno": 48}, "calls": ["gray_code_sequence.gray_code_sequence_string", "range", "ValueError", "len", "int"], "store_vars_calls": {"sequence": "gray_code_sequence_string"}}, "gray_code_sequence_string": {"doc": {"long_description": "string of bits\n\n>>> gray_code_sequence_string(2)\n['00', '01', '11', '10']\n\n>>> gray_code_sequence_string(1)\n['0', '1']", "short_description": "Will output the n-bit grey sequence as a"}, "args": ["bit_count"], "returns": [["sequence"]], "min_max_lineno": {"min_lineno": 50, "max_lineno": 89}, "calls": ["gray_code_sequence.gray_code_sequence_string", "range", "reversed", "sequence.append", "range", "sequence.append"], "store_vars_calls": {"smaller_sequence": "gray_code_sequence_string"}}}, "main_info": {"main_flag": 1, "type": "script"}, "is_test": false}