{"file": {"path": "/Users/rakshithagnanasekaran/desktop/Python/bit_manipulation/reverse_bits.py", "fileNameBase": "reverse_bits", "extension": "py"}, "functions": {"get_reverse_bit_string": {"doc": {"long_description": ">>> get_reverse_bit_string(9)\n'10010000000000000000000000000000'\n>>> get_reverse_bit_string(43)\n'11010100000000000000000000000000'\n>>> get_reverse_bit_string(2873)\n'10011100110100000000000000000000'\n>>> get_reverse_bit_string(\"this is not a number\")\nTraceback (most recent call last):\n    ...\nTypeError: operation can not be conducted on a object of type str", "short_description": "return the bit string of an integer"}, "args": ["number"], "returns": [["bit_string"]], "min_max_lineno": {"min_lineno": 1, "max_lineno": 26}, "calls": ["range", "isinstance", "TypeError", "str", "type"]}, "reverse_bit": {"doc": {"long_description": "return a string of reverse bits\n\nresult of a reverse_bit and operation on the integer provided.\n\n>>> reverse_bit(25)\n'00000000000000000000000000011001'\n>>> reverse_bit(37)\n'00000000000000000000000000100101'\n>>> reverse_bit(21)\n'00000000000000000000000000010101'\n>>> reverse_bit(58)\n'00000000000000000000000000111010'\n>>> reverse_bit(0)\n'00000000000000000000000000000000'\n>>> reverse_bit(256)\n'00000000000000000000000100000000'\n>>> reverse_bit(-1)\nTraceback (most recent call last):\n    ...\nValueError: the value of input must be positive\n\n>>> reverse_bit(1.1)\nTraceback (most recent call last):\n    ...\nTypeError: Input value must be a 'int' type\n\n>>> reverse_bit(\"0\")\nTraceback (most recent call last):\n    ...\nTypeError: '<' not supported between instances of 'str' and 'int'", "short_description": "Take in an 32 bit integer, reverse its bits,"}, "args": ["number"], "min_max_lineno": {"min_lineno": 28, "max_lineno": 80}, "calls": ["range", "reverse_bits.get_reverse_bit_string", "ValueError", "isinstance", "TypeError", "isinstance", "TypeError"]}}, "main_info": {"main_flag": 1, "type": "script"}, "is_test": false}