{"file": {"path": "/Users/rakshithagnanasekaran/desktop/Python/bit_manipulation/single_bit_manipulation_operations.py", "fileNameBase": "single_bit_manipulation_operations", "extension": "py", "doc": {"short_description": "Provide the functionality to manipulate a single bit.", "full": "Provide the functionality to manipulate a single bit."}}, "functions": {"set_bit": {"doc": {"long_description": "Details: perform bitwise or for given number and X.\nWhere X is a number with all the bits \u2013 zeroes and bit on given\nposition \u2013 one.\n\n>>> set_bit(0b1101, 1) # 0b1111\n15\n>>> set_bit(0b0, 5) # 0b100000\n32\n>>> set_bit(0b1111, 1) # 0b1111\n15", "short_description": "Set the bit at position to 1."}, "args": ["number", "position"], "min_max_lineno": {"min_lineno": 6, "max_lineno": 22}}, "clear_bit": {"doc": {"long_description": "Details: perform bitwise and for given number and X.\nWhere X is a number with all the bits \u2013 ones and bit on given\nposition \u2013 zero.\n\n>>> clear_bit(0b10010, 1) # 0b10000\n16\n>>> clear_bit(0b0, 5) # 0b0\n0", "short_description": "Set the bit at position to 0."}, "args": ["number", "position"], "min_max_lineno": {"min_lineno": 24, "max_lineno": 38}}, "flip_bit": {"doc": {"long_description": "Details: perform bitwise xor for given number and X.\nWhere X is a number with all the bits \u2013 zeroes and bit on given\nposition \u2013 one.\n\n>>> flip_bit(0b101, 1) # 0b111\n7\n>>> flip_bit(0b101, 0) # 0b100\n4", "short_description": "Flip the bit at position."}, "args": ["number", "position"], "min_max_lineno": {"min_lineno": 40, "max_lineno": 54}}, "is_bit_set": {"doc": {"long_description": "Details: Shift the bit at position to be the first (smallest) bit.\nThen check if the first bit is set by anding the shifted number with 1.\n\n>>> is_bit_set(0b1010, 0)\nFalse\n>>> is_bit_set(0b1010, 1)\nTrue\n>>> is_bit_set(0b1010, 2)\nFalse\n>>> is_bit_set(0b1010, 3)\nTrue\n>>> is_bit_set(0b0, 17)\nFalse", "short_description": "Is the bit at position set?"}, "args": ["number", "position"], "min_max_lineno": {"min_lineno": 56, "max_lineno": 75}}, "get_bit": {"doc": {"long_description": "Details: perform bitwise and for the given number and X,\nWhere X is a number with all the bits \u2013 zeroes and bit on given position \u2013 one.\nIf the result is not equal to 0, then the bit on the given position is 1, else 0.\n\n>>> get_bit(0b1010, 0)\n0\n>>> get_bit(0b1010, 1)\n1\n>>> get_bit(0b1010, 2)\n0\n>>> get_bit(0b1010, 3)\n1", "short_description": "Get the bit at the given position"}, "args": ["number", "position"], "min_max_lineno": {"min_lineno": 77, "max_lineno": 95}, "calls": ["int"]}}, "main_info": {"main_flag": 1, "type": "script"}, "is_test": false}