{"file": {"path": "/Users/rakshithagnanasekaran/desktop/Python/data_structures/binary_tree/avl_tree.py", "fileNameBase": "avl_tree", "extension": "py", "doc": {"long_description": "For doctests run following command:\npython3 -m doctest -v avl_tree.py\nFor testing run:\npython avl_tree.py", "short_description": "Implementation of an auto-balanced binary tree!", "full": "Implementation of an auto-balanced binary tree!\nFor doctests run following command:\npython3 -m doctest -v avl_tree.py\nFor testing run:\npython avl_tree.py"}}, "dependencies": [{"from_module": "__future__", "import": "annotations", "type": "external"}, {"import": "math", "type": "external"}, {"import": "random", "type": "external"}, {"from_module": "typing", "import": "Any", "type": "external"}], "classes": {"my_queue": {"min_max_lineno": {"min_lineno": 15, "max_lineno": 40}, "methods": {"__init__": {"args": ["self"], "min_max_lineno": {"min_lineno": 16, "max_lineno": 20}}, "is_empty": {"args": ["self"], "min_max_lineno": {"min_lineno": 21, "max_lineno": 23}}, "push": {"args": ["self", "data"], "min_max_lineno": {"min_lineno": 24, "max_lineno": 27}, "calls": ["avl_tree.my_queue.data.append"]}, "pop": {"args": ["self"], "returns": [["ret"]], "min_max_lineno": {"min_lineno": 28, "max_lineno": 32}}, "count": {"args": ["self"], "min_max_lineno": {"min_lineno": 33, "max_lineno": 35}}, "print": {"args": ["self"], "min_max_lineno": {"min_lineno": 36, "max_lineno": 40}, "calls": ["avl_tree.my_queue.print"]}}}, "my_node": {"min_max_lineno": {"min_lineno": 42, "max_lineno": 76}, "methods": {"__init__": {"args": ["self", "data"], "min_max_lineno": {"min_lineno": 43, "max_lineno": 48}}, "get_data": {"args": ["self"], "min_max_lineno": {"min_lineno": 49, "max_lineno": 51}}, "get_left": {"args": ["self"], "min_max_lineno": {"min_lineno": 52, "max_lineno": 54}}, "get_right": {"args": ["self"], "min_max_lineno": {"min_lineno": 55, "max_lineno": 57}}, "get_height": {"args": ["self"], "min_max_lineno": {"min_lineno": 58, "max_lineno": 60}}, "set_data": {"args": ["self", "data"], "min_max_lineno": {"min_lineno": 61, "max_lineno": 64}}, "set_left": {"args": ["self", "node"], "min_max_lineno": {"min_lineno": 65, "max_lineno": 68}}, "set_right": {"args": ["self", "node"], "min_max_lineno": {"min_lineno": 69, "max_lineno": 72}}, "set_height": {"args": ["self", "height"], "min_max_lineno": {"min_lineno": 73, "max_lineno": 76}}}}, "AVLtree": {"doc": {"long_description": "Examples:\n>>> t = AVLtree()\n>>> t.insert(4)\ninsert:4\n>>> print(str(t).replace(\" \\n\",\"\\n\"))\n 4\n*************************************\n>>> t.insert(2)\ninsert:2\n>>> print(str(t).replace(\" \\n\",\"\\n\").replace(\" \\n\",\"\\n\"))\n  4\n 2  *\n*************************************\n>>> t.insert(3)\ninsert:3\nright rotation node: 2\nleft rotation node: 4\n>>> print(str(t).replace(\" \\n\",\"\\n\").replace(\" \\n\",\"\\n\"))\n  3\n 2  4\n*************************************\n>>> t.get_height()\n2\n>>> t.del_node(3)\ndelete:3\n>>> print(str(t).replace(\" \\n\",\"\\n\").replace(\" \\n\",\"\\n\"))\n  4\n 2  *\n*************************************", "short_description": "An AVL tree doctest", "full": "An AVL tree doctest\nExamples:\n>>> t = AVLtree()\n>>> t.insert(4)\ninsert:4\n>>> print(str(t).replace(\" \\n\",\"\\n\"))\n 4\n*************************************\n>>> t.insert(2)\ninsert:2\n>>> print(str(t).replace(\" \\n\",\"\\n\").replace(\" \\n\",\"\\n\"))\n  4\n 2  *\n*************************************\n>>> t.insert(3)\ninsert:3\nright rotation node: 2\nleft rotation node: 4\n>>> print(str(t).replace(\" \\n\",\"\\n\").replace(\" \\n\",\"\\n\"))\n  3\n 2  4\n*************************************\n>>> t.get_height()\n2\n>>> t.del_node(3)\ndelete:3\n>>> print(str(t).replace(\" \\n\",\"\\n\").replace(\" \\n\",\"\\n\"))\n  4\n 2  *\n*************************************"}, "min_max_lineno": {"min_lineno": 244, "max_lineno": 329}, "methods": {"__init__": {"args": ["self"], "min_max_lineno": {"min_lineno": 278, "max_lineno": 280}}, "get_height": {"args": ["self"], "min_max_lineno": {"min_lineno": 281, "max_lineno": 283}, "calls": ["avl_tree.AVLtree.get_height"]}, "insert": {"args": ["self", "data"], "min_max_lineno": {"min_lineno": 284, "max_lineno": 287}, "calls": ["print", "avl_tree.insert_node", "str"], "store_vars_calls": {"self.root": "insert_node"}}, "del_node": {"args": ["self", "data"], "min_max_lineno": {"min_lineno": 288, "max_lineno": 294}, "calls": ["print", "avl_tree.AVLtree.del_node"], "store_vars_calls": {"self.root": "del_node"}}, "__str__": {"args": ["self"], "returns": [["output"], ["output"], ["output"]], "min_max_lineno": {"min_lineno": 295, "max_lineno": 329}, "calls": ["avl_tree.my_queue", "avl_tree.my_queue.push", "avl_tree.AVLtree.get_height", "avl_tree.my_queue.is_empty", "avl_tree.my_queue.pop", "range", "int", "avl_tree.my_queue.push", "avl_tree.my_queue.push", "str", "avl_tree.my_queue.push", "avl_tree.my_queue.push", "math.pow", "avl_tree.my_queue.pop", "avl_tree.my_queue.pop", "avl_tree.my_queue.pop", "math.pow"], "store_vars_calls": {"q": "my_queue", "layer": "self.get_height", "node": "q.pop"}}}}}, "functions": {"get_height": {"args": ["node"], "min_max_lineno": {"min_lineno": 78, "max_lineno": 82}, "calls": ["node.get_height"]}, "my_max": {"args": ["a", "b"], "returns": [["b"], ["a"]], "min_max_lineno": {"min_lineno": 84, "max_lineno": 88}}, "right_rotation": {"doc": {"long_description": "/ \\                    / \\\n      B   C                  Bl  A\n     / \\       -->          /   / \\\n    Bl  Br                 UB Br  C\n   /\n UB\nUB = unbalanced node", "short_description": "A                      B"}, "args": ["node"], "returns": [["ret"]], "min_max_lineno": {"min_lineno": 90, "max_lineno": 111}, "calls": ["print", "node.get_left", "node.set_left", "node.get_left.set_right", "node.set_height", "node.get_left.set_height", "node.get_data", "node.get_left.get_right", "avl_tree.my_max", "avl_tree.my_max", "avl_tree.get_height", "avl_tree.get_height", "avl_tree.get_height", "avl_tree.get_height", "node.get_right", "node.get_left", "node.get_left.get_right", "node.get_left.get_left"], "store_vars_calls": {"ret": "node.get_left"}}, "left_rotation": {"doc": {"short_description": "a mirror symmetry rotation of the left_rotation"}, "args": ["node"], "returns": [["ret"]], "min_max_lineno": {"min_lineno": 113, "max_lineno": 127}, "calls": ["print", "node.get_right", "node.set_right", "node.get_right.set_left", "node.set_height", "node.get_right.set_height", "node.get_data", "node.get_right.get_left", "avl_tree.my_max", "avl_tree.my_max", "avl_tree.get_height", "avl_tree.get_height", "avl_tree.get_height", "avl_tree.get_height", "node.get_right", "node.get_left", "node.get_right.get_right", "node.get_right.get_left"], "store_vars_calls": {"ret": "node.get_right"}}, "lr_rotation": {"doc": {"long_description": "/ \\            / \\                  /  \\\n      B   C    LR    Br  C       RR       B    A\n     / \\       -->  /  \\         -->    /     / \\\n    Bl  Br         B   UB              Bl    UB  C\n         \\        /\n         UB     Bl\nRR = right_rotation   LR = left_rotation", "short_description": "A              A                    Br"}, "args": ["node"], "min_max_lineno": {"min_lineno": 129, "max_lineno": 144}, "calls": ["node.get_left", "node.set_left", "avl_tree.right_rotation", "avl_tree.left_rotation"], "store_vars_calls": {"left_child": "node.get_left"}}, "rl_rotation": {"args": ["node"], "min_max_lineno": {"min_lineno": 146, "max_lineno": 151}, "calls": ["node.get_right", "node.set_right", "avl_tree.left_rotation", "avl_tree.right_rotation"], "store_vars_calls": {"right_child": "node.get_right"}}, "insert_node": {"args": ["node", "data"], "returns": [["node"]], "min_max_lineno": {"min_lineno": 153, "max_lineno": 181}, "calls": ["left_rotation.set_height", "avl_tree.my_node", "left_rotation.get_data", "left_rotation.set_left", "left_rotation.set_right", "avl_tree.my_max", "avl_tree.insert_node", "left_rotation.get_left", "avl_tree.insert_node", "left_rotation.get_right", "avl_tree.get_height", "avl_tree.get_height", "left_rotation.get_left", "avl_tree.get_height", "avl_tree.get_height", "node.get_left.get_data", "avl_tree.right_rotation", "avl_tree.lr_rotation", "left_rotation.get_right", "avl_tree.get_height", "avl_tree.get_height", "node.get_right.get_data", "avl_tree.rl_rotation", "avl_tree.left_rotation", "left_rotation.get_right", "left_rotation.get_left", "left_rotation.get_left", "left_rotation.get_right", "left_rotation.get_right", "left_rotation.get_left"], "store_vars_calls": {"left_child": "node.get_left", "right_child": "node.get_right", "node": "left_rotation"}}, "get_rightMost": {"args": ["root"], "min_max_lineno": {"min_lineno": 183, "max_lineno": 190}, "calls": ["root.get_data", "root.get_right"], "store_vars_calls": {"right_child": "root.get_right"}}, "get_leftMost": {"args": ["root"], "min_max_lineno": {"min_lineno": 192, "max_lineno": 199}, "calls": ["root.get_data", "root.get_left"], "store_vars_calls": {"left_child": "root.get_left"}}, "del_node": {"args": ["root", "data"], "returns": [["root"], ["root"], ["root"]], "min_max_lineno": {"min_lineno": 201, "max_lineno": 242}, "calls": ["lr_rotation.get_left", "lr_rotation.get_right", "lr_rotation.set_height", "lr_rotation.get_data", "avl_tree.my_max", "avl_tree.get_leftMost", "lr_rotation.set_data", "lr_rotation.set_right", "lr_rotation.get_data", "avl_tree.get_height", "avl_tree.get_height", "avl_tree.get_height", "avl_tree.get_height", "avl_tree.left_rotation", "avl_tree.rl_rotation", "avl_tree.get_height", "avl_tree.get_height", "avl_tree.del_node", "print", "lr_rotation.set_left", "lr_rotation.set_right", "root.get_right.get_right", "root.get_right.get_left", "avl_tree.get_height", "avl_tree.get_height", "avl_tree.get_height", "avl_tree.get_height", "avl_tree.right_rotation", "avl_tree.lr_rotation", "lr_rotation.get_right", "lr_rotation.get_left", "avl_tree.del_node", "avl_tree.del_node", "root.get_left.get_left", "root.get_left.get_right"], "store_vars_calls": {"left_child": "root.get_left", "right_child": "root.get_right", "temp_data": "get_leftMost", "root": "lr_rotation"}}, "_test": {"min_max_lineno": {"min_lineno": 331, "max_lineno": 335}, "calls": ["doctest.testmod"]}}, "main_info": {"main_flag": 1, "type": "script"}, "is_test": true}