{"file": {"path": "/Users/rakshithagnanasekaran/desktop/Python/data_structures/binary_tree/basic_binary_tree.py", "fileNameBase": "basic_binary_tree", "extension": "py"}, "dependencies": [{"from_module": "__future__", "import": "annotations", "type": "external"}], "classes": {"Node": {"doc": {"short_description": "A Node has data variable and pointers to Nodes to its left and right.", "full": "A Node has data variable and pointers to Nodes to its left and right."}, "min_max_lineno": {"min_lineno": 4, "max_lineno": 13}, "methods": {"__init__": {"args": ["self", "data"], "min_max_lineno": {"min_lineno": 9, "max_lineno": 13}}}}}, "functions": {"display": {"doc": {"long_description": ">>> root.left = Node(0)\n>>> root.right = Node(2)\n>>> display(root)\n0\n1\n2\n>>> display(root.right)\n2", "short_description": ">>> root = Node(1)"}, "args": ["tree"], "min_max_lineno": {"min_lineno": 15, "max_lineno": 31}, "calls": ["basic_binary_tree.display", "print", "basic_binary_tree.display"]}, "depth_of_tree": {"doc": {"long_description": ">>> root = Node(0)\n>>> depth_of_tree(root)\n1\n>>> root.left = Node(0)\n>>> depth_of_tree(root)\n2\n>>> root.right = Node(0)\n>>> depth_of_tree(root)\n2\n>>> root.left.right = Node(0)\n>>> depth_of_tree(root)\n3\n>>> depth_of_tree(root.left)\n2", "short_description": "Recursive function that returns the depth of a binary tree."}, "args": ["tree"], "min_max_lineno": {"min_lineno": 33, "max_lineno": 53}, "calls": ["max", "basic_binary_tree.depth_of_tree", "basic_binary_tree.depth_of_tree"]}, "is_full_binary_tree": {"doc": {"long_description": ">>> root = Node(0)\n>>> is_full_binary_tree(root)\nTrue\n>>> root.left = Node(0)\n>>> is_full_binary_tree(root)\nFalse\n>>> root.right = Node(0)\n>>> is_full_binary_tree(root)\nTrue\n>>> root.left.left = Node(0)\n>>> is_full_binary_tree(root)\nFalse\n>>> root.right.right = Node(0)\n>>> is_full_binary_tree(root)\nFalse", "short_description": "Returns True if this is a full binary tree"}, "args": ["tree"], "min_max_lineno": {"min_lineno": 55, "max_lineno": 81}, "calls": ["basic_binary_tree.is_full_binary_tree", "basic_binary_tree.is_full_binary_tree"]}, "main": {"min_max_lineno": {"min_lineno": 83, "max_lineno": 98}, "calls": ["basic_binary_tree.Node", "basic_binary_tree.Node", "basic_binary_tree.Node", "basic_binary_tree.Node", "basic_binary_tree.Node", "basic_binary_tree.Node", "basic_binary_tree.Node", "basic_binary_tree.Node", "basic_binary_tree.Node", "print", "print", "print", "basic_binary_tree.display", "basic_binary_tree.is_full_binary_tree", "basic_binary_tree.depth_of_tree"], "store_vars_calls": {"tree": "Node", "tree.left": "Node", "tree.right": "Node", "tree.left.left": "Node", "tree.left.right": "Node", "tree.left.right.left": "Node", "tree.right.left": "Node", "tree.right.left.left": "Node", "tree.right.left.left.right": "Node"}}}, "main_info": {"main_flag": 1, "main_function": "basic_binary_tree.main", "type": "script"}, "is_test": false}