{"file": {"path": "/Users/rakshithagnanasekaran/desktop/Python/data_structures/binary_tree/binary_tree_traversals.py", "fileNameBase": "binary_tree_traversals", "extension": "py"}, "dependencies": [{"from_module": "__future__", "import": "annotations", "type": "external"}, {"from_module": "collections", "import": "deque", "type": "external"}, {"from_module": "collections.abc", "import": "Sequence", "type": "external"}, {"from_module": "dataclasses", "import": "dataclass", "type": "external"}, {"from_module": "typing", "import": "Any", "type": "external"}], "classes": {"Node": {"min_max_lineno": {"min_lineno": 10, "max_lineno": 15}}}, "functions": {"make_tree": {"min_max_lineno": {"min_lineno": 17, "max_lineno": 19}, "calls": ["binary_tree_traversals.Node", "binary_tree_traversals.Node", "binary_tree_traversals.Node", "binary_tree_traversals.Node", "binary_tree_traversals.Node"]}, "preorder": {"doc": {"long_description": ">>> preorder(make_tree())\n[1, 2, 4, 5, 3]", "short_description": "Pre-order traversal visits root node, left subtree, right subtree."}, "args": ["root"], "min_max_lineno": {"min_lineno": 21, "max_lineno": 28}, "calls": ["binary_tree_traversals.preorder", "binary_tree_traversals.preorder"]}, "postorder": {"doc": {"long_description": ">>> postorder(make_tree())\n[4, 5, 2, 3, 1]", "short_description": "Post-order traversal visits left subtree, right subtree, root node."}, "args": ["root"], "min_max_lineno": {"min_lineno": 30, "max_lineno": 37}, "calls": ["binary_tree_traversals.postorder", "binary_tree_traversals.postorder"]}, "inorder": {"doc": {"long_description": ">>> inorder(make_tree())\n[4, 2, 5, 1, 3]", "short_description": "In-order traversal visits left subtree, root node, right subtree."}, "args": ["root"], "min_max_lineno": {"min_lineno": 39, "max_lineno": 46}, "calls": ["binary_tree_traversals.inorder", "binary_tree_traversals.inorder"]}, "height": {"doc": {"long_description": ">>> height(None)\n0\n>>> height(make_tree())\n3", "short_description": "Recursive function for calculating the height of the binary tree."}, "args": ["root"], "min_max_lineno": {"min_lineno": 48, "max_lineno": 57}, "calls": ["max", "binary_tree_traversals.height", "binary_tree_traversals.height"]}, "level_order": {"doc": {"long_description": "Level Order traverse: Visit nodes of the tree level-by-level.", "short_description": "Returns a list of nodes value from a whole binary tree in Level Order Traverse."}, "args": ["root"], "returns": [["output"], ["output"]], "min_max_lineno": {"min_lineno": 59, "max_lineno": 80}, "calls": ["collections.deque", "collections.deque.popleft", "output.append", "collections.deque.append", "collections.deque.append"], "store_vars_calls": {"process_queue": "deque", "node": "process_queue.popleft"}}, "get_nodes_from_left_to_right": {"doc": {"long_description": "Left to right direction of the binary tree.", "short_description": "Returns a list of nodes value from a particular level:"}, "args": ["root", "level"], "returns": [["output"]], "min_max_lineno": {"min_lineno": 82, "max_lineno": 103}, "calls": ["binary_tree_traversals.get_nodes_from_left_to_right.populate_output"], "functions": {"populate_output": {"args": ["root", "level"], "min_max_lineno": {"min_lineno": 91, "max_lineno": 100}, "calls": ["output.append", "populate_output", "populate_output"]}}}, "get_nodes_from_right_to_left": {"doc": {"long_description": "Right to left direction of the binary tree.", "short_description": "Returns a list of nodes value from a particular level:"}, "args": ["root", "level"], "returns": [["output"]], "min_max_lineno": {"min_lineno": 105, "max_lineno": 125}, "calls": ["binary_tree_traversals.get_nodes_from_left_to_right.populate_output"], "functions": {"populate_output": {"args": ["root", "level"], "min_max_lineno": {"min_lineno": 114, "max_lineno": 122}, "calls": ["output.append", "populate_output", "populate_output"]}}}, "zigzag": {"doc": {"long_description": "Returns a list of nodes value from left to right and right to left, alternatively.", "short_description": "ZigZag traverse:"}, "args": ["root"], "returns": [["output"]], "min_max_lineno": {"min_lineno": 127, "max_lineno": 149}, "calls": ["binary_tree_traversals.height", "range", "output.append", "output.append", "binary_tree_traversals.get_nodes_from_left_to_right", "binary_tree_traversals.get_nodes_from_right_to_left"], "store_vars_calls": {"height_tree": "height"}}, "main": {"doc": {"short_description": "Create binary tree."}, "min_max_lineno": {"min_lineno": 151, "max_lineno": 176}, "calls": ["binary_tree_traversals.make_tree", "print", "print", "print", "print", "print", "print", "print", "range", "print", "print", "binary_tree_traversals.level_order", "print", "binary_tree_traversals.zigzag", "binary_tree_traversals.height", "binary_tree_traversals.get_nodes_from_left_to_right", "binary_tree_traversals.inorder", "binary_tree_traversals.preorder", "binary_tree_traversals.postorder", "binary_tree_traversals.height"], "store_vars_calls": {"root": "make_tree"}}}, "main_info": {"main_flag": 1, "type": "script"}, "is_test": false}