{"file": {"path": "/Users/rakshithagnanasekaran/desktop/Python/data_structures/binary_tree/binary_tree_mirror.py", "fileNameBase": "binary_tree_mirror", "extension": "py", "doc": {"long_description": "Given a binary tree, return its mirror.", "short_description": "Problem Description:", "full": "Problem Description:\nGiven a binary tree, return its mirror."}}, "functions": {"binary_tree_mirror_dict": {"args": ["binary_tree_mirror_dictionary", "root"], "min_max_lineno": {"min_lineno": 7, "max_lineno": 14}, "calls": ["binary_tree_mirror.binary_tree_mirror_dict", "binary_tree_mirror.binary_tree_mirror_dict"]}, "binary_tree_mirror": {"doc": {"long_description": "{1: [3, 2], 2: [5, 4], 3: [7, 6], 7: [9, 8]}\n>>> binary_tree_mirror({ 1: [2,3], 2: [4,5], 3: [6,7], 4: [10,11]}, 1)\n{1: [3, 2], 2: [5, 4], 3: [7, 6], 4: [11, 10]}\n>>> binary_tree_mirror({ 1: [2,3], 2: [4,5], 3: [6,7], 4: [10,11]}, 5)\nTraceback (most recent call last):\n...\nValueError: root 5 is not present in the binary_tree\n>>> binary_tree_mirror({}, 5)\nTraceback (most recent call last):\n...\nValueError: binary tree cannot be empty", "short_description": ">>> binary_tree_mirror({ 1: [2,3], 2: [4,5], 3: [6,7], 7: [8,9]}, 1)"}, "args": ["binary_tree", "root"], "returns": [["binary_tree_mirror_dictionary"]], "min_max_lineno": {"min_lineno": 16, "max_lineno": 38}, "calls": ["dict", "binary_tree_mirror.binary_tree_mirror_dict", "ValueError", "ValueError"], "store_vars_calls": {"binary_tree_mirror_dictionary": "dict"}}}, "main_info": {"main_flag": 1, "main_function": "binary_tree_mirror.print", "type": "script"}, "is_test": false}