{"file": {"path": "/Users/rakshithagnanasekaran/desktop/Python/data_structures/binary_tree/binary_search_tree.py", "fileNameBase": "binary_search_tree", "extension": "py", "doc": {"short_description": "A binary search Tree", "full": "A binary search Tree"}}, "classes": {"Node": {"min_max_lineno": {"min_lineno": 6, "max_lineno": 19}, "methods": {"__init__": {"args": ["self", "value", "parent"], "min_max_lineno": {"min_lineno": 7, "max_lineno": 12}}, "__repr__": {"args": ["self"], "min_max_lineno": {"min_lineno": 13, "max_lineno": 19}, "calls": ["pformat", "str"]}}}, "BinarySearchTree": {"min_max_lineno": {"min_lineno": 21, "max_lineno": 157}, "methods": {"__init__": {"args": ["self", "root"], "min_max_lineno": {"min_lineno": 22, "max_lineno": 24}}, "__str__": {"doc": {"short_description": "Return a string of all the Nodes using in order traversal"}, "args": ["self"], "min_max_lineno": {"min_lineno": 25, "max_lineno": 30}, "calls": ["str"]}, "__reassign_nodes": {"args": ["self", "node", "new_children"], "min_max_lineno": {"min_lineno": 31, "max_lineno": 41}, "calls": ["binary_search_tree.BinarySearchTree.is_right"]}, "is_right": {"args": ["self", "node"], "min_max_lineno": {"min_lineno": 42, "max_lineno": 44}}, "empty": {"args": ["self"], "min_max_lineno": {"min_lineno": 45, "max_lineno": 47}}, "__insert": {"doc": {"short_description": "Insert a new node in Binary Search Tree with value label"}, "args": ["self", "value"], "min_max_lineno": {"min_lineno": 48, "max_lineno": 71}, "calls": ["binary_search_tree.Node", "binary_search_tree.BinarySearchTree.empty"], "store_vars_calls": {"new_node": "Node"}}, "insert": {"args": ["self"], "returns": [["self"]], "min_max_lineno": {"min_lineno": 72, "max_lineno": 76}, "calls": ["binary_search_tree.BinarySearchTree.__insert"]}, "search": {"args": ["self", "value"], "returns": [["node"]], "min_max_lineno": {"min_lineno": 77, "max_lineno": 86}, "calls": ["binary_search_tree.BinarySearchTree.empty", "IndexError"]}, "get_max": {"doc": {"short_description": "We go deep on the right branch"}, "args": ["self", "node"], "returns": [["node"]], "min_max_lineno": {"min_lineno": 87, "max_lineno": 97}, "calls": ["binary_search_tree.BinarySearchTree.empty"]}, "get_min": {"doc": {"short_description": "We go deep on the left branch"}, "args": ["self", "node"], "returns": [["node"]], "min_max_lineno": {"min_lineno": 98, "max_lineno": 109}, "calls": ["binary_search_tree.BinarySearchTree.empty"]}, "remove": {"args": ["self", "value"], "min_max_lineno": {"min_lineno": 110, "max_lineno": 126}, "calls": ["binary_search_tree.BinarySearchTree.search", "binary_search_tree.BinarySearchTree.__reassign_nodes", "binary_search_tree.BinarySearchTree.__reassign_nodes", "binary_search_tree.BinarySearchTree.__reassign_nodes", "binary_search_tree.BinarySearchTree.get_max", "binary_search_tree.BinarySearchTree.remove"], "store_vars_calls": {"node": "self.search", "tmp_node": "self.get_max"}}, "preorder_traverse": {"args": ["self", "node"], "min_max_lineno": {"min_lineno": 128, "max_lineno": 133}, "calls": ["binary_search_tree.BinarySearchTree.preorder_traverse", "binary_search_tree.BinarySearchTree.preorder_traverse"]}, "traversal_tree": {"doc": {"long_description": "You can pass a function to traversal the tree as needed by client code", "short_description": "This function traversal the tree."}, "args": ["self", "traversal_function"], "min_max_lineno": {"min_lineno": 134, "max_lineno": 143}, "calls": ["binary_search_tree.BinarySearchTree.preorder_traverse", "traversal_function"]}, "inorder": {"doc": {"long_description": "a list named arr", "short_description": "Perform an inorder traversal and append values of the nodes to"}, "args": ["self", "arr", "node"], "min_max_lineno": {"min_lineno": 144, "max_lineno": 151}, "calls": ["binary_search_tree.BinarySearchTree.inorder", "arr.append", "binary_search_tree.BinarySearchTree.inorder"]}, "find_kth_smallest": {"doc": {"short_description": "Return the kth smallest element in a binary search tree"}, "args": ["self", "k", "node"], "min_max_lineno": {"min_lineno": 152, "max_lineno": 157}, "calls": ["binary_search_tree.BinarySearchTree.inorder"]}}}}, "functions": {"postorder": {"doc": {"short_description": "postOrder (left, right, self)"}, "args": ["curr_node"], "returns": [["node_list"]], "min_max_lineno": {"min_lineno": 159, "max_lineno": 167}, "calls": ["list", "binary_search_tree.postorder", "binary_search_tree.postorder"], "store_vars_calls": {"node_list": "list"}}, "binary_search_tree": {"doc": {"long_description": "8\n             / \\\n            3   10\n           / \\    \\\n          1   6    14\n             / \\   /\n            4   7 13\n\n>>> t = BinarySearchTree().insert(8, 3, 6, 1, 10, 14, 13, 4, 7)\n>>> print(\" \".join(repr(i.value) for i in t.traversal_tree()))\n8 3 1 6 4 7 10 14 13\n>>> print(\" \".join(repr(i.value) for i in t.traversal_tree(postorder)))\n1 4 7 6 3 13 14 10 8\n>>> BinarySearchTree().search(6)\nTraceback (most recent call last):\n...\nIndexError: Warning: Tree is empty! please use another.", "short_description": "Example"}, "min_max_lineno": {"min_lineno": 169, "max_lineno": 215}, "calls": ["binary_search_tree.BinarySearchTree", "print", "binary_search_tree.BinarySearchTree.insert", "binary_search_tree.BinarySearchTree.search", "print", "print", "binary_search_tree.BinarySearchTree.search", "print", "print", "binary_search_tree.BinarySearchTree.empty", "print", "print", "binary_search_tree.BinarySearchTree.remove", "print", "binary_search_tree.BinarySearchTree.get_max", "binary_search_tree.BinarySearchTree.get_min"], "store_vars_calls": {"t": "BinarySearchTree"}}}, "main_info": {"main_flag": 1, "type": "script"}, "is_test": false}