{"file": {"path": "/Users/rakshithagnanasekaran/desktop/Python/data_structures/binary_tree/binary_search_tree_recursive.py", "fileNameBase": "binary_search_tree_recursive", "extension": "py", "doc": {"long_description": "To run tests:\npython -m unittest binary_search_tree_recursive.py\n\nTo run an example:\npython binary_search_tree_recursive.py", "short_description": "This is a python3 implementation of binary search tree using recursion", "full": "This is a python3 implementation of binary search tree using recursion\n\nTo run tests:\npython -m unittest binary_search_tree_recursive.py\n\nTo run an example:\npython binary_search_tree_recursive.py"}}, "dependencies": [{"from_module": "__future__", "import": "annotations", "type": "external"}, {"import": "unittest", "type": "external"}, {"from_module": "collections.abc", "import": "Iterator", "type": "external"}], "classes": {"Node": {"min_max_lineno": {"min_lineno": 16, "max_lineno": 22}, "methods": {"__init__": {"args": ["self", "label", "parent"], "min_max_lineno": {"min_lineno": 17, "max_lineno": 22}}}}, "BinarySearchTree": {"min_max_lineno": {"min_lineno": 24, "max_lineno": 274}, "methods": {"__init__": {"args": ["self"], "min_max_lineno": {"min_lineno": 25, "max_lineno": 27}}, "empty": {"doc": {"long_description": ">>> t = BinarySearchTree()\n>>> assert t.root is None\n>>> t.put(8)\n>>> assert t.root is not None", "short_description": "Empties the tree"}, "args": ["self"], "min_max_lineno": {"min_lineno": 28, "max_lineno": 38}}, "is_empty": {"doc": {"long_description": ">>> t = BinarySearchTree()\n>>> t.is_empty()\nTrue\n>>> t.put(8)\n>>> t.is_empty()\nFalse", "short_description": "Checks if the tree is empty"}, "args": ["self"], "min_max_lineno": {"min_lineno": 39, "max_lineno": 51}}, "put": {"doc": {"long_description": ">>> t = BinarySearchTree()\n>>> t.put(8)\n>>> assert t.root.parent is None\n>>> assert t.root.label == 8\n\n>>> t.put(10)\n>>> assert t.root.right.parent == t.root\n>>> assert t.root.right.label == 10\n\n>>> t.put(3)\n>>> assert t.root.left.parent == t.root\n>>> assert t.root.left.label == 3", "short_description": "Put a new node in the tree"}, "args": ["self", "label"], "min_max_lineno": {"min_lineno": 52, "max_lineno": 70}, "calls": ["binary_search_tree_recursive.BinarySearchTree._put"], "store_vars_calls": {"self.root": "self._put"}}, "_put": {"args": ["self", "node", "label", "parent"], "returns": [["node"]], "min_max_lineno": {"min_lineno": 71, "max_lineno": 83}, "calls": ["binary_search_tree_recursive.Node", "binary_search_tree_recursive.BinarySearchTree._put", "binary_search_tree_recursive.BinarySearchTree._put", "Exception"], "store_vars_calls": {"node": "Node", "node.left": "self._put", "node.right": "self._put"}}, "search": {"doc": {"long_description": ">>> t = BinarySearchTree()\n>>> t.put(8)\n>>> t.put(10)\n>>> node = t.search(8)\n>>> assert node.label == 8\n\n>>> node = t.search(3)\nTraceback (most recent call last):\n    ...\nException: Node with label 3 does not exist", "short_description": "Searches a node in the tree"}, "args": ["self", "label"], "min_max_lineno": {"min_lineno": 84, "max_lineno": 100}, "calls": ["binary_search_tree_recursive.BinarySearchTree._search"]}, "_search": {"args": ["self", "node", "label"], "returns": [["node"]], "min_max_lineno": {"min_lineno": 101, "max_lineno": 111}, "calls": ["Exception", "binary_search_tree_recursive.BinarySearchTree._search", "binary_search_tree_recursive.BinarySearchTree._search"], "store_vars_calls": {"node": "self._search"}}, "remove": {"doc": {"long_description": ">>> t = BinarySearchTree()\n>>> t.put(8)\n>>> t.put(10)\n>>> t.remove(8)\n>>> assert t.root.label == 10\n\n>>> t.remove(3)\nTraceback (most recent call last):\n    ...\nException: Node with label 3 does not exist", "short_description": "Removes a node in the tree"}, "args": ["self", "label"], "min_max_lineno": {"min_lineno": 112, "max_lineno": 142}, "calls": ["binary_search_tree_recursive.BinarySearchTree.search", "binary_search_tree_recursive.BinarySearchTree._get_lowest_node", "binary_search_tree_recursive.BinarySearchTree._reassign_nodes", "binary_search_tree_recursive.BinarySearchTree._reassign_nodes", "binary_search_tree_recursive.BinarySearchTree._reassign_nodes", "binary_search_tree_recursive.BinarySearchTree._reassign_nodes"], "store_vars_calls": {"node": "self.search", "lowest_node": "self._get_lowest_node"}}, "_reassign_nodes": {"args": ["self", "node", "new_children"], "min_max_lineno": {"min_lineno": 143, "max_lineno": 154}}, "_get_lowest_node": {"args": ["self", "node"], "returns": [["lowest_node"]], "min_max_lineno": {"min_lineno": 155, "max_lineno": 163}, "calls": ["binary_search_tree_recursive.BinarySearchTree._get_lowest_node", "binary_search_tree_recursive.BinarySearchTree._reassign_nodes"], "store_vars_calls": {"lowest_node": "self._get_lowest_node"}}, "exists": {"doc": {"long_description": ">>> t = BinarySearchTree()\n>>> t.put(8)\n>>> t.put(10)\n>>> t.exists(8)\nTrue\n\n>>> t.exists(3)\nFalse", "short_description": "Checks if a node exists in the tree"}, "args": ["self", "label"], "min_max_lineno": {"min_lineno": 164, "max_lineno": 182}, "calls": ["binary_search_tree_recursive.BinarySearchTree.search"]}, "get_max_label": {"doc": {"long_description": ">>> t = BinarySearchTree()\n>>> t.get_max_label()\nTraceback (most recent call last):\n    ...\nException: Binary search tree is empty\n\n>>> t.put(8)\n>>> t.put(10)\n>>> t.get_max_label()\n10", "short_description": "Gets the max label inserted in the tree"}, "args": ["self"], "min_max_lineno": {"min_lineno": 183, "max_lineno": 206}, "calls": ["Exception"]}, "get_min_label": {"doc": {"long_description": ">>> t = BinarySearchTree()\n>>> t.get_min_label()\nTraceback (most recent call last):\n    ...\nException: Binary search tree is empty\n\n>>> t.put(8)\n>>> t.put(10)\n>>> t.get_min_label()\n8", "short_description": "Gets the min label inserted in the tree"}, "args": ["self"], "min_max_lineno": {"min_lineno": 207, "max_lineno": 230}, "calls": ["Exception"]}, "inorder_traversal": {"doc": {"long_description": ">>> t = BinarySearchTree()\n>>> [i.label for i in t.inorder_traversal()]\n[]\n\n>>> t.put(8)\n>>> t.put(10)\n>>> t.put(9)\n>>> [i.label for i in t.inorder_traversal()]\n[8, 9, 10]", "short_description": "Return the inorder traversal of the tree"}, "args": ["self"], "min_max_lineno": {"min_lineno": 231, "max_lineno": 246}, "calls": ["binary_search_tree_recursive.BinarySearchTree._inorder_traversal"]}, "_inorder_traversal": {"args": ["self", "node"], "min_max_lineno": {"min_lineno": 247, "max_lineno": 252}, "calls": ["binary_search_tree_recursive.BinarySearchTree._inorder_traversal", "binary_search_tree_recursive.BinarySearchTree._inorder_traversal"]}, "preorder_traversal": {"doc": {"long_description": ">>> t = BinarySearchTree()\n>>> [i.label for i in t.preorder_traversal()]\n[]\n\n>>> t.put(8)\n>>> t.put(10)\n>>> t.put(9)\n>>> [i.label for i in t.preorder_traversal()]\n[8, 10, 9]", "short_description": "Return the preorder traversal of the tree"}, "args": ["self"], "min_max_lineno": {"min_lineno": 253, "max_lineno": 268}, "calls": ["binary_search_tree_recursive.BinarySearchTree._preorder_traversal"]}, "_preorder_traversal": {"args": ["self", "node"], "min_max_lineno": {"min_lineno": 269, "max_lineno": 274}, "calls": ["binary_search_tree_recursive.BinarySearchTree._preorder_traversal", "binary_search_tree_recursive.BinarySearchTree._preorder_traversal"]}}}, "BinarySearchTreeTest": {"extend": ["unittest.TestCase"], "min_max_lineno": {"min_lineno": 276, "max_lineno": 541}, "methods": {"_get_binary_search_tree": {"doc": {"long_description": "/ \\\n  3   10\n / \\    \\\n1   6    14\n   / \\   /\n  4   7 13\n   \\\n    5", "short_description": "8"}, "returns": [["t"]], "min_max_lineno": {"min_lineno": 277, "max_lineno": 303}, "calls": ["binary_search_tree_recursive.BinarySearchTree", "binary_search_tree_recursive.BinarySearchTree.put", "binary_search_tree_recursive.BinarySearchTree.put", "binary_search_tree_recursive.BinarySearchTree.put", "binary_search_tree_recursive.BinarySearchTree.put", "binary_search_tree_recursive.BinarySearchTree.put", "binary_search_tree_recursive.BinarySearchTree.put", "binary_search_tree_recursive.BinarySearchTree.put", "binary_search_tree_recursive.BinarySearchTree.put", "binary_search_tree_recursive.BinarySearchTree.put", "binary_search_tree_recursive.BinarySearchTree.put"], "store_vars_calls": {"t": "BinarySearchTree"}}, "test_put": {"args": ["self"], "min_max_lineno": {"min_lineno": 304, "max_lineno": 362}, "calls": ["binary_search_tree_recursive.BinarySearchTree", "binary_search_tree_recursive.BinarySearchTree.is_empty", "binary_search_tree_recursive.BinarySearchTree.put", "binary_search_tree_recursive.BinarySearchTree.put", "binary_search_tree_recursive.BinarySearchTree.put", "binary_search_tree_recursive.BinarySearchTree.put", "binary_search_tree_recursive.BinarySearchTree.put", "binary_search_tree_recursive.BinarySearchTreeTest.assertRaises", "binary_search_tree_recursive.BinarySearchTree.put"], "store_vars_calls": {"t": "BinarySearchTree"}}, "test_search": {"args": ["self"], "min_max_lineno": {"min_lineno": 363, "max_lineno": 374}, "calls": ["binary_search_tree_recursive.BinarySearchTreeTest._get_binary_search_tree", "binary_search_tree_recursive.BinarySearchTreeTest.search", "binary_search_tree_recursive.BinarySearchTreeTest.search", "binary_search_tree_recursive.BinarySearchTreeTest.assertRaises", "binary_search_tree_recursive.BinarySearchTreeTest.search"], "store_vars_calls": {"t": "self._get_binary_search_tree", "node": "t.search"}}, "test_remove": {"args": ["self"], "min_max_lineno": {"min_lineno": 375, "max_lineno": 464}, "calls": ["binary_search_tree_recursive.BinarySearchTreeTest._get_binary_search_tree", "binary_search_tree_recursive.BinarySearchTreeTest.remove", "binary_search_tree_recursive.BinarySearchTreeTest.remove", "binary_search_tree_recursive.BinarySearchTreeTest.remove", "binary_search_tree_recursive.BinarySearchTreeTest.remove", "binary_search_tree_recursive.BinarySearchTreeTest.remove"], "store_vars_calls": {"t": "self._get_binary_search_tree"}}, "test_remove_2": {"args": ["self"], "min_max_lineno": {"min_lineno": 465, "max_lineno": 493}, "calls": ["binary_search_tree_recursive.BinarySearchTreeTest._get_binary_search_tree", "binary_search_tree_recursive.BinarySearchTreeTest.remove"], "store_vars_calls": {"t": "self._get_binary_search_tree"}}, "test_empty": {"args": ["self"], "min_max_lineno": {"min_lineno": 494, "max_lineno": 498}, "calls": ["binary_search_tree_recursive.BinarySearchTreeTest._get_binary_search_tree", "binary_search_tree_recursive.BinarySearchTreeTest.empty"], "store_vars_calls": {"t": "self._get_binary_search_tree"}}, "test_is_empty": {"args": ["self"], "min_max_lineno": {"min_lineno": 499, "max_lineno": 505}, "calls": ["binary_search_tree_recursive.BinarySearchTreeTest._get_binary_search_tree", "binary_search_tree_recursive.BinarySearchTreeTest.empty", "binary_search_tree_recursive.BinarySearchTreeTest.is_empty", "binary_search_tree_recursive.BinarySearchTreeTest.is_empty"], "store_vars_calls": {"t": "self._get_binary_search_tree"}}, "test_exists": {"args": ["self"], "min_max_lineno": {"min_lineno": 506, "max_lineno": 511}, "calls": ["binary_search_tree_recursive.BinarySearchTreeTest._get_binary_search_tree", "binary_search_tree_recursive.BinarySearchTreeTest.exists", "binary_search_tree_recursive.BinarySearchTreeTest.exists"], "store_vars_calls": {"t": "self._get_binary_search_tree"}}, "test_get_max_label": {"args": ["self"], "min_max_lineno": {"min_lineno": 512, "max_lineno": 520}, "calls": ["binary_search_tree_recursive.BinarySearchTreeTest._get_binary_search_tree", "binary_search_tree_recursive.BinarySearchTreeTest.empty", "binary_search_tree_recursive.BinarySearchTreeTest.get_max_label", "binary_search_tree_recursive.BinarySearchTreeTest.assertRaises", "binary_search_tree_recursive.BinarySearchTreeTest.get_max_label"], "store_vars_calls": {"t": "self._get_binary_search_tree"}}, "test_get_min_label": {"args": ["self"], "min_max_lineno": {"min_lineno": 521, "max_lineno": 529}, "calls": ["binary_search_tree_recursive.BinarySearchTreeTest._get_binary_search_tree", "binary_search_tree_recursive.BinarySearchTreeTest.empty", "binary_search_tree_recursive.BinarySearchTreeTest.get_min_label", "binary_search_tree_recursive.BinarySearchTreeTest.assertRaises", "binary_search_tree_recursive.BinarySearchTreeTest.get_min_label"], "store_vars_calls": {"t": "self._get_binary_search_tree"}}, "test_inorder_traversal": {"args": ["self"], "min_max_lineno": {"min_lineno": 530, "max_lineno": 535}, "calls": ["binary_search_tree_recursive.BinarySearchTreeTest._get_binary_search_tree", "binary_search_tree_recursive.BinarySearchTreeTest.inorder_traversal"], "store_vars_calls": {"t": "self._get_binary_search_tree"}}, "test_preorder_traversal": {"args": ["self"], "min_max_lineno": {"min_lineno": 536, "max_lineno": 541}, "calls": ["binary_search_tree_recursive.BinarySearchTreeTest._get_binary_search_tree", "binary_search_tree_recursive.BinarySearchTreeTest.preorder_traversal"], "store_vars_calls": {"t": "self._get_binary_search_tree"}}}}}, "functions": {"binary_search_tree_example": {"doc": {"long_description": "8\n             / \\\n            3   10\n           / \\    \\\n          1   6    14\n             / \\   /\n            4   7 13\n            \\\n            5\n\nExample After Deletion\n              4\n             / \\\n            1   7\n                 \\\n                  5", "short_description": "Example"}, "min_max_lineno": {"min_lineno": 543, "max_lineno": 635}, "calls": ["binary_search_tree_recursive.BinarySearchTree", "binary_search_tree_recursive.BinarySearchTree.put", "binary_search_tree_recursive.BinarySearchTree.put", "binary_search_tree_recursive.BinarySearchTree.put", "binary_search_tree_recursive.BinarySearchTree.put", "binary_search_tree_recursive.BinarySearchTree.put", "binary_search_tree_recursive.BinarySearchTree.put", "binary_search_tree_recursive.BinarySearchTree.put", "binary_search_tree_recursive.BinarySearchTree.put", "binary_search_tree_recursive.BinarySearchTree.put", "binary_search_tree_recursive.BinarySearchTree.put", "print", "print", "print", "print", "print", "print", "print", "print", "print", "print", "print", "binary_search_tree_recursive.BinarySearchTree.remove", "binary_search_tree_recursive.BinarySearchTree.remove", "binary_search_tree_recursive.BinarySearchTree.remove", "binary_search_tree_recursive.BinarySearchTree.remove", "binary_search_tree_recursive.BinarySearchTree.remove", "binary_search_tree_recursive.BinarySearchTree.remove", "print", "print", "print", "print", "binary_search_tree_recursive.BinarySearchTree.exists", "binary_search_tree_recursive.BinarySearchTree.exists", "binary_search_tree_recursive.BinarySearchTree.exists", "binary_search_tree_recursive.BinarySearchTree.exists", "binary_search_tree_recursive.BinarySearchTree.get_max_label", "binary_search_tree_recursive.BinarySearchTree.get_min_label", "binary_search_tree_recursive.BinarySearchTree.get_max_label", "binary_search_tree_recursive.BinarySearchTree.get_min_label", "binary_search_tree_recursive.BinarySearchTree.inorder_traversal", "binary_search_tree_recursive.BinarySearchTree.preorder_traversal", "binary_search_tree_recursive.BinarySearchTree.inorder_traversal", "binary_search_tree_recursive.BinarySearchTree.preorder_traversal"], "store_vars_calls": {"t": "BinarySearchTree"}}}, "main_info": {"main_flag": 1, "main_function": "binary_search_tree_recursive.binary_search_tree_example", "type": "script"}, "is_test": true}