{"file": {"path": "/Users/rakshithagnanasekaran/desktop/Python/data_structures/binary_tree/fenwick_tree.py", "fileNameBase": "fenwick_tree", "extension": "py"}, "classes": {"FenwickTree": {"min_max_lineno": {"min_lineno": 1, "max_lineno": 17}, "methods": {"__init__": {"args": ["self", "SIZE"], "min_max_lineno": {"min_lineno": 2, "max_lineno": 5}, "calls": ["range"]}, "update": {"args": ["self", "i", "val"], "min_max_lineno": {"min_lineno": 6, "max_lineno": 10}}, "query": {"args": ["self", "i"], "returns": [["ret"]], "min_max_lineno": {"min_lineno": 11, "max_lineno": 17}}}}}, "main_info": {"main_flag": 1, "main_function": "fenwick_tree.FenwickTree", "type": "script"}, "is_test": false}