{"file": {"path": "/Users/rakshithagnanasekaran/desktop/Python/data_structures/binary_tree/lazy_segment_tree.py", "fileNameBase": "lazy_segment_tree", "extension": "py"}, "dependencies": [{"from_module": "__future__", "import": "annotations", "type": "external"}, {"import": "math", "type": "external"}], "classes": {"SegmentTree": {"min_max_lineno": {"min_lineno": 6, "max_lineno": 123}, "methods": {"__init__": {"args": ["self", "size"], "min_max_lineno": {"min_lineno": 7, "max_lineno": 14}, "calls": ["range", "range", "range"]}, "left": {"doc": {"long_description": ">>> segment_tree.left(1)\n2\n>>> segment_tree.left(2)\n4\n>>> segment_tree.left(12)\n24", "short_description": ">>> segment_tree = SegmentTree(15)"}, "args": ["self", "idx"], "min_max_lineno": {"min_lineno": 15, "max_lineno": 26}}, "right": {"doc": {"long_description": ">>> segment_tree.right(1)\n3\n>>> segment_tree.right(2)\n5\n>>> segment_tree.right(12)\n25", "short_description": ">>> segment_tree = SegmentTree(15)"}, "args": ["self", "idx"], "min_max_lineno": {"min_lineno": 27, "max_lineno": 38}}, "build": {"args": ["self", "idx", "left_element", "right_element", "A"], "min_max_lineno": {"min_lineno": 39, "max_lineno": 50}, "calls": ["lazy_segment_tree.SegmentTree.build", "lazy_segment_tree.SegmentTree.build", "max", "lazy_segment_tree.SegmentTree.left", "lazy_segment_tree.SegmentTree.right", "lazy_segment_tree.SegmentTree.left", "lazy_segment_tree.SegmentTree.right"]}, "update": {"doc": {"long_description": "for each update)\n\nupdate(1, 1, size, a, b, v) for update val v to [a,b]", "short_description": "update with O(lg n) (Normal segment tree without lazy update will take O(nlg n)"}, "args": ["self", "idx", "left_element", "right_element", "a", "b", "val"], "min_max_lineno": {"min_lineno": 52, "max_lineno": 87}, "calls": ["lazy_segment_tree.SegmentTree.update", "lazy_segment_tree.SegmentTree.update", "max", "lazy_segment_tree.SegmentTree.left", "lazy_segment_tree.SegmentTree.right", "lazy_segment_tree.SegmentTree.left", "lazy_segment_tree.SegmentTree.right", "lazy_segment_tree.SegmentTree.left", "lazy_segment_tree.SegmentTree.right", "lazy_segment_tree.SegmentTree.left", "lazy_segment_tree.SegmentTree.right", "lazy_segment_tree.SegmentTree.left", "lazy_segment_tree.SegmentTree.right", "lazy_segment_tree.SegmentTree.left", "lazy_segment_tree.SegmentTree.right"]}, "query": {"doc": {"long_description": ">>> A = [1, 2, -4, 7, 3, -5, 6, 11, -20, 9, 14, 15, 5, 2, -8]\n>>> segment_tree = SegmentTree(15)\n>>> segment_tree.build(1, 1, 15, A)\n>>> segment_tree.query(1, 1, 15, 4, 6)\n7\n>>> segment_tree.query(1, 1, 15, 7, 11)\n14\n>>> segment_tree.query(1, 1, 15, 7, 12)\n15", "short_description": "query(1, 1, size, a, b) for query max of [a,b]"}, "args": ["self", "idx", "left_element", "right_element", "a", "b"], "min_max_lineno": {"min_lineno": 89, "max_lineno": 120}, "calls": ["lazy_segment_tree.SegmentTree.query", "lazy_segment_tree.SegmentTree.query", "max", "lazy_segment_tree.SegmentTree.left", "lazy_segment_tree.SegmentTree.right", "lazy_segment_tree.SegmentTree.left", "lazy_segment_tree.SegmentTree.right", "lazy_segment_tree.SegmentTree.left", "lazy_segment_tree.SegmentTree.right"], "store_vars_calls": {"q1": "self.query", "q2": "self.query"}}, "__str__": {"args": ["self"], "min_max_lineno": {"min_lineno": 121, "max_lineno": 123}, "calls": ["str", "lazy_segment_tree.SegmentTree.query", "range"]}}}}, "main_info": {"main_flag": 1, "main_function": "lazy_segment_tree.SegmentTree", "type": "script"}, "is_test": false}