{"file": {"path": "/Users/rakshithagnanasekaran/desktop/Python/data_structures/binary_tree/lowest_common_ancestor.py", "fileNameBase": "lowest_common_ancestor", "extension": "py"}, "dependencies": [{"from_module": "__future__", "import": "annotations", "type": "external"}, {"from_module": "queue", "import": "Queue", "type": "external"}], "functions": {"swap": {"doc": {"long_description": ">>> swap(2,3)\n(3, 2)\n>>> swap(3,4)\n(4, 3)\n>>> swap(67, 12)\n(12, 67)", "short_description": "Return a tuple (b, a) when given two integers a and b"}, "args": ["a", "b"], "returns": [["a", "b"]], "min_max_lineno": {"min_lineno": 9, "max_lineno": 23}}, "create_sparse": {"doc": {"short_description": "creating sparse table which saves each nodes 2^i-th parent"}, "args": ["max_node", "parent"], "returns": [["parent"]], "min_max_lineno": {"min_lineno": 25, "max_lineno": 35}, "calls": ["range"]}, "lowest_common_ancestor": {"args": ["u", "v", "level", "parent"], "returns": [["u"]], "min_max_lineno": {"min_lineno": 38, "max_lineno": 57}, "calls": ["range", "range", "lowest_common_ancestor.swap"]}, "breadth_first_search": {"doc": {"long_description": "parent of root node is set to 0\ncalculates depth of each node from root node", "short_description": "sets every nodes direct parent"}, "args": ["level", "parent", "max_node", "graph", "root"], "returns": [["level", "parent"]], "min_max_lineno": {"min_lineno": 60, "max_lineno": 83}, "calls": ["queue.Queue", "q.put", "q.qsize", "q.get", "q.put"], "store_vars_calls": {"u": "q.get"}}, "main": {"min_max_lineno": {"min_lineno": 85, "max_lineno": 114}, "calls": ["lowest_common_ancestor.breadth_first_search", "lowest_common_ancestor.create_sparse", "print", "print", "print", "print", "print", "print", "lowest_common_ancestor.lowest_common_ancestor", "lowest_common_ancestor.lowest_common_ancestor", "lowest_common_ancestor.lowest_common_ancestor", "lowest_common_ancestor.lowest_common_ancestor", "lowest_common_ancestor.lowest_common_ancestor", "lowest_common_ancestor.lowest_common_ancestor", "range", "range", "range"], "store_vars_calls": {"parent": "create_sparse"}}}, "main_info": {"main_flag": 1, "main_function": "lowest_common_ancestor.main", "type": "script"}, "is_test": false}