{"file": {"path": "/Users/rakshithagnanasekaran/desktop/Python/data_structures/binary_tree/merge_two_binary_trees.py", "fileNameBase": "merge_two_binary_trees", "extension": "py", "doc": {"long_description": "The rule for merging is that if two nodes overlap, then put the value sum of\nboth nodes to the new value of the merged node. Otherwise, the NOT null node\nwill be used as the node of new tree.", "short_description": "Problem Description: Given two binary tree, return the merged tree.", "full": "Problem Description: Given two binary tree, return the merged tree.\nThe rule for merging is that if two nodes overlap, then put the value sum of\nboth nodes to the new value of the merged node. Otherwise, the NOT null node\nwill be used as the node of new tree."}}, "dependencies": [{"from_module": "__future__", "import": "annotations", "type": "external"}], "classes": {"Node": {"doc": {"short_description": "A binary node has value variable and pointers to its left and right node.", "full": "A binary node has value variable and pointers to its left and right node."}, "min_max_lineno": {"min_lineno": 11, "max_lineno": 20}, "methods": {"__init__": {"args": ["self", "value"], "min_max_lineno": {"min_lineno": 16, "max_lineno": 20}}}}}, "functions": {"merge_two_binary_trees": {"doc": {"long_description": ">>> tree1 = Node(5)\n>>> tree1.left = Node(6)\n>>> tree1.right = Node(7)\n>>> tree1.left.left = Node(2)\n>>> tree2 = Node(4)\n>>> tree2.left = Node(5)\n>>> tree2.right = Node(8)\n>>> tree2.left.right = Node(1)\n>>> tree2.right.right = Node(4)\n>>> merged_tree = merge_two_binary_trees(tree1, tree2)\n>>> print_preorder(merged_tree)\n9\n11\n2\n1\n15\n4", "short_description": "Returns root node of the merged tree."}, "args": ["tree1", "tree2"], "returns": [["tree1"], ["tree2"], ["tree1"]], "min_max_lineno": {"min_lineno": 22, "max_lineno": 53}, "calls": ["merge_two_binary_trees.merge_two_binary_trees", "merge_two_binary_trees.merge_two_binary_trees"], "store_vars_calls": {"tree1.left": "merge_two_binary_trees", "tree1.right": "merge_two_binary_trees"}}, "print_preorder": {"doc": {"long_description": ">>> root = Node(1)\n>>> root.left = Node(2)\n>>> root.right = Node(3)\n>>> print_preorder(root)\n1\n2\n3\n>>> print_preorder(root.right)\n3", "short_description": "Print pre-order traversal of the tree."}, "args": ["root"], "min_max_lineno": {"min_lineno": 55, "max_lineno": 73}, "calls": ["print", "merge_two_binary_trees.print_preorder", "merge_two_binary_trees.print_preorder"]}}, "main_info": {"main_flag": 1, "main_function": "merge_two_binary_trees.Node", "type": "script"}, "is_test": false}