{"file": {"path": "/Users/rakshithagnanasekaran/desktop/Python/data_structures/binary_tree/non_recursive_segment_tree.py", "fileNameBase": "non_recursive_segment_tree", "extension": "py", "doc": {"long_description": "works virtually with any list of the same type of elements with a \"commutative\"\ncombiner.\n\nExplanation:\nhttps://www.geeksforgeeks.org/iterative-segment-tree-range-minimum-query/\nhttps://www.geeksforgeeks.org/segment-tree-efficient-implementation/\n\n>>> SegmentTree([1, 2, 3], lambda a, b: a + b).query(0, 2)\n6\n>>> SegmentTree([3, 1, 2], min).query(0, 2)\n1\n>>> SegmentTree([2, 3, 1], max).query(0, 2)\n3\n>>> st = SegmentTree([1, 5, 7, -1, 6], lambda a, b: a + b)\n>>> st.update(1, -1)\n>>> st.update(2, 3)\n>>> st.query(1, 2)\n2\n>>> st.query(1, 1)\n-1\n>>> st.update(4, 1)\n>>> st.query(3, 4)\n0\n>>> st = SegmentTree([[1, 2, 3], [3, 2, 1], [1, 1, 1]], lambda a, b: [a[i] + b[i] for i\n...                                                                   in range(len(a))])\n>>> st.query(0, 1)\n[4, 4, 4]\n>>> st.query(1, 2)\n[4, 3, 2]\n>>> st.update(1, [-1, -1, -1])\n>>> st.query(1, 2)\n[0, 0, 0]\n>>> st.query(0, 2)\n[1, 2, 3]", "short_description": "A non-recursive Segment Tree implementation with range query and single element update,", "full": "A non-recursive Segment Tree implementation with range query and single element update,\nworks virtually with any list of the same type of elements with a \"commutative\"\ncombiner.\n\nExplanation:\nhttps://www.geeksforgeeks.org/iterative-segment-tree-range-minimum-query/\nhttps://www.geeksforgeeks.org/segment-tree-efficient-implementation/\n\n>>> SegmentTree([1, 2, 3], lambda a, b: a + b).query(0, 2)\n6\n>>> SegmentTree([3, 1, 2], min).query(0, 2)\n1\n>>> SegmentTree([2, 3, 1], max).query(0, 2)\n3\n>>> st = SegmentTree([1, 5, 7, -1, 6], lambda a, b: a + b)\n>>> st.update(1, -1)\n>>> st.update(2, 3)\n>>> st.query(1, 2)\n2\n>>> st.query(1, 1)\n-1\n>>> st.update(4, 1)\n>>> st.query(3, 4)\n0\n>>> st = SegmentTree([[1, 2, 3], [3, 2, 1], [1, 1, 1]], lambda a, b: [a[i] + b[i] for i\n...                                                                   in range(len(a))])\n>>> st.query(0, 1)\n[4, 4, 4]\n>>> st.query(1, 2)\n[4, 3, 2]\n>>> st.update(1, [-1, -1, -1])\n>>> st.query(1, 2)\n[0, 0, 0]\n>>> st.query(0, 2)\n[1, 2, 3]"}}, "dependencies": [{"from_module": "__future__", "import": "annotations", "type": "external"}, {"from_module": "collections.abc", "import": "Callable", "type": "external"}, {"from_module": "typing", "import": "Any", "type": "external"}, {"from_module": "typing", "import": "Generic", "type": "external"}, {"from_module": "typing", "import": "TypeVar", "type": "external"}], "classes": {"SegmentTree": {"min_max_lineno": {"min_lineno": 46, "max_lineno": 116}, "methods": {"__init__": {"doc": {"short_description": "Segment Tree constructor, it works just with commutative combiner.", "args": {"arr": {"description": "list of elements for the segment tree"}, "fnc": {"description": "commutative function for combine two elements\n>>> SegmentTree(['a', 'b', 'c'], lambda a, b: f'{a}{b}').query(0, 2)\n'abc'\n>>> SegmentTree([(1, 2), (2, 3), (3, 4)],\n...             lambda a, b: (a[0] + b[0], a[1] + b[1])).query(0, 2)\n(6, 9)"}}}, "args": ["self", "arr", "fnc"], "min_max_lineno": {"min_lineno": 47, "max_lineno": 65}, "calls": ["len", "non_recursive_segment_tree.SegmentTree.build", "range"]}, "build": {"args": ["self"], "min_max_lineno": {"min_lineno": 66, "max_lineno": 69}, "calls": ["range", "non_recursive_segment_tree.SegmentTree.fn"]}, "update": {"doc": {"short_description": "Update an element in log(N) time", "args": {"p": {"description": "position to be update"}, "v": {"description": "new value\n>>> st = SegmentTree([3, 1, 2, 4], min)\n>>> st.query(0, 3)\n1\n>>> st.update(2, -1)\n>>> st.query(0, 3)\n-1"}}}, "args": ["self", "p", "v"], "min_max_lineno": {"min_lineno": 70, "max_lineno": 88}, "calls": ["non_recursive_segment_tree.SegmentTree.fn"]}, "query": {"doc": {"short_description": "Get range query value in log(N) time", "args": {"l": {"description": "left element index"}, "r": {"description": "right element index"}}, "returns": {"description": "element combined in the range [l, r]\n>>> st = SegmentTree([1, 2, 3, 4], lambda a, b: a + b)\n>>> st.query(0, 2)\n6\n>>> st.query(1, 2)\n5\n>>> st.query(0, 3)\n10\n>>> st.query(2, 3)\n7", "is_generator": false}}, "args": ["self", "l", "r"], "returns": [["res"]], "min_max_lineno": {"min_lineno": 89, "max_lineno": 116}, "calls": ["non_recursive_segment_tree.SegmentTree.fn", "non_recursive_segment_tree.SegmentTree.fn"]}}}}, "body": {"calls": ["typing.TypeVar"], "store_vars_calls": {"T": "TypeVar"}}, "main_info": {"main_flag": 1, "type": "script"}, "is_test": false}