{"file": {"path": "/Users/rakshithagnanasekaran/desktop/Python/data_structures/binary_tree/number_of_possible_binary_trees.py", "fileNameBase": "number_of_possible_binary_trees", "extension": "py", "doc": {"long_description": "the number of possible binary search trees from tree of a given number of nodes.\n\nWe will use the formula: t(n) = SUMMATION(i = 1 to n)t(i-1)t(n-i)\n\nFurther details at Wikipedia: https://en.wikipedia.org/wiki/Catalan_number", "short_description": "Hey, we are going to find an exciting number called Catalan number which is use to find", "full": "Hey, we are going to find an exciting number called Catalan number which is use to find\nthe number of possible binary search trees from tree of a given number of nodes.\n\nWe will use the formula: t(n) = SUMMATION(i = 1 to n)t(i-1)t(n-i)\n\nFurther details at Wikipedia: https://en.wikipedia.org/wiki/Catalan_number"}}, "functions": {"binomial_coefficient": {"doc": {"long_description": "https://en.wikipedia.org/wiki/Binomial_coefficient\nC(n,k) = n! / k!(n-k)!", "short_description": "Since Here we Find the Binomial Coefficient:", "args": {"n": {"description": "2 times of Number of nodes"}, "k": {"description": "Number of nodes"}}, "returns": {"description": "Integer Value\n>>> binomial_coefficient(4, 2)\n6", "is_generator": false}}, "args": ["n", "k"], "returns": [["result"]], "min_max_lineno": {"min_lineno": 19, "max_lineno": 40}, "calls": ["range"]}, "catalan_number": {"doc": {"long_description": "does the job in O(n)\n\nreturn the Catalan number of n using 2nCn/(n+1).", "short_description": "We can find Catalan number many ways but here we use Binomial Coefficient because it", "args": {"n": {"description": "number of nodes"}}, "returns": {"description": "Catalan number of n nodes\n>>> catalan_number(5)\n42\n>>> catalan_number(6)\n132", "is_generator": false}}, "args": ["node_count"], "min_max_lineno": {"min_lineno": 42, "max_lineno": 57}, "calls": ["number_of_possible_binary_trees.binomial_coefficient"]}, "factorial": {"doc": {"short_description": "Return the factorial of a number.", "args": {"n": {"description": "Number to find the Factorial of."}}, "returns": {"description": "Factorial of n.\n>>> import math\n>>> all(factorial(i) == math.factorial(i) for i in range(10))\nTrue\n>>> factorial(-5)  # doctest: +ELLIPSIS\nTraceback (most recent call last):\n...\nValueError: factorial() not defined for negative values", "is_generator": false}}, "args": ["n"], "returns": [["result"]], "min_max_lineno": {"min_lineno": 59, "max_lineno": 79}, "calls": ["range", "ValueError"]}, "binary_tree_count": {"doc": {"short_description": "Return the number of possible of binary trees.", "args": {"n": {"description": "number of nodes"}}, "returns": {"description": "Number of possible binary trees\n>>> binary_tree_count(5)\n5040\n>>> binary_tree_count(6)\n95040", "is_generator": false}}, "args": ["node_count"], "min_max_lineno": {"min_lineno": 81, "max_lineno": 93}, "calls": ["number_of_possible_binary_trees.catalan_number", "number_of_possible_binary_trees.factorial"]}}, "main_info": {"main_flag": 1, "type": "script"}, "is_test": false}