{"file": {"path": "/Users/rakshithagnanasekaran/desktop/Python/data_structures/binary_tree/red_black_tree.py", "fileNameBase": "red_black_tree", "extension": "py", "doc": {"long_description": "flake8 : passed", "short_description": "python/black : true", "full": "python/black : true\nflake8 : passed"}}, "dependencies": [{"from_module": "__future__", "import": "annotations", "type": "external"}, {"from_module": "collections.abc", "import": "Iterator", "type": "external"}], "classes": {"RedBlackTree": {"doc": {"long_description": "tree).\nThis tree has similar performance to AVL trees, but the balancing is\nless strict, so it will perform faster for writing/deleting nodes\nand slower for reading in the average case, though, because they're\nboth balanced binary search trees, both will get the same asymptotic\nperformance.\nTo read more about them, https://en.wikipedia.org/wiki/Red\u2013black_tree\nUnless otherwise specified, all asymptotic runtimes are specified in\nterms of the size of the tree.", "short_description": "A Red-Black tree, which is a self-balancing BST (binary search", "full": "A Red-Black tree, which is a self-balancing BST (binary search\ntree).\nThis tree has similar performance to AVL trees, but the balancing is\nless strict, so it will perform faster for writing/deleting nodes\nand slower for reading in the average case, though, because they're\nboth balanced binary search trees, both will get the same asymptotic\nperformance.\nTo read more about them, https://en.wikipedia.org/wiki/Red\u2013black_tree\nUnless otherwise specified, all asymptotic runtimes are specified in\nterms of the size of the tree."}, "min_max_lineno": {"min_lineno": 10, "max_lineno": 521}, "methods": {"__init__": {"doc": {"long_description": "label: The value associated with this node\ncolor: 0 if black, 1 if red\nparent: The parent to this node\nleft: This node's left child\nright: This node's right child", "short_description": "Initialize a new Red-Black Tree node with the given values:"}, "args": ["self", "label", "color", "parent", "left", "right"], "min_max_lineno": {"min_lineno": 24, "max_lineno": 44}}, "rotate_left": {"doc": {"long_description": "returns the new root to this subtree.\nPerforming one rotation can be done in O(1).", "short_description": "Rotate the subtree rooted at this node to the left and"}, "args": ["self"], "returns": [["right"], ["self"]], "min_max_lineno": {"min_lineno": 47, "max_lineno": 68}, "store_vars_calls": {"right.left": "self", "self.right.parent": "self"}}, "rotate_right": {"doc": {"long_description": "returns the new root to this subtree.\nPerforming one rotation can be done in O(1).", "short_description": "Rotate the subtree rooted at this node to the right and"}, "args": ["self"], "returns": [["left"], ["self"]], "min_max_lineno": {"min_lineno": 69, "max_lineno": 90}, "store_vars_calls": {"left.right": "self", "self.left.parent": "self"}}, "insert": {"doc": {"long_description": "rotations necessary to maintain balance, and then returns the\nnew root to this subtree (likely self).\nThis is guaranteed to run in O(log(n)) time.", "short_description": "Inserts label into the subtree rooted at self, performs any"}, "args": ["self", "label"], "returns": [["self"], ["self"]], "min_max_lineno": {"min_lineno": 91, "max_lineno": 116}, "calls": ["red_black_tree.RedBlackTree.left.insert", "red_black_tree.RedBlackTree", "red_black_tree.RedBlackTree.left._insert_repair", "red_black_tree.RedBlackTree.right.insert", "red_black_tree.RedBlackTree", "red_black_tree.RedBlackTree.right._insert_repair"], "store_vars_calls": {"self.left": "RedBlackTree", "self.right": "RedBlackTree"}}, "_insert_repair": {"doc": {"short_description": "Repair the coloring from inserting into a tree."}, "args": ["self"], "min_max_lineno": {"min_lineno": 117, "max_lineno": 154}, "calls": ["red_black_tree.color", "red_black_tree.color", "red_black_tree.RedBlackTree.is_left", "red_black_tree.RedBlackTree.parent.is_right", "red_black_tree.RedBlackTree.parent.rotate_right", "red_black_tree.RedBlackTree.grandparent._insert_repair", "red_black_tree.RedBlackTree.right._insert_repair", "red_black_tree.RedBlackTree.is_right", "red_black_tree.RedBlackTree.parent.is_left", "red_black_tree.RedBlackTree.parent.rotate_left", "red_black_tree.RedBlackTree.is_left", "red_black_tree.RedBlackTree.left._insert_repair", "red_black_tree.RedBlackTree.grandparent.rotate_right", "red_black_tree.RedBlackTree.grandparent.rotate_left"]}, "remove": {"doc": {"short_description": "Remove label from this tree."}, "args": ["self", "label"], "min_max_lineno": {"min_lineno": 155, "max_lineno": 211}, "calls": ["red_black_tree.RedBlackTree.left.get_max", "red_black_tree.RedBlackTree.left.remove", "red_black_tree.RedBlackTree.left.remove", "red_black_tree.RedBlackTree.right.remove", "red_black_tree.RedBlackTree.is_left", "red_black_tree.RedBlackTree", "red_black_tree.RedBlackTree._remove_repair", "red_black_tree.RedBlackTree.is_left"], "store_vars_calls": {"value": "self.left.get_max", "self.left.parent": "self", "self.right.parent": "self"}}, "_remove_repair": {"doc": {"short_description": "Repair the coloring of the tree that may have been messed up."}, "args": ["self"], "min_max_lineno": {"min_lineno": 212, "max_lineno": 284}, "calls": ["red_black_tree.color", "red_black_tree.RedBlackTree.is_left", "red_black_tree.RedBlackTree.parent._remove_repair", "red_black_tree.RedBlackTree.is_left", "red_black_tree.RedBlackTree.sibling.rotate_right", "red_black_tree.RedBlackTree.is_right", "red_black_tree.RedBlackTree.sibling.rotate_left", "red_black_tree.RedBlackTree.is_left", "red_black_tree.RedBlackTree.parent.rotate_left", "red_black_tree.RedBlackTree.is_right", "red_black_tree.RedBlackTree.parent.rotate_right", "red_black_tree.RedBlackTree.parent.rotate_left", "red_black_tree.RedBlackTree.parent.rotate_right", "red_black_tree.color", "red_black_tree.color", "red_black_tree.color", "red_black_tree.color", "red_black_tree.color", "red_black_tree.color", "red_black_tree.color", "red_black_tree.color", "red_black_tree.color", "red_black_tree.color", "red_black_tree.color", "red_black_tree.color", "red_black_tree.color", "red_black_tree.color", "red_black_tree.color", "red_black_tree.color", "red_black_tree.color", "red_black_tree.color"]}, "check_color_properties": {"doc": {"long_description": "is colored in a way which matches these five properties:\n(wording stolen from wikipedia article)\n 1. Each node is either red or black.\n 2. The root node is black.\n 3. All leaves are black.\n 4. If a node is red, then both its children are black.\n 5. Every path from any node to all of its descendent NIL nodes\n    has the same number of black nodes.\nThis function runs in O(n) time, because properties 4 and 5 take\nthat long to check.", "short_description": "Check the coloring of the tree, and return True iff the tree"}, "args": ["self"], "min_max_lineno": {"min_lineno": 285, "max_lineno": 317}, "calls": ["print", "red_black_tree.RedBlackTree.check_coloring", "print", "red_black_tree.RedBlackTree.black_height", "print"]}, "check_coloring": {"doc": {"long_description": "Red-Black Tree. See check_color_properties for more info.", "short_description": "A helper function to recursively check Property 4 of a"}, "args": ["self"], "min_max_lineno": {"min_lineno": 318, "max_lineno": 330}, "calls": ["red_black_tree.RedBlackTree.left.check_coloring", "red_black_tree.RedBlackTree.right.check_coloring", "red_black_tree.color", "red_black_tree.color"]}, "black_height": {"doc": {"long_description": "leaves of the tree, or None if there isn't one such value (the\ntree is color incorrectly).", "short_description": "Returns the number of black nodes from this node to the"}, "args": ["self"], "min_max_lineno": {"min_lineno": 331, "max_lineno": 350}, "calls": ["red_black_tree.RedBlackTree.black_height", "red_black_tree.RedBlackTree.black_height"], "store_vars_calls": {"left": "RedBlackTree.black_height", "right": "RedBlackTree.black_height"}}, "__contains__": {"doc": {"long_description": "found somewhere in the tree.\nGuaranteed to run in O(log(n)) time.", "short_description": "Search through the tree for label, returning True iff it is"}, "args": ["self", "label"], "min_max_lineno": {"min_lineno": 353, "max_lineno": 359}, "calls": ["red_black_tree.RedBlackTree.search"]}, "search": {"doc": {"long_description": "it's found, and None otherwise.\nThis method is guaranteed to run in O(log(n)) time.", "short_description": "Search through the tree for label, returning its node if"}, "args": ["self", "label"], "returns": [["self"]], "min_max_lineno": {"min_lineno": 360, "max_lineno": 377}, "calls": ["red_black_tree.RedBlackTree.right.search", "red_black_tree.RedBlackTree.left.search"]}, "floor": {"doc": {"long_description": "This method is guaranteed to run in O(log(n)) time.", "short_description": "Returns the largest element in this tree which is at most label."}, "args": ["self", "label"], "returns": [["attempt"]], "min_max_lineno": {"min_lineno": 378, "max_lineno": 394}, "calls": ["red_black_tree.RedBlackTree.left.floor", "red_black_tree.RedBlackTree.right.floor"], "store_vars_calls": {"attempt": "self.right.floor"}}, "ceil": {"doc": {"long_description": "This method is guaranteed to run in O(log(n)) time.", "short_description": "Returns the smallest element in this tree which is at least label."}, "args": ["self", "label"], "returns": [["attempt"]], "min_max_lineno": {"min_lineno": 395, "max_lineno": 412}, "calls": ["red_black_tree.RedBlackTree.right.ceil", "red_black_tree.RedBlackTree.left.ceil"], "store_vars_calls": {"attempt": "self.left.ceil"}}, "get_max": {"doc": {"long_description": "This method is guaranteed to run in O(log(n)) time.", "short_description": "Returns the largest element in this tree."}, "args": ["self"], "min_max_lineno": {"min_lineno": 413, "max_lineno": 422}, "calls": ["red_black_tree.RedBlackTree.right.get_max"]}, "get_min": {"doc": {"long_description": "This method is guaranteed to run in O(log(n)) time.", "short_description": "Returns the smallest element in this tree."}, "args": ["self"], "min_max_lineno": {"min_lineno": 423, "max_lineno": 432}, "calls": ["red_black_tree.RedBlackTree.left.get_min"]}, "grandparent": {"doc": {"short_description": "Get the current node's grandparent, or None if it doesn't exist."}, "args": ["self"], "min_max_lineno": {"min_lineno": 433, "max_lineno": 440}}, "sibling": {"doc": {"short_description": "Get the current node's sibling, or None if it doesn't exist."}, "args": ["self"], "min_max_lineno": {"min_lineno": 441, "max_lineno": 450}}, "is_left": {"doc": {"short_description": "Returns true iff this node is the left child of its parent."}, "args": ["self"], "min_max_lineno": {"min_lineno": 451, "max_lineno": 456}}, "is_right": {"doc": {"short_description": "Returns true iff this node is the right child of its parent."}, "args": ["self"], "min_max_lineno": {"min_lineno": 457, "max_lineno": 462}}, "__bool__": {"args": ["self"], "min_max_lineno": {"min_lineno": 463, "max_lineno": 465}}, "__len__": {"doc": {"short_description": "Return the number of nodes in this tree."}, "args": ["self"], "returns": [["ln"]], "min_max_lineno": {"min_lineno": 466, "max_lineno": 476}, "calls": ["len", "len"]}, "preorder_traverse": {"args": ["self"], "min_max_lineno": {"min_lineno": 477, "max_lineno": 483}, "calls": ["red_black_tree.RedBlackTree.left.preorder_traverse", "red_black_tree.RedBlackTree.right.preorder_traverse"]}, "inorder_traverse": {"args": ["self"], "min_max_lineno": {"min_lineno": 484, "max_lineno": 490}, "calls": ["red_black_tree.RedBlackTree.left.inorder_traverse", "red_black_tree.RedBlackTree.right.inorder_traverse"]}, "postorder_traverse": {"args": ["self"], "min_max_lineno": {"min_lineno": 491, "max_lineno": 497}, "calls": ["red_black_tree.RedBlackTree.left.postorder_traverse", "red_black_tree.RedBlackTree.right.postorder_traverse"]}, "__repr__": {"args": ["self"], "min_max_lineno": {"min_lineno": 498, "max_lineno": 511}, "calls": ["pformat"]}, "__eq__": {"doc": {"short_description": "Test if two trees are equal."}, "args": ["self", "other"], "returns": [["NotImplemented"]], "min_max_lineno": {"min_lineno": 513, "max_lineno": 521}, "calls": ["isinstance"]}}}}, "functions": {"color": {"doc": {"short_description": "Returns the color of a node, allowing for None leaves."}, "args": ["node"], "min_max_lineno": {"min_lineno": 523, "max_lineno": 529}}, "test_rotations": {"doc": {"short_description": "Test that the rotate_left and rotate_right functions work."}, "min_max_lineno": {"min_lineno": 537, "max_lineno": 571}, "calls": ["red_black_tree.RedBlackTree", "red_black_tree.RedBlackTree", "red_black_tree.RedBlackTree", "red_black_tree.RedBlackTree", "red_black_tree.RedBlackTree", "red_black_tree.RedBlackTree", "red_black_tree.RedBlackTree", "red_black_tree.RedBlackTree", "red_black_tree.RedBlackTree", "red_black_tree.RedBlackTree", "red_black_tree.RedBlackTree", "red_black_tree.RedBlackTree", "red_black_tree.RedBlackTree", "red_black_tree.RedBlackTree", "tree.rotate_right.rotate_left", "tree.rotate_right.rotate_right", "tree.rotate_right.rotate_right", "red_black_tree.RedBlackTree", "red_black_tree.RedBlackTree", "red_black_tree.RedBlackTree", "red_black_tree.RedBlackTree", "red_black_tree.RedBlackTree", "red_black_tree.RedBlackTree", "red_black_tree.RedBlackTree"], "store_vars_calls": {"tree": "tree.rotate_right", "tree.left": "RedBlackTree", "tree.right": "RedBlackTree", "tree.left.left": "RedBlackTree", "tree.left.right": "RedBlackTree", "tree.right.left": "RedBlackTree", "tree.right.right": "RedBlackTree", "left_rot": "RedBlackTree", "left_rot.left": "RedBlackTree", "left_rot.left.left": "RedBlackTree", "left_rot.left.right": "RedBlackTree", "left_rot.left.left.left": "RedBlackTree", "left_rot.left.left.right": "RedBlackTree", "left_rot.right": "RedBlackTree", "right_rot": "RedBlackTree", "right_rot.left": "RedBlackTree", "right_rot.right": "RedBlackTree", "right_rot.right.left": "RedBlackTree", "right_rot.right.right": "RedBlackTree", "right_rot.right.right.left": "RedBlackTree", "right_rot.right.right.right": "RedBlackTree"}}, "test_insertion_speed": {"doc": {"long_description": "of them.", "short_description": "Test that the tree balances inserts to O(log(n)) by doing a lot"}, "min_max_lineno": {"min_lineno": 573, "max_lineno": 581}, "calls": ["red_black_tree.RedBlackTree", "range", "tree.insert.insert"], "store_vars_calls": {"tree": "tree.insert"}}, "test_insert": {"doc": {"long_description": "and inserts.", "short_description": "Test the insert() method of the tree correctly balances, colors,"}, "min_max_lineno": {"min_lineno": 583, "max_lineno": 602}, "calls": ["red_black_tree.RedBlackTree", "red_black_tree.RedBlackTree.insert", "red_black_tree.RedBlackTree.insert", "red_black_tree.RedBlackTree.insert", "red_black_tree.RedBlackTree.insert", "red_black_tree.RedBlackTree.insert", "red_black_tree.RedBlackTree.insert", "red_black_tree.RedBlackTree", "red_black_tree.RedBlackTree", "red_black_tree.RedBlackTree", "red_black_tree.RedBlackTree", "red_black_tree.RedBlackTree", "red_black_tree.RedBlackTree", "red_black_tree.RedBlackTree"], "store_vars_calls": {"tree": "RedBlackTree", "ans": "RedBlackTree", "ans.left": "RedBlackTree", "ans.right": "RedBlackTree", "ans.right.left": "RedBlackTree", "ans.right.right": "RedBlackTree", "ans.right.right.left": "RedBlackTree", "ans.right.right.right": "RedBlackTree"}}, "test_insert_and_search": {"doc": {"short_description": "Tests searching through the tree for values."}, "min_max_lineno": {"min_lineno": 604, "max_lineno": 620}, "calls": ["red_black_tree.RedBlackTree", "red_black_tree.RedBlackTree.insert", "red_black_tree.RedBlackTree.insert", "red_black_tree.RedBlackTree.insert", "red_black_tree.RedBlackTree.insert", "red_black_tree.RedBlackTree.insert", "red_black_tree.RedBlackTree.insert"], "store_vars_calls": {"tree": "RedBlackTree"}}, "test_insert_delete": {"doc": {"long_description": "insertion and removal of elements, and the balancing of the tree.", "short_description": "Test the insert() and delete() method of the tree, verifying the"}, "min_max_lineno": {"min_lineno": 622, "max_lineno": 644}, "calls": ["red_black_tree.RedBlackTree", "tree.remove.insert", "tree.remove.insert", "tree.remove.insert", "tree.remove.insert", "tree.remove.insert", "tree.remove.insert", "tree.remove.insert", "tree.remove.insert", "tree.remove.insert", "tree.remove.remove", "tree.remove.remove", "tree.remove.remove", "tree.remove.check_color_properties", "list", "tree.remove.inorder_traverse"], "store_vars_calls": {"tree": "tree.remove"}}, "test_floor_ceil": {"doc": {"short_description": "Tests the floor and ceiling functions in the tree."}, "min_max_lineno": {"min_lineno": 646, "max_lineno": 660}, "calls": ["red_black_tree.RedBlackTree", "red_black_tree.RedBlackTree.insert", "red_black_tree.RedBlackTree.insert", "red_black_tree.RedBlackTree.insert", "red_black_tree.RedBlackTree.insert", "red_black_tree.RedBlackTree.insert", "red_black_tree.RedBlackTree.insert", "red_black_tree.RedBlackTree.floor", "red_black_tree.RedBlackTree.ceil"], "store_vars_calls": {"tree": "RedBlackTree"}}, "test_min_max": {"doc": {"short_description": "Tests the min and max functions in the tree."}, "min_max_lineno": {"min_lineno": 662, "max_lineno": 674}, "calls": ["red_black_tree.RedBlackTree", "red_black_tree.RedBlackTree.insert", "red_black_tree.RedBlackTree.insert", "red_black_tree.RedBlackTree.insert", "red_black_tree.RedBlackTree.insert", "red_black_tree.RedBlackTree.insert", "red_black_tree.RedBlackTree.insert", "red_black_tree.RedBlackTree.get_max", "red_black_tree.RedBlackTree.get_min"], "store_vars_calls": {"tree": "RedBlackTree"}}, "test_tree_traversal": {"doc": {"short_description": "Tests the three different tree traversal functions."}, "min_max_lineno": {"min_lineno": 676, "max_lineno": 692}, "calls": ["red_black_tree.RedBlackTree", "tree.insert.insert", "tree.insert.insert", "tree.insert.insert", "tree.insert.insert", "tree.insert.insert", "tree.insert.insert", "list", "list", "list", "tree.insert.inorder_traverse", "tree.insert.preorder_traverse", "tree.insert.postorder_traverse"], "store_vars_calls": {"tree": "tree.insert"}}, "test_tree_chaining": {"doc": {"short_description": "Tests the three different tree chaining functions."}, "min_max_lineno": {"min_lineno": 694, "max_lineno": 705}, "calls": ["red_black_tree.RedBlackTree", "tree.insert().insert().insert().insert().insert().insert.insert().insert().insert().insert().insert().insert", "list", "list", "list", "tree.insert().insert().insert().insert().insert().insert.insert().insert().insert().insert().insert", "tree.insert().insert().insert().insert().insert().insert.inorder_traverse", "tree.insert().insert().insert().insert().insert().insert.preorder_traverse", "tree.insert().insert().insert().insert().insert().insert.postorder_traverse", "tree.insert().insert().insert().insert().insert().insert.insert().insert().insert().insert", "tree.insert().insert().insert().insert().insert().insert.insert().insert().insert", "tree.insert().insert().insert().insert().insert().insert.insert().insert", "tree.insert().insert().insert().insert().insert().insert.insert"], "store_vars_calls": {"tree": "tree.insert().insert().insert().insert().insert().insert"}}, "print_results": {"args": ["msg", "passes"], "min_max_lineno": {"min_lineno": 707, "max_lineno": 709}, "calls": ["print", "str"]}, "pytests": {"min_max_lineno": {"min_lineno": 711, "max_lineno": 719}, "calls": ["red_black_tree.test_rotations", "red_black_tree.test_insert", "red_black_tree.test_insert_and_search", "red_black_tree.test_insert_delete", "red_black_tree.test_floor_ceil", "red_black_tree.test_tree_traversal", "red_black_tree.test_tree_chaining"]}, "main": {"doc": {"short_description": ">>> pytests()"}, "min_max_lineno": {"min_lineno": 721, "max_lineno": 736}, "calls": ["red_black_tree.print_results", "red_black_tree.print_results", "red_black_tree.print_results", "red_black_tree.print_results", "red_black_tree.print_results", "red_black_tree.print_results", "red_black_tree.print_results", "print", "print", "red_black_tree.test_insertion_speed", "print", "red_black_tree.test_rotations", "red_black_tree.test_insert", "red_black_tree.test_insert_and_search", "red_black_tree.test_insert_delete", "red_black_tree.test_floor_ceil", "red_black_tree.test_tree_traversal", "red_black_tree.test_tree_chaining"]}}, "main_info": {"main_flag": 1, "main_function": "red_black_tree.main", "type": "script"}, "is_test": true}