{"file": {"path": "/Users/rakshithagnanasekaran/desktop/Python/data_structures/binary_tree/segment_tree.py", "fileNameBase": "segment_tree", "extension": "py"}, "dependencies": [{"import": "math", "type": "external"}], "classes": {"SegmentTree": {"min_max_lineno": {"min_lineno": 4, "max_lineno": 66}, "methods": {"__init__": {"args": ["self", "A"], "min_max_lineno": {"min_lineno": 5, "max_lineno": 11}, "calls": ["len", "segment_tree.SegmentTree.build"], "store_vars_calls": {"self.N": "len"}}, "left": {"args": ["self", "idx"], "min_max_lineno": {"min_lineno": 12, "max_lineno": 14}}, "right": {"args": ["self", "idx"], "min_max_lineno": {"min_lineno": 15, "max_lineno": 17}}, "build": {"args": ["self", "idx", "l", "r"], "min_max_lineno": {"min_lineno": 18, "max_lineno": 26}, "calls": ["segment_tree.SegmentTree.build", "segment_tree.SegmentTree.build", "max", "segment_tree.SegmentTree.left", "segment_tree.SegmentTree.right", "segment_tree.SegmentTree.left", "segment_tree.SegmentTree.right"]}, "update": {"args": ["self", "a", "b", "val"], "min_max_lineno": {"min_lineno": 27, "max_lineno": 29}, "calls": ["segment_tree.SegmentTree.update_recursive"]}, "update_recursive": {"doc": {"short_description": "update(1, 1, N, a, b, v) for update val v to [a,b]"}, "args": ["self", "idx", "l", "r", "a", "b", "val"], "min_max_lineno": {"min_lineno": 30, "max_lineno": 44}, "calls": ["segment_tree.SegmentTree.update_recursive", "segment_tree.SegmentTree.update_recursive", "max", "segment_tree.SegmentTree.left", "segment_tree.SegmentTree.right", "segment_tree.SegmentTree.left", "segment_tree.SegmentTree.right"]}, "query": {"args": ["self", "a", "b"], "min_max_lineno": {"min_lineno": 45, "max_lineno": 47}, "calls": ["segment_tree.SegmentTree.query_recursive"]}, "query_recursive": {"doc": {"short_description": "query(1, 1, N, a, b) for query max of [a,b]"}, "args": ["self", "idx", "l", "r", "a", "b"], "min_max_lineno": {"min_lineno": 48, "max_lineno": 60}, "calls": ["segment_tree.SegmentTree.query_recursive", "segment_tree.SegmentTree.query_recursive", "max", "segment_tree.SegmentTree.left", "segment_tree.SegmentTree.right"], "store_vars_calls": {"q1": "self.query_recursive", "q2": "self.query_recursive"}}, "showData": {"args": ["self"], "min_max_lineno": {"min_lineno": 61, "max_lineno": 66}, "calls": ["range", "print", "segment_tree.SegmentTree.query"]}}}}, "main_info": {"main_flag": 1, "main_function": "segment_tree.SegmentTree", "type": "script"}, "is_test": false}