{"file": {"path": "/Users/rakshithagnanasekaran/desktop/Python/data_structures/binary_tree/segment_tree_other.py", "fileNameBase": "segment_tree_other", "extension": "py", "doc": {"long_description": "allowing queries to be done later in log(N) time\nfunction takes 2 values and returns a same type value", "short_description": "Segment_tree creates a segment tree with a given array and function,", "full": "Segment_tree creates a segment tree with a given array and function,\nallowing queries to be done later in log(N) time\nfunction takes 2 values and returns a same type value"}}, "dependencies": [{"from_module": "collections.abc", "import": "Sequence", "type": "external"}, {"from_module": "queue", "import": "Queue", "type": "external"}], "classes": {"SegmentTreeNode": {"min_max_lineno": {"min_lineno": 10, "max_lineno": 21}, "methods": {"__init__": {"args": ["self", "start", "end", "val", "left", "right"], "min_max_lineno": {"min_lineno": 11, "max_lineno": 18}}, "__str__": {"args": ["self"], "min_max_lineno": {"min_lineno": 19, "max_lineno": 21}}}}, "SegmentTree": {"doc": {"long_description": ">>> num_arr = SegmentTree([2, 1, 5, 3, 4], operator.add)\n>>> for node in num_arr.traverse():\n...     print(node)\n...\nval: 15, start: 0, end: 4\nval: 8, start: 0, end: 2\nval: 7, start: 3, end: 4\nval: 3, start: 0, end: 1\nval: 5, start: 2, end: 2\nval: 3, start: 3, end: 3\nval: 4, start: 4, end: 4\nval: 2, start: 0, end: 0\nval: 1, start: 1, end: 1\n>>>\n>>> num_arr.update(1, 5)\n>>> for node in num_arr.traverse():\n...     print(node)\n...\nval: 19, start: 0, end: 4\nval: 12, start: 0, end: 2\nval: 7, start: 3, end: 4\nval: 7, start: 0, end: 1\nval: 5, start: 2, end: 2\nval: 3, start: 3, end: 3\nval: 4, start: 4, end: 4\nval: 2, start: 0, end: 0\nval: 5, start: 1, end: 1\n>>>\n>>> num_arr.query_range(3, 4)\n7\n>>> num_arr.query_range(2, 2)\n5\n>>> num_arr.query_range(1, 3)\n13\n>>>\n>>> max_arr = SegmentTree([2, 1, 5, 3, 4], max)\n>>> for node in max_arr.traverse():\n...     print(node)\n...\nval: 5, start: 0, end: 4\nval: 5, start: 0, end: 2\nval: 4, start: 3, end: 4\nval: 2, start: 0, end: 1\nval: 5, start: 2, end: 2\nval: 3, start: 3, end: 3\nval: 4, start: 4, end: 4\nval: 2, start: 0, end: 0\nval: 1, start: 1, end: 1\n>>>\n>>> max_arr.update(1, 5)\n>>> for node in max_arr.traverse():\n...     print(node)\n...\nval: 5, start: 0, end: 4\nval: 5, start: 0, end: 2\nval: 4, start: 3, end: 4\nval: 5, start: 0, end: 1\nval: 5, start: 2, end: 2\nval: 3, start: 3, end: 3\nval: 4, start: 4, end: 4\nval: 2, start: 0, end: 0\nval: 5, start: 1, end: 1\n>>>\n>>> max_arr.query_range(3, 4)\n4\n>>> max_arr.query_range(2, 2)\n5\n>>> max_arr.query_range(1, 3)\n5\n>>>\n>>> min_arr = SegmentTree([2, 1, 5, 3, 4], min)\n>>> for node in min_arr.traverse():\n...     print(node)\n...\nval: 1, start: 0, end: 4\nval: 1, start: 0, end: 2\nval: 3, start: 3, end: 4\nval: 1, start: 0, end: 1\nval: 5, start: 2, end: 2\nval: 3, start: 3, end: 3\nval: 4, start: 4, end: 4\nval: 2, start: 0, end: 0\nval: 1, start: 1, end: 1\n>>>\n>>> min_arr.update(1, 5)\n>>> for node in min_arr.traverse():\n...     print(node)\n...\nval: 2, start: 0, end: 4\nval: 2, start: 0, end: 2\nval: 3, start: 3, end: 4\nval: 2, start: 0, end: 1\nval: 5, start: 2, end: 2\nval: 3, start: 3, end: 3\nval: 4, start: 4, end: 4\nval: 2, start: 0, end: 0\nval: 5, start: 1, end: 1\n>>>\n>>> min_arr.query_range(3, 4)\n3\n>>> min_arr.query_range(2, 2)\n5\n>>> min_arr.query_range(1, 3)\n3\n>>>", "short_description": ">>> import operator", "full": ">>> import operator\n>>> num_arr = SegmentTree([2, 1, 5, 3, 4], operator.add)\n>>> for node in num_arr.traverse():\n...     print(node)\n...\nval: 15, start: 0, end: 4\nval: 8, start: 0, end: 2\nval: 7, start: 3, end: 4\nval: 3, start: 0, end: 1\nval: 5, start: 2, end: 2\nval: 3, start: 3, end: 3\nval: 4, start: 4, end: 4\nval: 2, start: 0, end: 0\nval: 1, start: 1, end: 1\n>>>\n>>> num_arr.update(1, 5)\n>>> for node in num_arr.traverse():\n...     print(node)\n...\nval: 19, start: 0, end: 4\nval: 12, start: 0, end: 2\nval: 7, start: 3, end: 4\nval: 7, start: 0, end: 1\nval: 5, start: 2, end: 2\nval: 3, start: 3, end: 3\nval: 4, start: 4, end: 4\nval: 2, start: 0, end: 0\nval: 5, start: 1, end: 1\n>>>\n>>> num_arr.query_range(3, 4)\n7\n>>> num_arr.query_range(2, 2)\n5\n>>> num_arr.query_range(1, 3)\n13\n>>>\n>>> max_arr = SegmentTree([2, 1, 5, 3, 4], max)\n>>> for node in max_arr.traverse():\n...     print(node)\n...\nval: 5, start: 0, end: 4\nval: 5, start: 0, end: 2\nval: 4, start: 3, end: 4\nval: 2, start: 0, end: 1\nval: 5, start: 2, end: 2\nval: 3, start: 3, end: 3\nval: 4, start: 4, end: 4\nval: 2, start: 0, end: 0\nval: 1, start: 1, end: 1\n>>>\n>>> max_arr.update(1, 5)\n>>> for node in max_arr.traverse():\n...     print(node)\n...\nval: 5, start: 0, end: 4\nval: 5, start: 0, end: 2\nval: 4, start: 3, end: 4\nval: 5, start: 0, end: 1\nval: 5, start: 2, end: 2\nval: 3, start: 3, end: 3\nval: 4, start: 4, end: 4\nval: 2, start: 0, end: 0\nval: 5, start: 1, end: 1\n>>>\n>>> max_arr.query_range(3, 4)\n4\n>>> max_arr.query_range(2, 2)\n5\n>>> max_arr.query_range(1, 3)\n5\n>>>\n>>> min_arr = SegmentTree([2, 1, 5, 3, 4], min)\n>>> for node in min_arr.traverse():\n...     print(node)\n...\nval: 1, start: 0, end: 4\nval: 1, start: 0, end: 2\nval: 3, start: 3, end: 4\nval: 1, start: 0, end: 1\nval: 5, start: 2, end: 2\nval: 3, start: 3, end: 3\nval: 4, start: 4, end: 4\nval: 2, start: 0, end: 0\nval: 1, start: 1, end: 1\n>>>\n>>> min_arr.update(1, 5)\n>>> for node in min_arr.traverse():\n...     print(node)\n...\nval: 2, start: 0, end: 4\nval: 2, start: 0, end: 2\nval: 3, start: 3, end: 4\nval: 2, start: 0, end: 1\nval: 5, start: 2, end: 2\nval: 3, start: 3, end: 3\nval: 4, start: 4, end: 4\nval: 2, start: 0, end: 0\nval: 5, start: 1, end: 1\n>>>\n>>> min_arr.query_range(3, 4)\n3\n>>> min_arr.query_range(2, 2)\n5\n>>> min_arr.query_range(1, 3)\n3\n>>>"}, "min_max_lineno": {"min_lineno": 23, "max_lineno": 221}, "methods": {"__init__": {"args": ["self", "collection", "function"], "min_max_lineno": {"min_lineno": 134, "max_lineno": 139}, "calls": ["segment_tree_other.SegmentTree._build_tree", "len"], "store_vars_calls": {"self.root": "self._build_tree"}}, "update": {"doc": {"short_description": "Update an element in log(N) time", "args": {"i": {"description": "position to be update"}, "val": {"description": "new value\n>>> import operator\n>>> num_arr = SegmentTree([2, 1, 5, 3, 4], operator.add)\n>>> num_arr.update(1, 5)\n>>> num_arr.query_range(1, 3)\n13"}}}, "args": ["self", "i", "val"], "min_max_lineno": {"min_lineno": 140, "max_lineno": 152}, "calls": ["segment_tree_other.SegmentTree._update_tree"]}, "query_range": {"doc": {"short_description": "Get range query value in log(N) time", "args": {"i": {"description": "left element index"}, "j": {"description": "right element index"}}, "returns": {"description": "element combined in the range [i, j]\n>>> import operator\n>>> num_arr = SegmentTree([2, 1, 5, 3, 4], operator.add)\n>>> num_arr.update(1, 5)\n>>> num_arr.query_range(3, 4)\n7\n>>> num_arr.query_range(2, 2)\n5\n>>> num_arr.query_range(1, 3)\n13\n>>>", "is_generator": false}}, "args": ["self", "i", "j"], "min_max_lineno": {"min_lineno": 153, "max_lineno": 171}, "calls": ["segment_tree_other.SegmentTree._query_range"]}, "_build_tree": {"args": ["self", "start", "end"], "min_max_lineno": {"min_lineno": 172, "max_lineno": 179}, "calls": ["segment_tree_other.SegmentTree._build_tree", "segment_tree_other.SegmentTree._build_tree", "segment_tree_other.SegmentTreeNode", "segment_tree_other.SegmentTreeNode", "segment_tree_other.SegmentTree.fn"], "store_vars_calls": {"left": "self._build_tree", "right": "self._build_tree"}}, "_update_tree": {"args": ["self", "node", "i", "val"], "min_max_lineno": {"min_lineno": 180, "max_lineno": 189}, "calls": ["segment_tree_other.SegmentTree.fn", "segment_tree_other.SegmentTree._update_tree", "segment_tree_other.SegmentTree._update_tree"], "store_vars_calls": {"node.val": "self.fn"}}, "_query_range": {"args": ["self", "node", "i", "j"], "min_max_lineno": {"min_lineno": 190, "max_lineno": 207}, "calls": ["segment_tree_other.SegmentTree._query_range", "segment_tree_other.SegmentTree._query_range", "segment_tree_other.SegmentTree.fn", "segment_tree_other.SegmentTree._query_range", "segment_tree_other.SegmentTree._query_range"]}, "traverse": {"args": ["self"], "min_max_lineno": {"min_lineno": 208, "max_lineno": 221}, "calls": ["queue.Queue.Queue", "queue.Queue.Queue.put", "queue.Queue.Queue.empty", "queue.Queue.Queue.get", "queue.Queue.Queue.put", "queue.Queue.Queue.put"], "store_vars_calls": {"queue": "Queue", "node": "queue.get"}}}}}, "main_info": {"main_flag": 1, "type": "script"}, "is_test": false}