{"file": {"path": "/Users/rakshithagnanasekaran/desktop/Python/data_structures/binary_tree/treap.py", "fileNameBase": "treap", "extension": "py"}, "dependencies": [{"from_module": "__future__", "import": "annotations", "type": "external"}, {"from_module": "random", "import": "random", "type": "external"}], "classes": {"Node": {"doc": {"long_description": "Treap is a binary tree by value and heap by priority", "short_description": "Treap's node", "full": "Treap's node\nTreap is a binary tree by value and heap by priority"}, "min_max_lineno": {"min_lineno": 6, "max_lineno": 33}, "methods": {"__init__": {"args": ["self", "value"], "min_max_lineno": {"min_lineno": 12, "max_lineno": 17}, "calls": ["random.random.random"], "store_vars_calls": {"self.prior": "random"}}, "__repr__": {"args": ["self"], "min_max_lineno": {"min_lineno": 18, "max_lineno": 26}, "calls": ["pformat"]}, "__str__": {"args": ["self"], "min_max_lineno": {"min_lineno": 28, "max_lineno": 33}, "calls": ["str", "str", "str"], "store_vars_calls": {"left": "str", "right": "str"}}}}}, "functions": {"split": {"doc": {"long_description": "Left tree contains all values less than split value.\nRight tree contains all values greater or equal, than split value", "short_description": "We split current tree into 2 trees with value:"}, "args": ["root", "value"], "returns": [["left", "root"], ["root", "right"]], "min_max_lineno": {"min_lineno": 35, "max_lineno": 62}, "calls": ["treap.split", "treap.split"]}, "merge": {"doc": {"long_description": "Note: all left tree's values must be less than all right tree's", "short_description": "We merge 2 trees into one."}, "args": ["left", "right"], "returns": [["left"], ["right"]], "min_max_lineno": {"min_lineno": 64, "max_lineno": 84}, "calls": ["treap.merge", "treap.merge"], "store_vars_calls": {"left.right": "merge", "right.left": "merge"}}, "insert": {"doc": {"long_description": "Split current tree with a value into left, right,\nInsert new node into the middle\nMerge left, node, right into root", "short_description": "Insert element"}, "args": ["root", "value"], "min_max_lineno": {"min_lineno": 86, "max_lineno": 97}, "calls": ["treap.Node", "treap.split", "treap.merge", "treap.merge"], "store_vars_calls": {"node": "Node"}}, "erase": {"doc": {"long_description": "Split all nodes with values less into left,\nSplit all nodes with values greater into right.\nMerge left, right", "short_description": "Erase element"}, "args": ["root", "value"], "min_max_lineno": {"min_lineno": 99, "max_lineno": 110}, "calls": ["treap.split", "treap.split", "treap.merge"]}, "inorder": {"doc": {"short_description": "Just recursive print of a tree"}, "args": ["root"], "min_max_lineno": {"min_lineno": 112, "max_lineno": 122}, "calls": ["treap.inorder", "print", "treap.inorder"]}, "interactTreap": {"doc": {"long_description": "+ value to add value into treap\n- value to erase all nodes with value\n\n    >>> root = interactTreap(None, \"+1\")\n    >>> inorder(root)\n    1,\n    >>> root = interactTreap(root, \"+3 +5 +17 +19 +2 +16 +4 +0\")\n    >>> inorder(root)\n    0,1,2,3,4,5,16,17,19,\n    >>> root = interactTreap(root, \"+4 +4 +4\")\n    >>> inorder(root)\n    0,1,2,3,4,4,4,4,5,16,17,19,\n    >>> root = interactTreap(root, \"-0\")\n    >>> inorder(root)\n    1,2,3,4,4,4,4,5,16,17,19,\n    >>> root = interactTreap(root, \"-4\")\n    >>> inorder(root)\n    1,2,3,5,16,17,19,\n    >>> root = interactTreap(root, \"=0\")\n    Unknown command", "short_description": "Commands:"}, "args": ["root", "args"], "returns": [["root"]], "min_max_lineno": {"min_lineno": 124, "max_lineno": 159}, "calls": ["args.split", "treap.insert", "int", "treap.erase", "print", "int"], "store_vars_calls": {"root": "erase"}}, "main": {"doc": {"short_description": "After each command, program prints treap"}, "min_max_lineno": {"min_lineno": 161, "max_lineno": 176}, "calls": ["print", "input", "print", "treap.interactTreap", "print", "input"], "store_vars_calls": {"args": "input", "root": "interactTreap"}}}, "main_info": {"main_flag": 1, "type": "script"}, "is_test": false}