{"file": {"path": "/Users/rakshithagnanasekaran/desktop/Python/data_structures/binary_tree/wavelet_tree.py", "fileNameBase": "wavelet_tree", "extension": "py", "doc": {"long_description": "for arrays. Wavelets trees are different from other binary trees in the sense that\nthe nodes are split based on the actual values of the elements and not on indices,\nsuch as the with segment trees or fenwick trees. You can read more about them here:\n1. https://users.dcc.uchile.cl/~jperez/papers/ioiconf16.pdf\n2. https://www.youtube.com/watch?v=4aSv9PcecDw&t=811s\n3. https://www.youtube.com/watch?v=CybAgVF-MMc&t=1178s", "short_description": "Wavelet tree is a data-structure designed to efficiently answer various range queries", "full": "Wavelet tree is a data-structure designed to efficiently answer various range queries\nfor arrays. Wavelets trees are different from other binary trees in the sense that\nthe nodes are split based on the actual values of the elements and not on indices,\nsuch as the with segment trees or fenwick trees. You can read more about them here:\n1. https://users.dcc.uchile.cl/~jperez/papers/ioiconf16.pdf\n2. https://www.youtube.com/watch?v=4aSv9PcecDw&t=811s\n3. https://www.youtube.com/watch?v=CybAgVF-MMc&t=1178s"}}, "dependencies": [{"from_module": "__future__", "import": "annotations", "type": "external"}], "classes": {"Node": {"min_max_lineno": {"min_lineno": 15, "max_lineno": 32}, "methods": {"__init__": {"args": ["self", "length"], "min_max_lineno": {"min_lineno": 16, "max_lineno": 22}}, "__repr__": {"doc": {"long_description": ">>> repr(node)\n'min_value: -1, max_value: -1'\n>>> repr(node) == str(node)\nTrue", "short_description": ">>> node = Node(length=27)"}, "args": ["self"], "min_max_lineno": {"min_lineno": 23, "max_lineno": 32}}}}}, "functions": {"build_tree": {"doc": {"long_description": "of the constructed tree\n\n>>> build_tree(test_array)\nmin_value: 0, max_value: 9", "short_description": "Builds the tree for arr and returns the root"}, "args": ["arr"], "returns": [["root"], ["root"]], "min_max_lineno": {"min_lineno": 34, "max_lineno": 67}, "calls": ["wavelet_tree.Node", "enumerate", "wavelet_tree.build_tree", "wavelet_tree.build_tree", "len", "min", "max", "len", "left_arr.append", "right_arr.append"], "store_vars_calls": {"root": "Node", "root.left": "build_tree", "root.right": "build_tree"}}, "rank_till_index": {"doc": {"long_description": ">>> root = build_tree(test_array)\n>>> rank_till_index(root, 6, 6)\n1\n>>> rank_till_index(root, 2, 0)\n1\n>>> rank_till_index(root, 1, 10)\n2\n>>> rank_till_index(root, 17, 7)\n0\n>>> rank_till_index(root, 0, 9)\n1", "short_description": "Returns the number of occurrences of num in interval [0, index] in the list"}, "args": ["node", "num", "index"], "min_max_lineno": {"min_lineno": 69, "max_lineno": 97}, "calls": ["wavelet_tree.rank_till_index", "wavelet_tree.rank_till_index"]}, "rank": {"doc": {"long_description": ">>> root = build_tree(test_array)\n>>> rank(root, 6, 3, 13)\n2\n>>> rank(root, 2, 0, 19)\n4\n>>> rank(root, 9, 2 ,2)\n0\n>>> rank(root, 0, 5, 10)\n2", "short_description": "Returns the number of occurrences of num in interval [start, end] in the list"}, "args": ["node", "num", "start", "end"], "min_max_lineno": {"min_lineno": 99, "max_lineno": 118}, "calls": ["wavelet_tree.rank_till_index", "wavelet_tree.rank_till_index"], "store_vars_calls": {"rank_till_end": "rank_till_index", "rank_before_start": "rank_till_index"}}, "quantile": {"doc": {"long_description": "index is 0-indexed\n\n>>> root = build_tree(test_array)\n>>> quantile(root, 2, 2, 5)\n5\n>>> quantile(root, 5, 2, 13)\n4\n>>> quantile(root, 0, 6, 6)\n8\n>>> quantile(root, 4, 2, 5)\n-1", "short_description": "Returns the index'th smallest element in interval [start, end] in the list"}, "args": ["node", "index", "start", "end"], "min_max_lineno": {"min_lineno": 120, "max_lineno": 157}, "calls": ["wavelet_tree.quantile", "wavelet_tree.quantile"]}, "range_counting": {"doc": {"long_description": "in interval [start, end] in the list\n\n>>> root = build_tree(test_array)\n>>> range_counting(root, 1, 10, 3, 7)\n3\n>>> range_counting(root, 2, 2, 1, 4)\n1\n>>> range_counting(root, 0, 19, 0, 100)\n20\n>>> range_counting(root, 1, 0, 1, 100)\n0\n>>> range_counting(root, 0, 17, 100, 1)\n0", "short_description": "Returns the number of elements in range [start_num, end_num]"}, "args": ["node", "start", "end", "start_num", "end_num"], "min_max_lineno": {"min_lineno": 160, "max_lineno": 204}, "calls": ["wavelet_tree.range_counting", "wavelet_tree.range_counting"], "store_vars_calls": {"left": "range_counting", "right": "range_counting"}}}, "main_info": {"main_flag": 1, "type": "script"}, "is_test": false}