{"file": {"path": "/Users/rakshithagnanasekaran/desktop/Python/geodesy/haversine_distance.py", "fileNameBase": "haversine_distance", "extension": "py"}, "dependencies": [{"from_module": "math", "import": "asin", "type": "external"}, {"from_module": "math", "import": "atan", "type": "external"}, {"from_module": "math", "import": "cos", "type": "external"}, {"from_module": "math", "import": "radians", "type": "external"}, {"from_module": "math", "import": "sin", "type": "external"}, {"from_module": "math", "import": "sqrt", "type": "external"}, {"from_module": "math", "import": "tan", "type": "external"}], "functions": {"haversine_distance": {"doc": {"long_description": "given longitudes and latitudes https://en.wikipedia.org/wiki/Haversine_formula\n\nWe know that the globe is \"sort of\" spherical, so a path between two points\nisn't exactly a straight line. We need to account for the Earth's curvature\nwhen calculating distance from point A to B. This effect is negligible for\nsmall distances but adds up as distance increases. The Haversine method treats\nthe earth as a sphere which allows us to \"project\" the two points A and B\nonto the surface of that sphere and approximate the spherical distance between\nthem. Since the Earth is not a perfect sphere, other methods which model the\nEarth's ellipsoidal nature are more accurate but a quick and modifiable\ncomputation like Haversine can be handy for shorter range distances.", "short_description": "Calculate great circle distance between two points in a sphere,", "args": {"lat1, lon1": {"description": "latitude and longitude of coordinate 1"}, "lat2, lon2": {"description": "latitude and longitude of coordinate 2"}}, "returns": {"description": "geographical distance between two points in metres\n>>> from collections import namedtuple\n>>> point_2d = namedtuple(\"point_2d\", \"lat lon\")\n>>> SAN_FRANCISCO = point_2d(37.774856, -122.424227)\n>>> YOSEMITE = point_2d(37.864742, -119.537521)\n>>> f\"{haversine_distance(*SAN_FRANCISCO, *YOSEMITE):0,.0f} meters\"\n'254,352 meters'", "is_generator": false}}, "args": ["lat1", "lon1", "lat2", "lon2"], "min_max_lineno": {"min_lineno": 4, "max_lineno": 51}, "calls": ["math.atan", "math.atan", "math.radians", "math.radians", "math.sin", "math.sin", "math.sqrt", "math.asin", "math.tan", "math.tan", "math.radians", "math.radians", "math.cos", "math.cos"], "store_vars_calls": {"phi_1": "atan", "phi_2": "atan", "lambda_1": "radians", "lambda_2": "radians", "sin_sq_phi": "sin", "sin_sq_lambda": "sin", "h_value": "sqrt"}}}, "main_info": {"main_flag": 1, "type": "script"}, "is_test": false}