{"file": {"path": "/Users/rakshithagnanasekaran/desktop/Python/geodesy/lamberts_ellipsoidal_distance.py", "fileNameBase": "lamberts_ellipsoidal_distance", "extension": "py"}, "dependencies": [{"from_module": "math", "import": "atan", "type": "external"}, {"from_module": "math", "import": "cos", "type": "external"}, {"from_module": "math", "import": "radians", "type": "external"}, {"from_module": "math", "import": "sin", "type": "external"}, {"from_module": "math", "import": "tan", "type": "external"}, {"from_module": "haversine_distance", "import": "haversine_distance", "type": "internal"}], "functions": {"lamberts_ellipsoidal_distance": {"doc": {"long_description": "two points on the surface of earth given longitudes and latitudes\nhttps://en.wikipedia.org/wiki/Geographical_distance#Lambert's_formula_for_long_lines\n\nNOTE: This algorithm uses geodesy/haversine_distance.py to compute central angle,\n    sigma\n\nRepresenting the earth as an ellipsoid allows us to approximate distances between\npoints on the surface much better than a sphere. Ellipsoidal formulas treat the\nEarth as an oblate ellipsoid which means accounting for the flattening that happens\nat the North and South poles. Lambert's formulae provide accuracy on the order of\n10 meteres over thousands of kilometeres. Other methods can provide\nmillimeter-level accuracy but this is a simpler method to calculate long range\ndistances without increasing computational intensity.", "short_description": "Calculate the shortest distance along the surface of an ellipsoid between", "args": {"lat1, lon1": {"description": "latitude and longitude of coordinate 1"}, "lat2, lon2": {"description": "latitude and longitude of coordinate 2"}}, "returns": {"description": "geographical distance between two points in metres\n\n>>> from collections import namedtuple\n>>> point_2d = namedtuple(\"point_2d\", \"lat lon\")\n>>> SAN_FRANCISCO = point_2d(37.774856, -122.424227)\n>>> YOSEMITE = point_2d(37.864742, -119.537521)\n>>> NEW_YORK = point_2d(40.713019, -74.012647)\n>>> VENICE = point_2d(45.443012, 12.313071)\n>>> f\"{lamberts_ellipsoidal_distance(*SAN_FRANCISCO, *YOSEMITE):0,.0f} meters\"\n'254,351 meters'\n>>> f\"{lamberts_ellipsoidal_distance(*SAN_FRANCISCO, *NEW_YORK):0,.0f} meters\"\n'4,138,992 meters'\n>>> f\"{lamberts_ellipsoidal_distance(*SAN_FRANCISCO, *VENICE):0,.0f} meters\"\n'9,737,326 meters'", "is_generator": false}}, "args": ["lat1", "lon1", "lat2", "lon2"], "min_max_lineno": {"min_lineno": 6, "max_lineno": 81}, "calls": ["math.atan", "math.atan", "haversine_distance.haversine_distance", "math.cos", "math.sin", "math.tan", "math.tan", "math.sin", "math.cos", "math.sin", "math.cos", "math.sin", "math.sin", "math.radians", "math.radians"], "store_vars_calls": {"b_lat1": "atan", "b_lat2": "atan"}}}, "main_info": {"main_flag": 1, "type": "script"}, "is_test": false}