{"file": {"path": "/Users/rakshithagnanasekaran/desktop/inspect4py/test/test_files/BoostingMonocularDepth/structuredrl/models/syncbn/modules/functional/_syncbn/build.py", "fileNameBase": "build", "extension": "py"}, "dependencies": [{"import": "os", "type": "external"}, {"from_module": "torch.utils.ffi", "import": "create_extension", "type": "external"}], "body": {"calls": ["os.path.dirname", "os.path.realpath", "torch.utils.ffi.create_extension"], "store_vars_calls": {"this_file": "os.path.dirname", "ffi": "create_extension"}}, "main_info": {"main_flag": 1, "main_function": "build.ffi.build", "type": "script"}, "is_test": false}