{"file": {"path": "/Users/rakshithagnanasekaran/desktop/Python/conversions/binary_to_octal.py", "fileNameBase": "binary_to_octal", "extension": "py", "doc": {"long_description": ">>> bin_to_octal(\"1111\")\n'17'\n\n>>> bin_to_octal(\"101010101010011\")\n'52523'\n\n>>> bin_to_octal(\"\")\nTraceback (most recent call last):\n...\nValueError: Empty string was passed to the function\n>>> bin_to_octal(\"a-1\")\nTraceback (most recent call last):\n...\nValueError: Non-binary value was passed to the function", "short_description": "The function below will convert any binary string to the octal equivalent.", "full": "The function below will convert any binary string to the octal equivalent.\n\n>>> bin_to_octal(\"1111\")\n'17'\n\n>>> bin_to_octal(\"101010101010011\")\n'52523'\n\n>>> bin_to_octal(\"\")\nTraceback (most recent call last):\n...\nValueError: Empty string was passed to the function\n>>> bin_to_octal(\"a-1\")\nTraceback (most recent call last):\n...\nValueError: Non-binary value was passed to the function"}}, "functions": {"bin_to_octal": {"args": ["bin_string"], "returns": [["oct_string"]], "min_max_lineno": {"min_lineno": 21, "max_lineno": 40}, "calls": ["all", "ValueError", "ValueError", "enumerate", "str", "len", "range", "int", "len", "int"]}}, "main_info": {"main_flag": 1, "type": "script"}, "is_test": false}