{"file": {"path": "/Users/rakshithagnanasekaran/desktop/Python/conversions/binary_to_decimal.py", "fileNameBase": "binary_to_decimal", "extension": "py"}, "functions": {"bin_to_decimal": {"doc": {"long_description": ">>> bin_to_decimal(\"101\")\n5\n>>> bin_to_decimal(\" 1010   \")\n10\n>>> bin_to_decimal(\"-11101\")\n-29\n>>> bin_to_decimal(\"0\")\n0\n>>> bin_to_decimal(\"a\")\nTraceback (most recent call last):\n...\nValueError: Non-binary value was passed to the function\n>>> bin_to_decimal(\"\")\nTraceback (most recent call last):\n...\nValueError: Empty string was passed to the function\n>>> bin_to_decimal(\"39\")\nTraceback (most recent call last):\n...\nValueError: Non-binary value was passed to the function", "short_description": "Convert a binary value to its decimal equivalent"}, "args": ["bin_string"], "min_max_lineno": {"min_lineno": 1, "max_lineno": 38}, "calls": ["str().strip", "ValueError", "all", "ValueError", "str", "int"], "store_vars_calls": {"bin_string": "str().strip"}}}, "main_info": {"main_flag": 1, "type": "script"}, "is_test": false}