{"file": {"path": "/Users/rakshithagnanasekaran/desktop/Python/conversions/binary_to_hexadecimal.py", "fileNameBase": "binary_to_hexadecimal", "extension": "py"}, "functions": {"bin_to_hexadecimal": {"doc": {"long_description": ">>> bin_to_hexadecimal('101011111')\n'0x15f'\n>>> bin_to_hexadecimal(' 1010   ')\n'0x0a'\n>>> bin_to_hexadecimal('-11101')\n'-0x1d'\n>>> bin_to_hexadecimal('a')\nTraceback (most recent call last):\n...\nValueError: Non-binary value was passed to the function\n>>> bin_to_hexadecimal('')\nTraceback (most recent call last):\n...\nValueError: Empty string was passed to the function", "short_description": "Converting a binary string into hexadecimal using Grouping Method"}, "args": ["binary_str"], "min_max_lineno": {"min_lineno": 1, "max_lineno": 60}, "calls": ["str().strip", "range", "ValueError", "all", "ValueError", "len", "hexadecimal.append", "str", "len", "divmod", "len"], "store_vars_calls": {"binary_str": "str().strip"}}}, "main_info": {"main_flag": 1, "type": "script"}, "is_test": false}