{"file": {"path": "/Users/rakshithagnanasekaran/desktop/Python/conversions/decimal_to_binary_recursion.py", "fileNameBase": "decimal_to_binary_recursion", "extension": "py"}, "functions": {"binary_recursive": {"doc": {"long_description": ">>> binary_recursive(1000)\n'1111101000'\n>>> binary_recursive(\"72\")\n'1001000'\n>>> binary_recursive(\"number\")\nTraceback (most recent call last):\n...\nValueError: invalid literal for int() with base 10: 'number'", "short_description": "Take a positive integer value and return its binary equivalent."}, "args": ["decimal"], "min_max_lineno": {"min_lineno": 1, "max_lineno": 18}, "calls": ["int", "divmod", "str", "decimal_to_binary_recursion.binary_recursive", "str"], "store_vars_calls": {"decimal": "int"}}, "main": {"doc": {"long_description": "call the function above and return the output with prefix \"0b\" & \"-0b\"\nfor positive and negative integers respectively.\n>>> main(0)\n'0b0'\n>>> main(40)\n'0b101000'\n>>> main(-40)\n'-0b101000'\n>>> main(40.8)\nTraceback (most recent call last):\n...\nValueError: Input value is not an integer\n>>> main(\"forty\")\nTraceback (most recent call last):\n...\nValueError: Input value is not an integer", "short_description": "Take an integer value and raise ValueError for wrong inputs,"}, "args": ["number"], "min_max_lineno": {"min_lineno": 20, "max_lineno": 48}, "calls": ["str().strip", "number.lstrip.lstrip", "ValueError", "number.lstrip.startswith", "number.lstrip.isnumeric", "ValueError", "str", "decimal_to_binary_recursion.binary_recursive", "int"], "store_vars_calls": {"number": "number.lstrip"}}}, "main_info": {"main_flag": 1, "type": "script"}, "is_test": false}