{"file": {"path": "/Users/rakshithagnanasekaran/desktop/Python/conversions/decimal_to_octal.py", "fileNameBase": "decimal_to_octal", "extension": "py", "doc": {"short_description": "Convert a Decimal Number to an Octal Number.", "full": "Convert a Decimal Number to an Octal Number."}}, "dependencies": [{"import": "math", "type": "external"}], "functions": {"decimal_to_octal": {"doc": {"long_description": ">>> all(decimal_to_octal(i) == oct(i) for i\n...     in (0, 2, 8, 64, 65, 216, 255, 256, 512))\nTrue", "short_description": "Convert a Decimal Number to an Octal Number."}, "args": ["num"], "min_max_lineno": {"min_lineno": 9, "max_lineno": 25}, "calls": ["math.floor", "int", "math.floor", "math.pow"], "store_vars_calls": {"num": "math.floor"}}, "main": {"doc": {"short_description": "Print octal equivalents of decimal numbers."}, "min_max_lineno": {"min_lineno": 27, "max_lineno": 40}, "calls": ["print", "print", "print", "print", "print", "print", "print", "print", "print", "print", "print", "decimal_to_octal.decimal_to_octal", "decimal_to_octal.decimal_to_octal", "decimal_to_octal.decimal_to_octal", "decimal_to_octal.decimal_to_octal", "decimal_to_octal.decimal_to_octal"]}}, "main_info": {"main_flag": 1, "main_function": "decimal_to_octal.main", "type": "script"}, "is_test": false}