{"file": {"path": "/Users/rakshithagnanasekaran/desktop/Python/conversions/decimal_to_binary.py", "fileNameBase": "decimal_to_binary", "extension": "py", "doc": {"short_description": "Convert a Decimal Number to a Binary Number.", "full": "Convert a Decimal Number to a Binary Number."}}, "functions": {"decimal_to_binary": {"doc": {"long_description": ">>> decimal_to_binary(0)\n'0b0'\n>>> decimal_to_binary(2)\n'0b10'\n>>> decimal_to_binary(7)\n'0b111'\n>>> decimal_to_binary(35)\n'0b100011'\n>>> # negatives work too\n>>> decimal_to_binary(-2)\n'-0b10'\n>>> # other floats will error\n>>> decimal_to_binary(16.16) # doctest: +ELLIPSIS\nTraceback (most recent call last):\n...\nTypeError: 'float' object cannot be interpreted as an integer\n>>> # strings will error as well\n>>> decimal_to_binary('0xfffff') # doctest: +ELLIPSIS\nTraceback (most recent call last):\n...\nTypeError: 'str' object cannot be interpreted as an integer", "short_description": "Convert an Integer Decimal Number to a Binary Number as str."}, "args": ["num"], "min_max_lineno": {"min_lineno": 4, "max_lineno": 54}, "calls": ["isinstance", "isinstance", "TypeError", "TypeError", "binary.insert", "str", "str"]}}, "main_info": {"main_flag": 1, "type": "script"}, "is_test": false}