{"file": {"path": "/Users/rakshithagnanasekaran/desktop/Python/conversions/decimal_to_any.py", "fileNameBase": "decimal_to_any", "extension": "py", "doc": {"short_description": "Convert a positive Decimal Number to Any Other Representation", "full": "Convert a positive Decimal Number to Any Other Representation"}}, "functions": {"decimal_to_any": {"doc": {"long_description": ">>> decimal_to_any(0, 2)\n'0'\n>>> decimal_to_any(5, 4)\n'11'\n>>> decimal_to_any(20, 3)\n'202'\n>>> decimal_to_any(58, 16)\n'3A'\n>>> decimal_to_any(243, 17)\n'E5'\n>>> decimal_to_any(34923, 36)\n'QY3'\n>>> decimal_to_any(10, 11)\n'A'\n>>> decimal_to_any(16, 16)\n'10'\n>>> decimal_to_any(36, 36)\n'10'\n>>> # negatives will error\n>>> decimal_to_any(-45, 8)  # doctest: +ELLIPSIS\nTraceback (most recent call last):\n...\nValueError: parameter must be positive int\n>>> # floats will error\n>>> decimal_to_any(34.4, 6) # doctest: +ELLIPSIS\nTraceback (most recent call last):\n...\nTypeError: int() can't convert non-string with explicit base\n>>> # a float base will error\n>>> decimal_to_any(5, 2.5) # doctest: +ELLIPSIS\nTraceback (most recent call last):\n...\nTypeError: 'float' object cannot be interpreted as an integer\n>>> # a str base will error\n>>> decimal_to_any(10, '16') # doctest: +ELLIPSIS\nTraceback (most recent call last):\n...\nTypeError: 'str' object cannot be interpreted as an integer\n>>> # a base less than 2 will error\n>>> decimal_to_any(7, 0) # doctest: +ELLIPSIS\nTraceback (most recent call last):\n...\nValueError: base must be >= 2\n>>> # a base greater than 36 will error\n>>> decimal_to_any(34, 37) # doctest: +ELLIPSIS\nTraceback (most recent call last):\n...\nValueError: base must be <= 36", "short_description": "Convert a positive integer to another base as str."}, "args": ["num", "base"], "min_max_lineno": {"min_lineno": 4, "max_lineno": 93}, "calls": ["isinstance", "isinstance", "isinstance", "TypeError", "ValueError", "TypeError", "TypeError", "ValueError", "ValueError", "divmod", "str", "str", "str", "str", "str"]}}, "main_info": {"main_flag": 1, "type": "script"}, "is_test": false}