{"file": {"path": "/Users/rakshithagnanasekaran/desktop/Python/conversions/decimal_to_hexadecimal.py", "fileNameBase": "decimal_to_hexadecimal", "extension": "py", "doc": {"short_description": "Convert Base 10 (Decimal) Values to Hexadecimal Representations ", "full": "Convert Base 10 (Decimal) Values to Hexadecimal Representations "}}, "functions": {"decimal_to_hexadecimal": {"doc": {"long_description": "with 0x\n>>> decimal_to_hexadecimal(5)\n'0x5'\n>>> decimal_to_hexadecimal(15)\n'0xf'\n>>> decimal_to_hexadecimal(37)\n'0x25'\n>>> decimal_to_hexadecimal(255)\n'0xff'\n>>> decimal_to_hexadecimal(4096)\n'0x1000'\n>>> decimal_to_hexadecimal(999098)\n'0xf3eba'\n>>> # negatives work too\n>>> decimal_to_hexadecimal(-256)\n'-0x100'\n>>> # floats are acceptable if equivalent to an int\n>>> decimal_to_hexadecimal(17.0)\n'0x11'\n>>> # other floats will error\n>>> decimal_to_hexadecimal(16.16) # doctest: +ELLIPSIS\nTraceback (most recent call last):\n...\nAssertionError\n>>> # strings will error as well\n>>> decimal_to_hexadecimal('0xfffff') # doctest: +ELLIPSIS\nTraceback (most recent call last):\n...\nAssertionError\n>>> # results are the same when compared to Python's default hex function\n>>> decimal_to_hexadecimal(-256) == hex(-256)\nTrue", "short_description": "take integer decimal value, return hexadecimal representation as str beginning"}, "args": ["decimal"], "returns": [["hexadecimal"]], "min_max_lineno": {"min_lineno": 24, "max_lineno": 74}, "calls": ["int", "divmod", "type", "int"], "store_vars_calls": {"decimal": "int"}}}, "main_info": {"main_flag": 1, "type": "script"}, "is_test": true}