{"file": {"path": "/Users/rakshithagnanasekaran/desktop/Python/conversions/excel_title_to_column.py", "fileNameBase": "excel_title_to_column", "extension": "py"}, "functions": {"excel_title_to_column": {"doc": {"long_description": "the column title in an Excel sheet, return\nits corresponding column number.\n\n>>> excel_title_to_column(\"A\")\n1\n>>> excel_title_to_column(\"B\")\n2\n>>> excel_title_to_column(\"AB\")\n28\n>>> excel_title_to_column(\"Z\")\n26", "short_description": "Given a string column_title that represents"}, "args": ["column_title"], "returns": [["answer"]], "min_max_lineno": {"min_lineno": 1, "max_lineno": 28}, "calls": ["column_title.isupper", "len", "pow", "ord"]}}, "main_info": {"main_flag": 1, "type": "script"}, "is_test": true}