{"file": {"path": "/Users/rakshithagnanasekaran/desktop/Python/conversions/hex_to_bin.py", "fileNameBase": "hex_to_bin", "extension": "py"}, "functions": {"hex_to_bin": {"doc": {"long_description": "#https://stackoverflow.com/questions/1425493/convert-hex-to-binary\nHere, we have used the bitwise right shift operator: >>\nShifts the bits of the number to the right and fills 0 on voids left as a result.\nSimilar effect as of dividing the number with some power of two.\nExample:\na = 10\na >> 1 = 5\n\n>>> hex_to_bin(\"AC\")\n10101100\n>>> hex_to_bin(\"9A4\")\n100110100100\n>>> hex_to_bin(\"   12f   \")\n100101111\n>>> hex_to_bin(\"FfFf\")\n1111111111111111\n>>> hex_to_bin(\"-fFfF\")\n-1111111111111111\n>>> hex_to_bin(\"F-f\")\nTraceback (most recent call last):\n...\nValueError: Invalid value was passed to the function\n>>> hex_to_bin(\"\")\nTraceback (most recent call last):\n...\nValueError: No value was passed to the function", "short_description": "Convert a hexadecimal value to its binary equivalent"}, "args": ["hex_num"], "min_max_lineno": {"min_lineno": 1, "max_lineno": 51}, "calls": ["hex_num.strip.strip", "int", "ValueError", "int", "ValueError", "str"], "store_vars_calls": {"hex_num": "hex_num.strip", "int_num": "int"}}}, "main_info": {"main_flag": 1, "type": "script"}, "is_test": false}