{"file": {"path": "/Users/rakshithagnanasekaran/desktop/Python/conversions/hexadecimal_to_decimal.py", "fileNameBase": "hexadecimal_to_decimal", "extension": "py"}, "functions": {"hex_to_decimal": {"doc": {"long_description": "#https://www.programiz.com/python-programming/methods/built-in/hex\n\n>>> hex_to_decimal(\"a\")\n10\n>>> hex_to_decimal(\"12f\")\n303\n>>> hex_to_decimal(\"   12f   \")\n303\n>>> hex_to_decimal(\"FfFf\")\n65535\n>>> hex_to_decimal(\"-Ff\")\n-255\n>>> hex_to_decimal(\"F-f\")\nTraceback (most recent call last):\n...\nValueError: Non-hexadecimal value was passed to the function\n>>> hex_to_decimal(\"\")\nTraceback (most recent call last):\n...\nValueError: Empty string was passed to the function\n>>> hex_to_decimal(\"12m\")\nTraceback (most recent call last):\n...\nValueError: Non-hexadecimal value was passed to the function", "short_description": "Convert a hexadecimal value to its decimal equivalent"}, "args": ["hex_string"], "min_max_lineno": {"min_lineno": 4, "max_lineno": 44}, "calls": ["hex_string.strip().lower.strip().lower", "ValueError", "all", "ValueError", "hex_string.strip().lower.strip"], "store_vars_calls": {"hex_string": "hex_string.strip().lower"}}}, "main_info": {"main_flag": 1, "type": "script"}, "is_test": false}