{"file": {"path": "/Users/rakshithagnanasekaran/desktop/Python/conversions/length_conversion.py", "fileNameBase": "length_conversion", "extension": "py", "doc": {"long_description": "Available Units:- Metre,Kilometre,Feet,Inch,Centimeter,Yard,Foot,Mile,Millimeter\n\nUSAGE :\n-> Import this file into their respective project.\n-> Use the function length_conversion() for conversion of length units.\n-> Parameters :\n    -> value : The number of from units you want to convert\n    -> from_type : From which type you want to convert\n    -> to_type : To which type you want to convert\n\nREFERENCES :\n-> Wikipedia reference: https://en.wikipedia.org/wiki/Meter\n-> Wikipedia reference: https://en.wikipedia.org/wiki/Kilometer\n-> Wikipedia reference: https://en.wikipedia.org/wiki/Feet\n-> Wikipedia reference: https://en.wikipedia.org/wiki/Inch\n-> Wikipedia reference: https://en.wikipedia.org/wiki/Centimeter\n-> Wikipedia reference: https://en.wikipedia.org/wiki/Yard\n-> Wikipedia reference: https://en.wikipedia.org/wiki/Foot\n-> Wikipedia reference: https://en.wikipedia.org/wiki/Mile\n-> Wikipedia reference: https://en.wikipedia.org/wiki/Millimeter", "short_description": "Conversion of length units.", "full": "Conversion of length units.\nAvailable Units:- Metre,Kilometre,Feet,Inch,Centimeter,Yard,Foot,Mile,Millimeter\n\nUSAGE :\n-> Import this file into their respective project.\n-> Use the function length_conversion() for conversion of length units.\n-> Parameters :\n    -> value : The number of from units you want to convert\n    -> from_type : From which type you want to convert\n    -> to_type : To which type you want to convert\n\nREFERENCES :\n-> Wikipedia reference: https://en.wikipedia.org/wiki/Meter\n-> Wikipedia reference: https://en.wikipedia.org/wiki/Kilometer\n-> Wikipedia reference: https://en.wikipedia.org/wiki/Feet\n-> Wikipedia reference: https://en.wikipedia.org/wiki/Inch\n-> Wikipedia reference: https://en.wikipedia.org/wiki/Centimeter\n-> Wikipedia reference: https://en.wikipedia.org/wiki/Yard\n-> Wikipedia reference: https://en.wikipedia.org/wiki/Foot\n-> Wikipedia reference: https://en.wikipedia.org/wiki/Mile\n-> Wikipedia reference: https://en.wikipedia.org/wiki/Millimeter"}}, "dependencies": [{"from_module": "collections", "import": "namedtuple", "type": "external"}], "functions": {"length_conversion": {"doc": {"long_description": ">>> length_conversion(4, \"METER\", \"FEET\")\n13.12336\n>>> length_conversion(4, \"M\", \"FT\")\n13.12336\n>>> length_conversion(1, \"meter\", \"kilometer\")\n0.001\n>>> length_conversion(1, \"kilometer\", \"inch\")\n39370.1\n>>> length_conversion(3, \"kilometer\", \"mile\")\n1.8641130000000001\n>>> length_conversion(2, \"feet\", \"meter\")\n0.6096\n>>> length_conversion(4, \"feet\", \"yard\")\n1.333329312\n>>> length_conversion(1, \"inch\", \"meter\")\n0.0254\n>>> length_conversion(2, \"inch\", \"mile\")\n3.15656468e-05\n>>> length_conversion(2, \"centimeter\", \"millimeter\")\n20.0\n>>> length_conversion(2, \"centimeter\", \"yard\")\n0.0218722\n>>> length_conversion(4, \"yard\", \"meter\")\n3.6576\n>>> length_conversion(4, \"yard\", \"kilometer\")\n0.0036576\n>>> length_conversion(3, \"foot\", \"meter\")\n0.9144000000000001\n>>> length_conversion(3, \"foot\", \"inch\")\n36.00001944\n>>> length_conversion(4, \"mile\", \"kilometer\")\n6.43736\n>>> length_conversion(2, \"miles\", \"InChEs\")\n126719.753468\n>>> length_conversion(3, \"millimeter\", \"centimeter\")\n0.3\n>>> length_conversion(3, \"mm\", \"in\")\n0.1181103\n>>> length_conversion(4, \"wrongUnit\", \"inch\")\nTraceback (most recent call last):\n  ...\nValueError: Invalid 'from_type' value: 'wrongUnit'.\nConversion abbreviations are: mm, cm, m, km, in, ft, yd, mi", "short_description": "Conversion between length units."}, "args": ["value", "from_type", "to_type"], "min_max_lineno": {"min_lineno": 54, "max_lineno": 117}, "calls": ["from_type.lower().rstrip", "TYPE_CONVERSION.get", "to_type.lower().rstrip", "TYPE_CONVERSION.get", "ValueError", "ValueError", "from_type.lower", "to_type.lower"], "store_vars_calls": {"new_from": "TYPE_CONVERSION.get", "new_to": "TYPE_CONVERSION.get"}}}, "body": {"calls": ["collections.namedtuple"], "store_vars_calls": {"from_to": "namedtuple"}}, "main_info": {"main_flag": 1, "type": "script"}, "is_test": false}