{"file": {"path": "/Users/rakshithagnanasekaran/desktop/Python/conversions/molecular_chemistry.py", "fileNameBase": "molecular_chemistry", "extension": "py", "doc": {"long_description": "* molarity_to_normality\n* moles_to_pressure\n* moles_to_volume\n* pressure_and_volume_to_temperature", "short_description": "Functions useful for doing molecular chemistry:", "full": "Functions useful for doing molecular chemistry:\n* molarity_to_normality\n* moles_to_pressure\n* moles_to_volume\n* pressure_and_volume_to_temperature"}}, "functions": {"molarity_to_normality": {"doc": {"long_description": "Volume is taken in litres.\n\nWikipedia reference: https://en.wikipedia.org/wiki/Equivalent_concentration\nWikipedia reference: https://en.wikipedia.org/wiki/Molar_concentration\n\n>>> molarity_to_normality(2, 3.1, 0.31)\n20\n>>> molarity_to_normality(4, 11.4, 5.7)\n8", "short_description": "Convert molarity to normality."}, "args": ["nfactor", "moles", "volume"], "min_max_lineno": {"min_lineno": 10, "max_lineno": 24}, "calls": ["round", "float"]}, "moles_to_pressure": {"doc": {"long_description": "Ideal gas laws are used.\nTemperature is taken in kelvin.\nVolume is taken in litres.\nPressure has atm as SI unit.\n\nWikipedia reference: https://en.wikipedia.org/wiki/Gas_laws\nWikipedia reference: https://en.wikipedia.org/wiki/Pressure\nWikipedia reference: https://en.wikipedia.org/wiki/Temperature\n\n>>> moles_to_pressure(0.82, 3, 300)\n90\n>>> moles_to_pressure(8.2, 5, 200)\n10", "short_description": "Convert moles to pressure."}, "args": ["volume", "moles", "temperature"], "min_max_lineno": {"min_lineno": 26, "max_lineno": 44}, "calls": ["round", "float"]}, "moles_to_volume": {"doc": {"long_description": "Ideal gas laws are used.\nTemperature is taken in kelvin.\nVolume is taken in litres.\nPressure has atm as SI unit.\n\nWikipedia reference: https://en.wikipedia.org/wiki/Gas_laws\nWikipedia reference: https://en.wikipedia.org/wiki/Pressure\nWikipedia reference: https://en.wikipedia.org/wiki/Temperature\n\n>>> moles_to_volume(0.82, 3, 300)\n90\n>>> moles_to_volume(8.2, 5, 200)\n10", "short_description": "Convert moles to volume."}, "args": ["pressure", "moles", "temperature"], "min_max_lineno": {"min_lineno": 46, "max_lineno": 64}, "calls": ["round", "float"]}, "pressure_and_volume_to_temperature": {"doc": {"long_description": "Ideal gas laws are used.\nTemperature is taken in kelvin.\nVolume is taken in litres.\nPressure has atm as SI unit.\n\nWikipedia reference: https://en.wikipedia.org/wiki/Gas_laws\nWikipedia reference: https://en.wikipedia.org/wiki/Pressure\nWikipedia reference: https://en.wikipedia.org/wiki/Temperature\n\n>>> pressure_and_volume_to_temperature(0.82, 1, 2)\n20\n>>> pressure_and_volume_to_temperature(8.2, 5, 3)\n60", "short_description": "Convert pressure and volume to temperature."}, "args": ["pressure", "moles", "volume"], "min_max_lineno": {"min_lineno": 66, "max_lineno": 86}, "calls": ["round", "float"]}}, "main_info": {"main_flag": 1, "type": "script"}, "is_test": false}