{"file": {"path": "/Users/rakshithagnanasekaran/desktop/Python/conversions/octal_to_decimal.py", "fileNameBase": "octal_to_decimal", "extension": "py"}, "functions": {"oct_to_decimal": {"doc": {"long_description": ">>> oct_to_decimal(\"\")\nTraceback (most recent call last):\n...\nValueError: Empty string was passed to the function\n>>> oct_to_decimal(\"-\")\nTraceback (most recent call last):\n...\nValueError: Non-octal value was passed to the function\n>>> oct_to_decimal(\"e\")\nTraceback (most recent call last):\n...\nValueError: Non-octal value was passed to the function\n>>> oct_to_decimal(\"8\")\nTraceback (most recent call last):\n...\nValueError: Non-octal value was passed to the function\n>>> oct_to_decimal(\"-e\")\nTraceback (most recent call last):\n...\nValueError: Non-octal value was passed to the function\n>>> oct_to_decimal(\"-8\")\nTraceback (most recent call last):\n...\nValueError: Non-octal value was passed to the function\n>>> oct_to_decimal(\"1\")\n1\n>>> oct_to_decimal(\"-1\")\n-1\n>>> oct_to_decimal(\"12\")\n10\n>>> oct_to_decimal(\" 12   \")\n10\n>>> oct_to_decimal(\"-45\")\n-37\n>>> oct_to_decimal(\"-\")\nTraceback (most recent call last):\n...\nValueError: Non-octal value was passed to the function\n>>> oct_to_decimal(\"0\")\n0\n>>> oct_to_decimal(\"-4055\")\n-2093\n>>> oct_to_decimal(\"2-0Fm\")\nTraceback (most recent call last):\n...\nValueError: Non-octal value was passed to the function\n>>> oct_to_decimal(\"\")\nTraceback (most recent call last):\n...\nValueError: Empty string was passed to the function\n>>> oct_to_decimal(\"19\")\nTraceback (most recent call last):\n...\nValueError: Non-octal value was passed to the function", "short_description": "Convert a octal value to its decimal equivalent"}, "args": ["oct_string"], "returns": [["decimal_number"]], "min_max_lineno": {"min_lineno": 1, "max_lineno": 74}, "calls": ["str().strip", "ValueError", "ValueError", "str", "str().strip.isdigit", "all", "int", "int"], "store_vars_calls": {"oct_string": "str().strip"}}}, "main_info": {"main_flag": 1, "type": "script"}, "is_test": false}