{"file": {"path": "/Users/rakshithagnanasekaran/desktop/Python/conversions/prefix_conversions.py", "fileNameBase": "prefix_conversions", "extension": "py", "doc": {"short_description": "Convert International System of Units (SI) and Binary prefixes", "full": "Convert International System of Units (SI) and Binary prefixes"}}, "dependencies": [{"from_module": "__future__", "import": "annotations", "type": "external"}, {"from_module": "enum", "import": "Enum", "type": "external"}], "classes": {"SI_Unit": {"extend": ["Enum"], "min_max_lineno": {"min_lineno": 9, "max_lineno": 30}}, "Binary_Unit": {"extend": ["Enum"], "min_max_lineno": {"min_lineno": 32, "max_lineno": 41}}}, "functions": {"convert_si_prefix": {"doc": {"long_description": "Wikipedia reference: https://en.wikipedia.org/wiki/International_System_of_Units\n>>> convert_si_prefix(1, SI_Unit.giga, SI_Unit.mega)\n1000\n>>> convert_si_prefix(1, SI_Unit.mega, SI_Unit.giga)\n0.001\n>>> convert_si_prefix(1, SI_Unit.kilo, SI_Unit.kilo)\n1\n>>> convert_si_prefix(1, 'giga', 'mega')\n1000\n>>> convert_si_prefix(1, 'gIGa', 'mEGa')\n1000", "short_description": "Wikipedia reference: https://en.wikipedia.org/wiki/Binary_prefix"}, "args": ["known_amount", "known_prefix", "unknown_prefix"], "returns": [["unknown_amount"]], "min_max_lineno": {"min_lineno": 43, "max_lineno": 70}, "calls": ["isinstance", "isinstance", "known_prefix.lower", "unknown_prefix.lower"]}, "convert_binary_prefix": {"doc": {"long_description": ">>> convert_binary_prefix(1, Binary_Unit.giga, Binary_Unit.mega)\n1024\n>>> convert_binary_prefix(1, Binary_Unit.mega, Binary_Unit.giga)\n0.0009765625\n>>> convert_binary_prefix(1, Binary_Unit.kilo, Binary_Unit.kilo)\n1\n>>> convert_binary_prefix(1, 'giga', 'mega')\n1024\n>>> convert_binary_prefix(1, 'gIGa', 'mEGa')\n1024", "short_description": "Wikipedia reference: https://en.wikipedia.org/wiki/Metric_prefix"}, "args": ["known_amount", "known_prefix", "unknown_prefix"], "returns": [["unknown_amount"]], "min_max_lineno": {"min_lineno": 72, "max_lineno": 98}, "calls": ["isinstance", "isinstance", "known_prefix.lower", "unknown_prefix.lower"]}}, "main_info": {"main_flag": 1, "type": "script"}, "is_test": false}