{"file": {"path": "/Users/rakshithagnanasekaran/desktop/Python/conversions/prefix_conversions_string.py", "fileNameBase": "prefix_conversions_string", "extension": "py", "doc": {"long_description": "* Description: Convert a number to use the correct SI or Binary unit prefix.\n\nInspired by prefix_conversion.py file in this repository by lance-pyles\n\nURL: https://en.wikipedia.org/wiki/Metric_prefix#List_of_SI_prefixes\nURL: https://en.wikipedia.org/wiki/Binary_prefix", "short_description": "* Author: Manuel Di Lullo (https://github.com/manueldilullo)", "full": "* Author: Manuel Di Lullo (https://github.com/manueldilullo)\n* Description: Convert a number to use the correct SI or Binary unit prefix.\n\nInspired by prefix_conversion.py file in this repository by lance-pyles\n\nURL: https://en.wikipedia.org/wiki/Metric_prefix#List_of_SI_prefixes\nURL: https://en.wikipedia.org/wiki/Binary_prefix"}}, "dependencies": [{"from_module": "__future__", "import": "annotations", "type": "external"}, {"from_module": "enum", "import": "Enum", "type": "external"}, {"from_module": "enum", "import": "unique", "type": "external"}, {"from_module": "typing", "import": "TypeVar", "type": "external"}], "classes": {"BinaryUnit": {"extend": ["Enum"], "min_max_lineno": {"min_lineno": 20, "max_lineno": 30}}, "SIUnit": {"extend": ["Enum"], "min_max_lineno": {"min_lineno": 32, "max_lineno": 85}, "methods": {"get_positive": {"doc": {"long_description": "that has a positive value\n>>> from itertools import islice\n>>> positive = SIUnit.get_positive()\n>>> inc = iter(positive.items())\n>>> dict(islice(inc, len(positive) // 2))\n{'yotta': 24, 'zetta': 21, 'exa': 18, 'peta': 15, 'tera': 12}\n>>> dict(inc)\n{'giga': 9, 'mega': 6, 'kilo': 3, 'hecto': 2, 'deca': 1}", "short_description": "Returns a dictionary with only the elements of this enum"}, "args": ["cls"], "min_max_lineno": {"min_lineno": 55, "max_lineno": 69}}, "get_negative": {"doc": {"long_description": "that has a negative value\n@example\n>>> from itertools import islice\n>>> negative = SIUnit.get_negative()\n>>> inc = iter(negative.items())\n>>> dict(islice(inc, len(negative) // 2))\n{'deci': -1, 'centi': -2, 'milli': -3, 'micro': -6, 'nano': -9}\n>>> dict(inc)\n{'pico': -12, 'femto': -15, 'atto': -18, 'zepto': -21, 'yocto': -24}", "short_description": "Returns a dictionary with only the elements of this enum"}, "args": ["cls"], "min_max_lineno": {"min_lineno": 70, "max_lineno": 85}}}}}, "functions": {"add_si_prefix": {"doc": {"long_description": "@input value (an integer)\n@example:\n>>> add_si_prefix(10000)\n'10.0 kilo'", "short_description": "Function that converts a number to his version with SI prefix"}, "args": ["value"], "min_max_lineno": {"min_lineno": 87, "max_lineno": 101}, "calls": ["prefixes.items", "str", "prefix_conversions_string.SIUnit.get_positive", "prefix_conversions_string.SIUnit.get_negative", "str"]}, "add_binary_prefix": {"doc": {"long_description": "@input value (an integer)\n@example:\n>>> add_binary_prefix(65536)\n'64.0 kilo'", "short_description": "Function that converts a number to his version with Binary prefix"}, "args": ["value"], "min_max_lineno": {"min_lineno": 103, "max_lineno": 116}, "calls": ["str", "str"]}}, "body": {"calls": ["typing.TypeVar"], "store_vars_calls": {"T": "TypeVar"}}, "main_info": {"main_flag": 1, "type": "script"}, "is_test": false}