{"file": {"path": "/Users/rakshithagnanasekaran/desktop/Python/conversions/pressure_conversions.py", "fileNameBase": "pressure_conversions", "extension": "py", "doc": {"long_description": "Available Units:- Pascal,Bar,Kilopascal,Megapascal,psi(pound per square inch),\ninHg(in mercury column),torr,atm\nUSAGE :\n-> Import this file into their respective project.\n-> Use the function pressure_conversion() for conversion of pressure units.\n-> Parameters :\n    -> value : The number of from units you want to convert\n    -> from_type : From which type you want to convert\n    -> to_type : To which type you want to convert\nREFERENCES :\n-> Wikipedia reference: https://en.wikipedia.org/wiki/Pascal_(unit)\n-> Wikipedia reference: https://en.wikipedia.org/wiki/Pound_per_square_inch\n-> Wikipedia reference: https://en.wikipedia.org/wiki/Inch_of_mercury\n-> Wikipedia reference: https://en.wikipedia.org/wiki/Torr\n-> https://en.wikipedia.org/wiki/Standard_atmosphere_(unit)\n-> https://msestudent.com/what-are-the-units-of-pressure/\n-> https://www.unitconverters.net/pressure-converter.html", "short_description": "Conversion of pressure units.", "full": "Conversion of pressure units.\nAvailable Units:- Pascal,Bar,Kilopascal,Megapascal,psi(pound per square inch),\ninHg(in mercury column),torr,atm\nUSAGE :\n-> Import this file into their respective project.\n-> Use the function pressure_conversion() for conversion of pressure units.\n-> Parameters :\n    -> value : The number of from units you want to convert\n    -> from_type : From which type you want to convert\n    -> to_type : To which type you want to convert\nREFERENCES :\n-> Wikipedia reference: https://en.wikipedia.org/wiki/Pascal_(unit)\n-> Wikipedia reference: https://en.wikipedia.org/wiki/Pound_per_square_inch\n-> Wikipedia reference: https://en.wikipedia.org/wiki/Inch_of_mercury\n-> Wikipedia reference: https://en.wikipedia.org/wiki/Torr\n-> https://en.wikipedia.org/wiki/Standard_atmosphere_(unit)\n-> https://msestudent.com/what-are-the-units-of-pressure/\n-> https://www.unitconverters.net/pressure-converter.html"}}, "dependencies": [{"from_module": "collections", "import": "namedtuple", "type": "external"}], "functions": {"pressure_conversion": {"doc": {"long_description": ">>> pressure_conversion(4, \"atm\", \"pascal\")\n405300\n>>> pressure_conversion(1, \"pascal\", \"psi\")\n0.00014401981999999998\n>>> pressure_conversion(1, \"bar\", \"atm\")\n0.986923\n>>> pressure_conversion(3, \"kilopascal\", \"bar\")\n0.029999991892499998\n>>> pressure_conversion(2, \"megapascal\", \"psi\")\n290.074434314\n>>> pressure_conversion(4, \"psi\", \"torr\")\n206.85984\n>>> pressure_conversion(1, \"inHg\", \"atm\")\n0.0334211\n>>> pressure_conversion(1, \"torr\", \"psi\")\n0.019336718261000002\n>>> pressure_conversion(4, \"wrongUnit\", \"atm\")\nTraceback (most recent call last):\n  File \"/usr/lib/python3.8/doctest.py\", line 1336, in __run\n    exec(compile(example.source, filename, \"single\",\n  File \"<doctest __main__.pressure_conversion[8]>\", line 1, in <module>\n    pressure_conversion(4, \"wrongUnit\", \"atm\")\n  File \"<string>\", line 67, in pressure_conversion\nValueError: Invalid 'from_type' value: 'wrongUnit'  Supported values are:\natm, pascal, bar, kilopascal, megapascal, psi, inHg, torr", "short_description": "Conversion between pressure units."}, "args": ["value", "from_type", "to_type"], "min_max_lineno": {"min_lineno": 38, "max_lineno": 79}, "calls": ["ValueError", "ValueError"]}}, "body": {"calls": ["collections.namedtuple"], "store_vars_calls": {"from_to": "namedtuple"}}, "main_info": {"main_flag": 1, "type": "script"}, "is_test": false}