{"file": {"path": "/Users/rakshithagnanasekaran/desktop/Python/conversions/rgb_hsv_conversion.py", "fileNameBase": "rgb_hsv_conversion", "extension": "py", "doc": {"long_description": "are added together in various ways to reproduce a broad array of colors. The name\nof the model comes from the initials of the three additive primary colors, red,\ngreen, and blue. Meanwhile, the HSV representation models how colors appear under\nlight. In it, colors are represented using three components: hue, saturation and\n(brightness-)value. This file provides functions for converting colors from one\nrepresentation to the other.\n\n(description adapted from https://en.wikipedia.org/wiki/RGB_color_model and\nhttps://en.wikipedia.org/wiki/HSL_and_HSV).", "short_description": "The RGB color model is an additive color model in which red, green, and blue light", "full": "The RGB color model is an additive color model in which red, green, and blue light\nare added together in various ways to reproduce a broad array of colors. The name\nof the model comes from the initials of the three additive primary colors, red,\ngreen, and blue. Meanwhile, the HSV representation models how colors appear under\nlight. In it, colors are represented using three components: hue, saturation and\n(brightness-)value. This file provides functions for converting colors from one\nrepresentation to the other.\n\n(description adapted from https://en.wikipedia.org/wiki/RGB_color_model and\nhttps://en.wikipedia.org/wiki/HSL_and_HSV)."}}, "functions": {"hsv_to_rgb": {"doc": {"long_description": "Expected RGB-values taken from\nhttps://www.rapidtables.com/convert/color/hsv-to-rgb.html\n\n>>> hsv_to_rgb(0, 0, 0)\n[0, 0, 0]\n>>> hsv_to_rgb(0, 0, 1)\n[255, 255, 255]\n>>> hsv_to_rgb(0, 1, 1)\n[255, 0, 0]\n>>> hsv_to_rgb(60, 1, 1)\n[255, 255, 0]\n>>> hsv_to_rgb(120, 1, 1)\n[0, 255, 0]\n>>> hsv_to_rgb(240, 1, 1)\n[0, 0, 255]\n>>> hsv_to_rgb(300, 1, 1)\n[255, 0, 255]\n>>> hsv_to_rgb(180, 0.5, 0.5)\n[64, 128, 128]\n>>> hsv_to_rgb(234, 0.14, 0.88)\n[193, 196, 224]\n>>> hsv_to_rgb(330, 0.75, 0.5)\n[128, 32, 80]", "short_description": "Conversion from the HSV-representation to the RGB-representation."}, "args": ["hue", "saturation", "value"], "returns": [["red", "green", "blue"]], "min_max_lineno": {"min_lineno": 15, "max_lineno": 82}, "calls": ["Exception", "Exception", "Exception", "round", "round", "round", "abs", "round", "round", "round", "round", "round", "round", "round", "round", "round", "round", "round", "round", "round", "round", "round"], "store_vars_calls": {"red": "round", "green": "round", "blue": "round"}}, "rgb_to_hsv": {"doc": {"long_description": "The tested values are the reverse values from the hsv_to_rgb-doctests.\nFunction \"approximately_equal_hsv\" is needed because of small deviations due to\nrounding for the RGB-values.\n\n>>> approximately_equal_hsv(rgb_to_hsv(0, 0, 0), [0, 0, 0])\nTrue\n>>> approximately_equal_hsv(rgb_to_hsv(255, 255, 255), [0, 0, 1])\nTrue\n>>> approximately_equal_hsv(rgb_to_hsv(255, 0, 0), [0, 1, 1])\nTrue\n>>> approximately_equal_hsv(rgb_to_hsv(255, 255, 0), [60, 1, 1])\nTrue\n>>> approximately_equal_hsv(rgb_to_hsv(0, 255, 0), [120, 1, 1])\nTrue\n>>> approximately_equal_hsv(rgb_to_hsv(0, 0, 255), [240, 1, 1])\nTrue\n>>> approximately_equal_hsv(rgb_to_hsv(255, 0, 255), [300, 1, 1])\nTrue\n>>> approximately_equal_hsv(rgb_to_hsv(64, 128, 128), [180, 0.5, 0.5])\nTrue\n>>> approximately_equal_hsv(rgb_to_hsv(193, 196, 224), [234, 0.14, 0.88])\nTrue\n>>> approximately_equal_hsv(rgb_to_hsv(128, 32, 80), [330, 0.75, 0.5])\nTrue", "short_description": "Conversion from the RGB-representation to the HSV-representation."}, "args": ["red", "green", "blue"], "returns": [["hue", "saturation", "value"]], "min_max_lineno": {"min_lineno": 84, "max_lineno": 140}, "calls": ["max", "Exception", "Exception", "Exception", "max", "min", "min"], "store_vars_calls": {"value": "max"}}, "approximately_equal_hsv": {"doc": {"long_description": ">>> approximately_equal_hsv([0, 0, 0], [0, 0, 0])\nTrue\n>>> approximately_equal_hsv([180, 0.5, 0.3], [179.9999, 0.500001, 0.30001])\nTrue\n>>> approximately_equal_hsv([0, 0, 0], [1, 0, 0])\nFalse\n>>> approximately_equal_hsv([180, 0.5, 0.3], [179.9999, 0.6, 0.30001])\nFalse", "short_description": "Utility-function to check that two hsv-colors are approximately equal"}, "args": ["hsv_1", "hsv_2"], "min_max_lineno": {"min_lineno": 142, "max_lineno": 160}, "calls": ["abs", "abs", "abs"]}}, "is_test": false}