{"file": {"path": "/Users/rakshithagnanasekaran/desktop/Python/conversions/roman_numerals.py", "fileNameBase": "roman_numerals", "extension": "py"}, "functions": {"roman_to_int": {"doc": {"long_description": "Given a roman numeral, convert it to an integer.\nInput is guaranteed to be within the range from 1 to 3999.\nhttps://en.wikipedia.org/wiki/Roman_numerals\n>>> tests = {\"III\": 3, \"CLIV\": 154, \"MIX\": 1009, \"MMD\": 2500, \"MMMCMXCIX\": 3999}\n>>> all(roman_to_int(key) == value for key, value in tests.items())\nTrue", "short_description": "LeetCode No. 13 Roman to Integer"}, "args": ["roman"], "returns": [["total"]], "min_max_lineno": {"min_lineno": 1, "max_lineno": 22}, "calls": ["len", "len"]}, "int_to_roman": {"doc": {"long_description": "https://en.wikipedia.org/wiki/Roman_numerals\n>>> tests = {\"III\": 3, \"CLIV\": 154, \"MIX\": 1009, \"MMD\": 2500, \"MMMCMXCIX\": 3999}\n>>> all(int_to_roman(value) == key for key, value in tests.items())\nTrue", "short_description": "Given a integer, convert it to an roman numeral."}, "args": ["number"], "min_max_lineno": {"min_lineno": 24, "max_lineno": 54}, "calls": ["divmod", "result.append"]}}, "main_info": {"main_flag": 1, "type": "script"}, "is_test": false}