{"file": {"path": "/Users/rakshithagnanasekaran/desktop/Python/conversions/temperature_conversions.py", "fileNameBase": "temperature_conversions", "extension": "py", "doc": {"short_description": "Convert between different units of temperature ", "full": "Convert between different units of temperature "}}, "functions": {"celsius_to_fahrenheit": {"doc": {"long_description": "Wikipedia reference: https://en.wikipedia.org/wiki/Celsius\nWikipedia reference: https://en.wikipedia.org/wiki/Fahrenheit\n\n>>> celsius_to_fahrenheit(273.354, 3)\n524.037\n>>> celsius_to_fahrenheit(273.354, 0)\n524.0\n>>> celsius_to_fahrenheit(-40.0)\n-40.0\n>>> celsius_to_fahrenheit(-20.0)\n-4.0\n>>> celsius_to_fahrenheit(0)\n32.0\n>>> celsius_to_fahrenheit(20)\n68.0\n>>> celsius_to_fahrenheit(\"40\")\n104.0\n>>> celsius_to_fahrenheit(\"celsius\")\nTraceback (most recent call last):\n...\nValueError: could not convert string to float: 'celsius'", "short_description": "Convert a given value from Celsius to Fahrenheit and round it to 2 decimal places."}, "args": ["celsius", "ndigits"], "min_max_lineno": {"min_lineno": 4, "max_lineno": 30}, "calls": ["round", "float"]}, "celsius_to_kelvin": {"doc": {"long_description": "Wikipedia reference: https://en.wikipedia.org/wiki/Celsius\nWikipedia reference: https://en.wikipedia.org/wiki/Kelvin\n\n>>> celsius_to_kelvin(273.354, 3)\n546.504\n>>> celsius_to_kelvin(273.354, 0)\n547.0\n>>> celsius_to_kelvin(0)\n273.15\n>>> celsius_to_kelvin(20.0)\n293.15\n>>> celsius_to_kelvin(\"40\")\n313.15\n>>> celsius_to_kelvin(\"celsius\")\nTraceback (most recent call last):\n...\nValueError: could not convert string to float: 'celsius'", "short_description": "Convert a given value from Celsius to Kelvin and round it to 2 decimal places."}, "args": ["celsius", "ndigits"], "min_max_lineno": {"min_lineno": 32, "max_lineno": 54}, "calls": ["round", "float"]}, "celsius_to_rankine": {"doc": {"long_description": "Wikipedia reference: https://en.wikipedia.org/wiki/Celsius\nWikipedia reference: https://en.wikipedia.org/wiki/Rankine_scale\n\n>>> celsius_to_rankine(273.354, 3)\n983.707\n>>> celsius_to_rankine(273.354, 0)\n984.0\n>>> celsius_to_rankine(0)\n491.67\n>>> celsius_to_rankine(20.0)\n527.67\n>>> celsius_to_rankine(\"40\")\n563.67\n>>> celsius_to_rankine(\"celsius\")\nTraceback (most recent call last):\n...\nValueError: could not convert string to float: 'celsius'", "short_description": "Convert a given value from Celsius to Rankine and round it to 2 decimal places."}, "args": ["celsius", "ndigits"], "min_max_lineno": {"min_lineno": 56, "max_lineno": 78}, "calls": ["round", "float"]}, "fahrenheit_to_celsius": {"doc": {"long_description": "Wikipedia reference: https://en.wikipedia.org/wiki/Fahrenheit\nWikipedia reference: https://en.wikipedia.org/wiki/Celsius\n\n>>> fahrenheit_to_celsius(273.354, 3)\n134.086\n>>> fahrenheit_to_celsius(273.354, 0)\n134.0\n>>> fahrenheit_to_celsius(0)\n-17.78\n>>> fahrenheit_to_celsius(20.0)\n-6.67\n>>> fahrenheit_to_celsius(40.0)\n4.44\n>>> fahrenheit_to_celsius(60)\n15.56\n>>> fahrenheit_to_celsius(80)\n26.67\n>>> fahrenheit_to_celsius(\"100\")\n37.78\n>>> fahrenheit_to_celsius(\"fahrenheit\")\nTraceback (most recent call last):\n...\nValueError: could not convert string to float: 'fahrenheit'", "short_description": "Convert a given value from Fahrenheit to Celsius and round it to 2 decimal places."}, "args": ["fahrenheit", "ndigits"], "min_max_lineno": {"min_lineno": 80, "max_lineno": 108}, "calls": ["round", "float"]}, "fahrenheit_to_kelvin": {"doc": {"long_description": "Wikipedia reference: https://en.wikipedia.org/wiki/Fahrenheit\nWikipedia reference: https://en.wikipedia.org/wiki/Kelvin\n\n>>> fahrenheit_to_kelvin(273.354, 3)\n407.236\n>>> fahrenheit_to_kelvin(273.354, 0)\n407.0\n>>> fahrenheit_to_kelvin(0)\n255.37\n>>> fahrenheit_to_kelvin(20.0)\n266.48\n>>> fahrenheit_to_kelvin(40.0)\n277.59\n>>> fahrenheit_to_kelvin(60)\n288.71\n>>> fahrenheit_to_kelvin(80)\n299.82\n>>> fahrenheit_to_kelvin(\"100\")\n310.93\n>>> fahrenheit_to_kelvin(\"fahrenheit\")\nTraceback (most recent call last):\n...\nValueError: could not convert string to float: 'fahrenheit'", "short_description": "Convert a given value from Fahrenheit to Kelvin and round it to 2 decimal places."}, "args": ["fahrenheit", "ndigits"], "min_max_lineno": {"min_lineno": 110, "max_lineno": 138}, "calls": ["round", "float"]}, "fahrenheit_to_rankine": {"doc": {"long_description": "Wikipedia reference: https://en.wikipedia.org/wiki/Fahrenheit\nWikipedia reference: https://en.wikipedia.org/wiki/Rankine_scale\n\n>>> fahrenheit_to_rankine(273.354, 3)\n733.024\n>>> fahrenheit_to_rankine(273.354, 0)\n733.0\n>>> fahrenheit_to_rankine(0)\n459.67\n>>> fahrenheit_to_rankine(20.0)\n479.67\n>>> fahrenheit_to_rankine(40.0)\n499.67\n>>> fahrenheit_to_rankine(60)\n519.67\n>>> fahrenheit_to_rankine(80)\n539.67\n>>> fahrenheit_to_rankine(\"100\")\n559.67\n>>> fahrenheit_to_rankine(\"fahrenheit\")\nTraceback (most recent call last):\n...\nValueError: could not convert string to float: 'fahrenheit'", "short_description": "Convert a given value from Fahrenheit to Rankine and round it to 2 decimal places."}, "args": ["fahrenheit", "ndigits"], "min_max_lineno": {"min_lineno": 140, "max_lineno": 168}, "calls": ["round", "float"]}, "kelvin_to_celsius": {"doc": {"long_description": "Wikipedia reference: https://en.wikipedia.org/wiki/Kelvin\nWikipedia reference: https://en.wikipedia.org/wiki/Celsius\n\n>>> kelvin_to_celsius(273.354, 3)\n0.204\n>>> kelvin_to_celsius(273.354, 0)\n0.0\n>>> kelvin_to_celsius(273.15)\n0.0\n>>> kelvin_to_celsius(300)\n26.85\n>>> kelvin_to_celsius(\"315.5\")\n42.35\n>>> kelvin_to_celsius(\"kelvin\")\nTraceback (most recent call last):\n...\nValueError: could not convert string to float: 'kelvin'", "short_description": "Convert a given value from Kelvin to Celsius and round it to 2 decimal places."}, "args": ["kelvin", "ndigits"], "min_max_lineno": {"min_lineno": 170, "max_lineno": 192}, "calls": ["round", "float"]}, "kelvin_to_fahrenheit": {"doc": {"long_description": "Wikipedia reference: https://en.wikipedia.org/wiki/Kelvin\nWikipedia reference: https://en.wikipedia.org/wiki/Fahrenheit\n\n>>> kelvin_to_fahrenheit(273.354, 3)\n32.367\n>>> kelvin_to_fahrenheit(273.354, 0)\n32.0\n>>> kelvin_to_fahrenheit(273.15)\n32.0\n>>> kelvin_to_fahrenheit(300)\n80.33\n>>> kelvin_to_fahrenheit(\"315.5\")\n108.23\n>>> kelvin_to_fahrenheit(\"kelvin\")\nTraceback (most recent call last):\n...\nValueError: could not convert string to float: 'kelvin'", "short_description": "Convert a given value from Kelvin to Fahrenheit and round it to 2 decimal places."}, "args": ["kelvin", "ndigits"], "min_max_lineno": {"min_lineno": 194, "max_lineno": 216}, "calls": ["round", "float"]}, "kelvin_to_rankine": {"doc": {"long_description": "Wikipedia reference: https://en.wikipedia.org/wiki/Kelvin\nWikipedia reference: https://en.wikipedia.org/wiki/Rankine_scale\n\n>>> kelvin_to_rankine(273.354, 3)\n492.037\n>>> kelvin_to_rankine(273.354, 0)\n492.0\n>>> kelvin_to_rankine(0)\n0.0\n>>> kelvin_to_rankine(20.0)\n36.0\n>>> kelvin_to_rankine(\"40\")\n72.0\n>>> kelvin_to_rankine(\"kelvin\")\nTraceback (most recent call last):\n...\nValueError: could not convert string to float: 'kelvin'", "short_description": "Convert a given value from Kelvin to Rankine and round it to 2 decimal places."}, "args": ["kelvin", "ndigits"], "min_max_lineno": {"min_lineno": 218, "max_lineno": 240}, "calls": ["round", "float"]}, "rankine_to_celsius": {"doc": {"long_description": "Wikipedia reference: https://en.wikipedia.org/wiki/Rankine_scale\nWikipedia reference: https://en.wikipedia.org/wiki/Celsius\n\n>>> rankine_to_celsius(273.354, 3)\n-121.287\n>>> rankine_to_celsius(273.354, 0)\n-121.0\n>>> rankine_to_celsius(273.15)\n-121.4\n>>> rankine_to_celsius(300)\n-106.48\n>>> rankine_to_celsius(\"315.5\")\n-97.87\n>>> rankine_to_celsius(\"rankine\")\nTraceback (most recent call last):\n...\nValueError: could not convert string to float: 'rankine'", "short_description": "Convert a given value from Rankine to Celsius and round it to 2 decimal places."}, "args": ["rankine", "ndigits"], "min_max_lineno": {"min_lineno": 242, "max_lineno": 264}, "calls": ["round", "float"]}, "rankine_to_fahrenheit": {"doc": {"long_description": "Wikipedia reference: https://en.wikipedia.org/wiki/Rankine_scale\nWikipedia reference: https://en.wikipedia.org/wiki/Fahrenheit\n\n>>> rankine_to_fahrenheit(273.15)\n-186.52\n>>> rankine_to_fahrenheit(300)\n-159.67\n>>> rankine_to_fahrenheit(\"315.5\")\n-144.17\n>>> rankine_to_fahrenheit(\"rankine\")\nTraceback (most recent call last):\n...\nValueError: could not convert string to float: 'rankine'", "short_description": "Convert a given value from Rankine to Fahrenheit and round it to 2 decimal places."}, "args": ["rankine", "ndigits"], "min_max_lineno": {"min_lineno": 266, "max_lineno": 284}, "calls": ["round", "float"]}, "rankine_to_kelvin": {"doc": {"long_description": "Wikipedia reference: https://en.wikipedia.org/wiki/Rankine_scale\nWikipedia reference: https://en.wikipedia.org/wiki/Kelvin\n\n>>> rankine_to_kelvin(0)\n0.0\n>>> rankine_to_kelvin(20.0)\n11.11\n>>> rankine_to_kelvin(\"40\")\n22.22\n>>> rankine_to_kelvin(\"rankine\")\nTraceback (most recent call last):\n...\nValueError: could not convert string to float: 'rankine'", "short_description": "Convert a given value from Rankine to Kelvin and round it to 2 decimal places."}, "args": ["rankine", "ndigits"], "min_max_lineno": {"min_lineno": 286, "max_lineno": 304}, "calls": ["round", "float"]}, "reaumur_to_kelvin": {"doc": {"long_description": "Reference:- http://www.csgnetwork.com/temp2conv.html\n\n>>> reaumur_to_kelvin(0)\n273.15\n>>> reaumur_to_kelvin(20.0)\n298.15\n>>> reaumur_to_kelvin(40)\n323.15\n>>> reaumur_to_kelvin(\"reaumur\")\nTraceback (most recent call last):\n...\nValueError: could not convert string to float: 'reaumur'", "short_description": "Convert a given value from reaumur to Kelvin and round it to 2 decimal places."}, "args": ["reaumur", "ndigits"], "min_max_lineno": {"min_lineno": 306, "max_lineno": 323}, "calls": ["round", "float"]}, "reaumur_to_fahrenheit": {"doc": {"long_description": "Reference:- http://www.csgnetwork.com/temp2conv.html\n\n>>> reaumur_to_fahrenheit(0)\n32.0\n>>> reaumur_to_fahrenheit(20.0)\n77.0\n>>> reaumur_to_fahrenheit(40)\n122.0\n>>> reaumur_to_fahrenheit(\"reaumur\")\nTraceback (most recent call last):\n...\nValueError: could not convert string to float: 'reaumur'", "short_description": "Convert a given value from reaumur to fahrenheit and round it to 2 decimal places."}, "args": ["reaumur", "ndigits"], "min_max_lineno": {"min_lineno": 325, "max_lineno": 342}, "calls": ["round", "float"]}, "reaumur_to_celsius": {"doc": {"long_description": "Reference:- http://www.csgnetwork.com/temp2conv.html\n\n>>> reaumur_to_celsius(0)\n0.0\n>>> reaumur_to_celsius(20.0)\n25.0\n>>> reaumur_to_celsius(40)\n50.0\n>>> reaumur_to_celsius(\"reaumur\")\nTraceback (most recent call last):\n...\nValueError: could not convert string to float: 'reaumur'", "short_description": "Convert a given value from reaumur to celsius and round it to 2 decimal places."}, "args": ["reaumur", "ndigits"], "min_max_lineno": {"min_lineno": 344, "max_lineno": 361}, "calls": ["round", "float"]}, "reaumur_to_rankine": {"doc": {"long_description": "Reference:- http://www.csgnetwork.com/temp2conv.html\n\n>>> reaumur_to_rankine(0)\n491.67\n>>> reaumur_to_rankine(20.0)\n536.67\n>>> reaumur_to_rankine(40)\n581.67\n>>> reaumur_to_rankine(\"reaumur\")\nTraceback (most recent call last):\n...\nValueError: could not convert string to float: 'reaumur'", "short_description": "Convert a given value from reaumur to rankine and round it to 2 decimal places."}, "args": ["reaumur", "ndigits"], "min_max_lineno": {"min_lineno": 363, "max_lineno": 380}, "calls": ["round", "float"]}}, "main_info": {"main_flag": 1, "type": "script"}, "is_test": false}