{"file": {"path": "/Users/rakshithagnanasekaran/desktop/Python/conversions/volume_conversions.py", "fileNameBase": "volume_conversions", "extension": "py", "doc": {"long_description": "Available Units:- Cubic metre,Litre,KiloLitre,Gallon,Cubic yard,Cubic foot,cup\nUSAGE :\n-> Import this file into their respective project.\n-> Use the function length_conversion() for conversion of volume units.\n-> Parameters :\n    -> value : The number of from units you want to convert\n    -> from_type : From which type you want to convert\n    -> to_type : To which type you want to convert\nREFERENCES :\n-> Wikipedia reference: https://en.wikipedia.org/wiki/Cubic_metre\n-> Wikipedia reference: https://en.wikipedia.org/wiki/Litre\n-> Wikipedia reference: https://en.wiktionary.org/wiki/kilolitre\n-> Wikipedia reference: https://en.wikipedia.org/wiki/Gallon\n-> Wikipedia reference: https://en.wikipedia.org/wiki/Cubic_yard\n-> Wikipedia reference: https://en.wikipedia.org/wiki/Cubic_foot\n-> Wikipedia reference: https://en.wikipedia.org/wiki/Cup_(unit)", "short_description": "Conversion of volume units.", "full": "Conversion of volume units.\nAvailable Units:- Cubic metre,Litre,KiloLitre,Gallon,Cubic yard,Cubic foot,cup\nUSAGE :\n-> Import this file into their respective project.\n-> Use the function length_conversion() for conversion of volume units.\n-> Parameters :\n    -> value : The number of from units you want to convert\n    -> from_type : From which type you want to convert\n    -> to_type : To which type you want to convert\nREFERENCES :\n-> Wikipedia reference: https://en.wikipedia.org/wiki/Cubic_metre\n-> Wikipedia reference: https://en.wikipedia.org/wiki/Litre\n-> Wikipedia reference: https://en.wiktionary.org/wiki/kilolitre\n-> Wikipedia reference: https://en.wikipedia.org/wiki/Gallon\n-> Wikipedia reference: https://en.wikipedia.org/wiki/Cubic_yard\n-> Wikipedia reference: https://en.wikipedia.org/wiki/Cubic_foot\n-> Wikipedia reference: https://en.wikipedia.org/wiki/Cup_(unit)"}}, "dependencies": [{"from_module": "collections", "import": "namedtuple", "type": "external"}], "functions": {"volume_conversion": {"doc": {"long_description": ">>> volume_conversion(4, \"cubicmeter\", \"litre\")\n4000\n>>> volume_conversion(1, \"litre\", \"gallon\")\n0.264172\n>>> volume_conversion(1, \"kilolitre\", \"cubicmeter\")\n1\n>>> volume_conversion(3, \"gallon\", \"cubicyard\")\n0.017814279\n>>> volume_conversion(2, \"cubicyard\", \"litre\")\n1529.1\n>>> volume_conversion(4, \"cubicfoot\", \"cup\")\n473.396\n>>> volume_conversion(1, \"cup\", \"kilolitre\")\n0.000236588\n>>> volume_conversion(4, \"wrongUnit\", \"litre\")\nTraceback (most recent call last):\n  File \"/usr/lib/python3.8/doctest.py\", line 1336, in __run\n    exec(compile(example.source, filename, \"single\",\n  File \"<doctest __main__.volume_conversion[7]>\", line 1, in <module>\n    volume_conversion(4, \"wrongUnit\", \"litre\")\n  File \"<string>\", line 62, in volume_conversion\nValueError: Invalid 'from_type' value: 'wrongUnit'  Supported values are:\ncubicmeter, litre, kilolitre, gallon, cubicyard, cubicfoot, cup", "short_description": "Conversion between volume units."}, "args": ["value", "from_type", "to_type"], "min_max_lineno": {"min_lineno": 36, "max_lineno": 74}, "calls": ["ValueError", "ValueError"]}}, "body": {"calls": ["collections.namedtuple"], "store_vars_calls": {"from_to": "namedtuple"}}, "main_info": {"main_flag": 1, "type": "script"}, "is_test": false}