{"file": {"path": "/Users/rakshithagnanasekaran/desktop/Python/conversions/weight_conversion.py", "fileNameBase": "weight_conversion", "extension": "py", "doc": {"long_description": "__author__ = \"Anubhav Solanki\"\n__license__ = \"MIT\"\n__version__ = \"1.1.0\"\n__maintainer__ = \"Anubhav Solanki\"\n__email__ = \"anubhavsolanki0@gmail.com\"\n\nUSAGE :\n-> Import this file into their respective project.\n-> Use the function weight_conversion() for conversion of weight units.\n-> Parameters :\n    -> from_type : From which type you want to convert\n    -> to_type : To which type you want to convert\n    -> value : the value which you want to convert\n\nREFERENCES :\n\n-> Wikipedia reference: https://en.wikipedia.org/wiki/Kilogram\n-> Wikipedia reference: https://en.wikipedia.org/wiki/Gram\n-> Wikipedia reference: https://en.wikipedia.org/wiki/Millimetre\n-> Wikipedia reference: https://en.wikipedia.org/wiki/Tonne\n-> Wikipedia reference: https://en.wikipedia.org/wiki/Long_ton\n-> Wikipedia reference: https://en.wikipedia.org/wiki/Short_ton\n-> Wikipedia reference: https://en.wikipedia.org/wiki/Pound\n-> Wikipedia reference: https://en.wikipedia.org/wiki/Ounce\n-> Wikipedia reference: https://en.wikipedia.org/wiki/Fineness#Karat\n-> Wikipedia reference: https://en.wikipedia.org/wiki/Dalton_(unit)\n-> Wikipedia reference: https://en.wikipedia.org/wiki/Stone_(unit)", "short_description": "Conversion of weight units.", "full": "Conversion of weight units.\n\n__author__ = \"Anubhav Solanki\"\n__license__ = \"MIT\"\n__version__ = \"1.1.0\"\n__maintainer__ = \"Anubhav Solanki\"\n__email__ = \"anubhavsolanki0@gmail.com\"\n\nUSAGE :\n-> Import this file into their respective project.\n-> Use the function weight_conversion() for conversion of weight units.\n-> Parameters :\n    -> from_type : From which type you want to convert\n    -> to_type : To which type you want to convert\n    -> value : the value which you want to convert\n\nREFERENCES :\n\n-> Wikipedia reference: https://en.wikipedia.org/wiki/Kilogram\n-> Wikipedia reference: https://en.wikipedia.org/wiki/Gram\n-> Wikipedia reference: https://en.wikipedia.org/wiki/Millimetre\n-> Wikipedia reference: https://en.wikipedia.org/wiki/Tonne\n-> Wikipedia reference: https://en.wikipedia.org/wiki/Long_ton\n-> Wikipedia reference: https://en.wikipedia.org/wiki/Short_ton\n-> Wikipedia reference: https://en.wikipedia.org/wiki/Pound\n-> Wikipedia reference: https://en.wikipedia.org/wiki/Ounce\n-> Wikipedia reference: https://en.wikipedia.org/wiki/Fineness#Karat\n-> Wikipedia reference: https://en.wikipedia.org/wiki/Dalton_(unit)\n-> Wikipedia reference: https://en.wikipedia.org/wiki/Stone_(unit)"}}, "functions": {"weight_conversion": {"doc": {"long_description": "\"kilogram\" : 1,\n\"gram\" : pow(10, 3),\n\"milligram\" : pow(10, 6),\n\"metric-ton\" : pow(10, -3),\n\"long-ton\" : 0.0009842073,\n\"short-ton\" : 0.0011023122,\n\"pound\" : 2.2046244202,\n\"stone\": 0.1574731728,\n\"ounce\" : 35.273990723,\n\"carrat\" : 5000,\n\"atomic-mass-unit\" : 6.022136652E+26\n\n>>> weight_conversion(\"kilogram\",\"kilogram\",4)\n4\n>>> weight_conversion(\"kilogram\",\"gram\",1)\n1000\n>>> weight_conversion(\"kilogram\",\"milligram\",4)\n4000000\n>>> weight_conversion(\"kilogram\",\"metric-ton\",4)\n0.004\n>>> weight_conversion(\"kilogram\",\"long-ton\",3)\n0.0029526219\n>>> weight_conversion(\"kilogram\",\"short-ton\",1)\n0.0011023122\n>>> weight_conversion(\"kilogram\",\"pound\",4)\n8.8184976808\n>>> weight_conversion(\"kilogram\",\"stone\",5)\n0.7873658640000001\n>>> weight_conversion(\"kilogram\",\"ounce\",4)\n141.095962892\n>>> weight_conversion(\"kilogram\",\"carrat\",3)\n15000\n>>> weight_conversion(\"kilogram\",\"atomic-mass-unit\",1)\n6.022136652e+26\n>>> weight_conversion(\"gram\",\"kilogram\",1)\n0.001\n>>> weight_conversion(\"gram\",\"gram\",3)\n3.0\n>>> weight_conversion(\"gram\",\"milligram\",2)\n2000.0\n>>> weight_conversion(\"gram\",\"metric-ton\",4)\n4e-06\n>>> weight_conversion(\"gram\",\"long-ton\",3)\n2.9526219e-06\n>>> weight_conversion(\"gram\",\"short-ton\",3)\n3.3069366000000003e-06\n>>> weight_conversion(\"gram\",\"pound\",3)\n0.0066138732606\n>>> weight_conversion(\"gram\",\"stone\",4)\n0.0006298926912000001\n>>> weight_conversion(\"gram\",\"ounce\",1)\n0.035273990723\n>>> weight_conversion(\"gram\",\"carrat\",2)\n10.0\n>>> weight_conversion(\"gram\",\"atomic-mass-unit\",1)\n6.022136652e+23\n>>> weight_conversion(\"milligram\",\"kilogram\",1)\n1e-06\n>>> weight_conversion(\"milligram\",\"gram\",2)\n0.002\n>>> weight_conversion(\"milligram\",\"milligram\",3)\n3.0\n>>> weight_conversion(\"milligram\",\"metric-ton\",3)\n3e-09\n>>> weight_conversion(\"milligram\",\"long-ton\",3)\n2.9526219e-09\n>>> weight_conversion(\"milligram\",\"short-ton\",1)\n1.1023122e-09\n>>> weight_conversion(\"milligram\",\"pound\",3)\n6.6138732605999995e-06\n>>> weight_conversion(\"milligram\",\"ounce\",2)\n7.054798144599999e-05\n>>> weight_conversion(\"milligram\",\"carrat\",1)\n0.005\n>>> weight_conversion(\"milligram\",\"atomic-mass-unit\",1)\n6.022136652e+20\n>>> weight_conversion(\"metric-ton\",\"kilogram\",2)\n2000\n>>> weight_conversion(\"metric-ton\",\"gram\",2)\n2000000\n>>> weight_conversion(\"metric-ton\",\"milligram\",3)\n3000000000\n>>> weight_conversion(\"metric-ton\",\"metric-ton\",2)\n2.0\n>>> weight_conversion(\"metric-ton\",\"long-ton\",3)\n2.9526219\n>>> weight_conversion(\"metric-ton\",\"short-ton\",2)\n2.2046244\n>>> weight_conversion(\"metric-ton\",\"pound\",3)\n6613.8732606\n>>> weight_conversion(\"metric-ton\",\"ounce\",4)\n141095.96289199998\n>>> weight_conversion(\"metric-ton\",\"carrat\",4)\n20000000\n>>> weight_conversion(\"metric-ton\",\"atomic-mass-unit\",1)\n6.022136652e+29\n>>> weight_conversion(\"long-ton\",\"kilogram\",4)\n4064.18432\n>>> weight_conversion(\"long-ton\",\"gram\",4)\n4064184.32\n>>> weight_conversion(\"long-ton\",\"milligram\",3)\n3048138240.0\n>>> weight_conversion(\"long-ton\",\"metric-ton\",4)\n4.06418432\n>>> weight_conversion(\"long-ton\",\"long-ton\",3)\n2.999999907217152\n>>> weight_conversion(\"long-ton\",\"short-ton\",1)\n1.119999989746176\n>>> weight_conversion(\"long-ton\",\"pound\",3)\n6720.000000049448\n>>> weight_conversion(\"long-ton\",\"ounce\",1)\n35840.000000060514\n>>> weight_conversion(\"long-ton\",\"carrat\",4)\n20320921.599999998\n>>> weight_conversion(\"long-ton\",\"atomic-mass-unit\",4)\n2.4475073353955697e+30\n>>> weight_conversion(\"short-ton\",\"kilogram\",3)\n2721.5519999999997\n>>> weight_conversion(\"short-ton\",\"gram\",3)\n2721552.0\n>>> weight_conversion(\"short-ton\",\"milligram\",1)\n907184000.0\n>>> weight_conversion(\"short-ton\",\"metric-ton\",4)\n3.628736\n>>> weight_conversion(\"short-ton\",\"long-ton\",3)\n2.6785713457296\n>>> weight_conversion(\"short-ton\",\"short-ton\",3)\n2.9999999725344\n>>> weight_conversion(\"short-ton\",\"pound\",2)\n4000.0000000294335\n>>> weight_conversion(\"short-ton\",\"ounce\",4)\n128000.00000021611\n>>> weight_conversion(\"short-ton\",\"carrat\",4)\n18143680.0\n>>> weight_conversion(\"short-ton\",\"atomic-mass-unit\",1)\n5.463186016507968e+29\n>>> weight_conversion(\"pound\",\"kilogram\",4)\n1.814368\n>>> weight_conversion(\"pound\",\"gram\",2)\n907.184\n>>> weight_conversion(\"pound\",\"milligram\",3)\n1360776.0\n>>> weight_conversion(\"pound\",\"metric-ton\",3)\n0.001360776\n>>> weight_conversion(\"pound\",\"long-ton\",2)\n0.0008928571152432\n>>> weight_conversion(\"pound\",\"short-ton\",1)\n0.0004999999954224\n>>> weight_conversion(\"pound\",\"pound\",3)\n3.0000000000220752\n>>> weight_conversion(\"pound\",\"ounce\",1)\n16.000000000027015\n>>> weight_conversion(\"pound\",\"carrat\",1)\n2267.96\n>>> weight_conversion(\"pound\",\"atomic-mass-unit\",4)\n1.0926372033015936e+27\n>>> weight_conversion(\"stone\",\"kilogram\",5)\n31.751450000000002\n>>> weight_conversion(\"stone\",\"gram\",2)\n12700.58\n>>> weight_conversion(\"stone\",\"milligram\",3)\n19050870.0\n>>> weight_conversion(\"stone\",\"metric-ton\",3)\n0.01905087\n>>> weight_conversion(\"stone\",\"long-ton\",3)\n0.018750005325351003\n>>> weight_conversion(\"stone\",\"short-ton\",3)\n0.021000006421614002\n>>> weight_conversion(\"stone\",\"pound\",2)\n28.00000881870372\n>>> weight_conversion(\"stone\",\"ounce\",1)\n224.00007054835967\n>>> weight_conversion(\"stone\",\"carrat\",2)\n63502.9\n>>> weight_conversion(\"ounce\",\"kilogram\",3)\n0.0850485\n>>> weight_conversion(\"ounce\",\"gram\",3)\n85.0485\n>>> weight_conversion(\"ounce\",\"milligram\",4)\n113398.0\n>>> weight_conversion(\"ounce\",\"metric-ton\",4)\n0.000113398\n>>> weight_conversion(\"ounce\",\"long-ton\",4)\n0.0001116071394054\n>>> weight_conversion(\"ounce\",\"short-ton\",4)\n0.0001249999988556\n>>> weight_conversion(\"ounce\",\"pound\",1)\n0.0625000000004599\n>>> weight_conversion(\"ounce\",\"ounce\",2)\n2.000000000003377\n>>> weight_conversion(\"ounce\",\"carrat\",1)\n141.7475\n>>> weight_conversion(\"ounce\",\"atomic-mass-unit\",1)\n1.70724563015874e+25\n>>> weight_conversion(\"carrat\",\"kilogram\",1)\n0.0002\n>>> weight_conversion(\"carrat\",\"gram\",4)\n0.8\n>>> weight_conversion(\"carrat\",\"milligram\",2)\n400.0\n>>> weight_conversion(\"carrat\",\"metric-ton\",2)\n4.0000000000000003e-07\n>>> weight_conversion(\"carrat\",\"long-ton\",3)\n5.9052438e-07\n>>> weight_conversion(\"carrat\",\"short-ton\",4)\n8.818497600000002e-07\n>>> weight_conversion(\"carrat\",\"pound\",1)\n0.00044092488404000004\n>>> weight_conversion(\"carrat\",\"ounce\",2)\n0.0141095962892\n>>> weight_conversion(\"carrat\",\"carrat\",4)\n4.0\n>>> weight_conversion(\"carrat\",\"atomic-mass-unit\",4)\n4.8177093216e+23\n>>> weight_conversion(\"atomic-mass-unit\",\"kilogram\",4)\n6.642160796e-27\n>>> weight_conversion(\"atomic-mass-unit\",\"gram\",2)\n3.321080398e-24\n>>> weight_conversion(\"atomic-mass-unit\",\"milligram\",2)\n3.3210803980000002e-21\n>>> weight_conversion(\"atomic-mass-unit\",\"metric-ton\",3)\n4.9816205970000004e-30\n>>> weight_conversion(\"atomic-mass-unit\",\"long-ton\",3)\n4.9029473573977584e-30\n>>> weight_conversion(\"atomic-mass-unit\",\"short-ton\",1)\n1.830433719948128e-30\n>>> weight_conversion(\"atomic-mass-unit\",\"pound\",3)\n1.0982602420317504e-26\n>>> weight_conversion(\"atomic-mass-unit\",\"ounce\",2)\n1.1714775914938915e-25\n>>> weight_conversion(\"atomic-mass-unit\",\"carrat\",2)\n1.660540199e-23\n>>> weight_conversion(\"atomic-mass-unit\",\"atomic-mass-unit\",2)\n1.999999998903455", "short_description": "Conversion of weight unit with the help of KILOGRAM_CHART"}, "args": ["from_type", "to_type", "value"], "min_max_lineno": {"min_lineno": 62, "max_lineno": 307}, "calls": ["ValueError"]}}, "main_info": {"main_flag": 1, "type": "script"}, "is_test": false}