{"file": {"path": "/Users/rakshithagnanasekaran/desktop/inspect4py/test/test_files/pylops/pylops/avo/avo.py", "fileNameBase": "avo", "extension": "py"}, "dependencies": [{"import": "logging", "type": "external"}, {"import": "numpy", "alias": "np", "type": "external"}, {"from_module": "numpy", "import": "tan", "type": "external"}, {"from_module": "numpy", "import": "sin", "type": "external"}, {"from_module": "numpy", "import": "cos", "type": "external"}, {"from_module": "pylops", "import": "LinearOperator", "type": "external"}, {"from_module": "pylops.utils.backend", "import": "get_array_module", "type": "external"}], "classes": {"AVOLinearModelling": {"doc": {"long_description": "Create operator to be applied to a combination of elastic parameters\nfor generation of seismic pre-stack reflectivity.", "short_description": "AVO Linearized modelling.", "full": "AVO Linearized modelling.\n\nCreate operator to be applied to a combination of elastic parameters\nfor generation of seismic pre-stack reflectivity.\n\nParameters\n----------\ntheta : :obj:`np.ndarray`\n    Incident angles in degrees\nvsvp : :obj:`np.ndarray` or :obj:`float`\n    VS/VP ratio\nnt0 : :obj:`int`, optional\n    number of samples (if ``vsvp`` is a scalar)\nspatdims : :obj:`int` or :obj:`tuple`, optional\n    Number of samples along spatial axis (or axes)\n    (``None`` if only one dimension is available)\nlinearization : :obj:`str`, optional\n    choice of linearization: ``akirich``: PP Aki-Richards,\n    ``fatti``: PP Fatti, ``ps``: PS reflection,\ndtype : :obj:`str`, optional\n    Type of elements in input array.\n\nAttributes\n----------\nshape : :obj:`tuple`\n    Operator shape\nexplicit : :obj:`bool`\n    Operator contains a matrix that can be solved explicitly\n    (``True``) or not (``False``)\n\nRaises\n------\nNotImplementedError\n    If ``linearization`` is not an implemented linearization\n\nNotes\n-----\nThe AVO linearized operator performs a linear combination of three\n(or two) elastic parameters arranged in input vector :math:`\\mathbf{m}`\nof size :math:`n_{t0} \\times N` to create the so-called seismic\nreflectivity:\n\n.. math::\n    r(t, \\theta, x, y) = \\sum_{i=1}^N G_i(t, \\theta) m_i(t, x, y) \\qquad\n    \\forall \\quad t, \\theta\n\nwhere :math:`N=2/3`. Note that the reflectivity can be in 1d, 2d or 3d\nand ``spatdims`` contains the dimensions of the spatial axis (or axes)\n:math:`x` and :math:`y`."}, "extend": ["LinearOperator"], "min_max_lineno": {"min_lineno": 458, "max_lineno": 562}, "methods": {"__init__": {"args": ["self", "theta", "vsvp", "nt0", "spatdims", "linearization", "dtype"], "min_max_lineno": {"min_lineno": 510, "max_lineno": 546}, "calls": ["pylops.utils.backend.get_array_module", "len", "avo.AVOLinearModelling.ncp.concatenate", "range", "len", "numpy.dtype", "len", "numpy.prod", "avo.akirichards", "len", "isinstance", "isinstance", "avo.fatti", "avo.ps", "logging.error", "NotImplementedError"], "store_vars_calls": {"self.ncp": "get_array_module", "self.ntheta": "len", "self.G": "self.ncp.concatenate", "self.npars": "len", "self.dtype": "np.dtype", "nspatdims": "np.prod", "Gs": "ps"}}, "_matvec": {"args": ["self", "x"], "returns": [["y"]], "min_max_lineno": {"min_lineno": 547, "max_lineno": 554}, "calls": ["avo.AVOLinearModelling.ncp.sum", "x.reshape.reshape.reshape", "x.reshape.reshape.reshape"], "store_vars_calls": {"y": "self.ncp.sum", "x": "x.reshape"}}, "_rmatvec": {"args": ["self", "x"], "returns": [["y"]], "min_max_lineno": {"min_lineno": 555, "max_lineno": 562}, "calls": ["avo.AVOLinearModelling.ncp.sum", "x.reshape.reshape.reshape", "x.reshape.reshape.reshape"], "store_vars_calls": {"y": "self.ncp.sum", "x": "x.reshape"}}}}}, "functions": {"zoeppritz_scattering": {"doc": {"long_description": "Calculates the angle dependent p-wave reflectivity of an\ninterface between two media for a set of incident angles.", "short_description": "Zoeppritz solution.", "args": {"vp1": {"description": "P-wave velocity of the upper medium", "type_name": ":obj:`float`", "is_optional": false}, "vs1": {"description": "S-wave velocity of the upper medium", "type_name": ":obj:`float`", "is_optional": false}, "rho1": {"description": "Density of the upper medium", "type_name": ":obj:`float`", "is_optional": false}, "vp0": {"description": "P-wave velocity of the lower medium", "type_name": ":obj:`float`", "is_optional": false}, "vs0": {"description": "S-wave velocity of the lower medium", "type_name": ":obj:`float`", "is_optional": false}, "rho0": {"description": "Density of the lower medium", "type_name": ":obj:`float`", "is_optional": false}, "theta1": {"description": "Incident angles in degrees", "type_name": ":obj:`np.ndarray` or :obj:`float`", "is_optional": false}}, "returns": {"description": ":math:`4 \\times 4` matrix representing the scattering matrix for the\nincident angle ``theta1``", "type_name": ":obj:`np.ndarray`", "is_generator": false, "return_name": "zoep"}}, "args": ["vp1", "vs1", "rho1", "vp0", "vs0", "rho0", "theta1"], "returns": [["zoep"]], "min_max_lineno": {"min_lineno": 11, "max_lineno": 95}, "calls": ["pylops.utils.backend.get_array_module", "isinstance", "pylops.utils.backend.get_array_module.radians", "pylops.utils.backend.get_array_module.arcsin", "pylops.utils.backend.get_array_module.arcsin", "pylops.utils.backend.get_array_module.arcsin", "pylops.utils.backend.get_array_module.array", "pylops.utils.backend.get_array_module.array", "pylops.utils.backend.get_array_module.zeros", "range", "pylops.utils.backend.get_array_module.array", "isinstance", "numpy.sin", "pylops.utils.backend.get_array_module.dot", "pylops.utils.backend.get_array_module.array", "pylops.utils.backend.get_array_module.linalg.inv", "float", "numpy.sin", "numpy.cos", "numpy.cos", "numpy.cos", "numpy.sin", "numpy.cos", "numpy.cos", "numpy.cos", "numpy.sin", "numpy.cos", "numpy.sin", "numpy.sin", "numpy.cos", "numpy.cos", "numpy.sin", "numpy.sin", "numpy.sin", "numpy.cos", "numpy.sin", "numpy.sin", "numpy.cos", "numpy.cos", "numpy.sin", "numpy.sin", "numpy.sin", "numpy.sin", "numpy.sin", "numpy.sin", "numpy.sin", "numpy.sin", "numpy.sin", "numpy.sin", "numpy.sin", "numpy.sin", "numpy.sin", "numpy.sin"], "store_vars_calls": {"ncp": "get_array_module", "theta1": "ncp.array", "theta2": "ncp.arcsin", "phi1": "ncp.arcsin", "phi2": "ncp.arcsin", "M": "ncp.array", "N": "ncp.array", "zoep": "ncp.zeros", "dt": "ncp.dot"}}, "zoeppritz_element": {"doc": {"long_description": "Simple wrapper to :py:class:`pylops.avo.avo.scattering_matrix`,\nreturning any mode reflection coefficient from the Zoeppritz\nscattering matrix for specific combination of incident\nand reflected wave and a set of incident angles", "short_description": "Single element of Zoeppritz solution.", "args": {"vp1": {"description": "P-wave velocity of the upper medium", "type_name": ":obj:`float`", "is_optional": false}, "vs1": {"description": "S-wave velocity of the upper medium", "type_name": ":obj:`float`", "is_optional": false}, "rho1": {"description": "Density of the upper medium", "type_name": ":obj:`float`", "is_optional": false}, "vp0": {"description": "P-wave velocity of the lower medium", "type_name": ":obj:`float`", "is_optional": false}, "vs0": {"description": "S-wave velocity of the lower medium", "type_name": ":obj:`float`", "is_optional": false}, "rho0": {"description": "Density of the lower medium", "type_name": ":obj:`float`", "is_optional": false}, "theta1": {"description": "Incident angles in degrees", "type_name": ":obj:`np.ndarray` or :obj:`float`", "is_optional": false}, "element": {"description": "specific choice of incident and reflected wave combining\nany two of the following strings: ``Pd`` P-wave downgoing,\n``Sd`` S-wave downgoing, ``Pu`` P-wave upgoing,\n``Su`` S-wave upgoing (e.g., ``PdPu``)", "type_name": ":obj:`str`", "is_optional": true}}, "returns": {"description": "reflectivity values for all input angles for specific combination\nof incident and reflected wave.", "type_name": ":obj:`np.ndarray`", "is_generator": false, "return_name": "refl"}}, "args": ["vp1", "vs1", "rho1", "vp0", "vs0", "rho0", "theta1", "element"], "min_max_lineno": {"min_lineno": 97, "max_lineno": 146}, "calls": ["numpy.array", "avo.zoeppritz_scattering", "numpy.where", "numpy.squeeze"], "store_vars_calls": {"elements": "np.array", "refl": "zoeppritz_scattering", "element": "np.where"}}, "zoeppritz_pp": {"doc": {"long_description": "Simple wrapper to :py:class:`pylops.avo.avo.scattering_matrix`,\nreturning the PP reflection coefficient from the Zoeppritz\nscattering matrix for a set of incident angles", "short_description": "PP reflection coefficient from the Zoeppritz scattering matrix.", "args": {"vp1": {"description": "P-wave velocity of the upper medium", "type_name": ":obj:`float`", "is_optional": false}, "vs1": {"description": "S-wave velocity of the upper medium", "type_name": ":obj:`float`", "is_optional": false}, "rho1": {"description": "Density of the upper medium", "type_name": ":obj:`float`", "is_optional": false}, "vp0": {"description": "P-wave velocity of the lower medium", "type_name": ":obj:`float`", "is_optional": false}, "vs0": {"description": "S-wave velocity of the lower medium", "type_name": ":obj:`float`", "is_optional": false}, "rho0": {"description": "Density of the lower medium", "type_name": ":obj:`float`", "is_optional": false}, "theta1": {"description": "Incident angles in degrees", "type_name": ":obj:`np.ndarray` or :obj:`float`", "is_optional": false}}, "returns": {"description": "PP reflectivity values for all input angles.", "type_name": ":obj:`np.ndarray`", "is_generator": false, "return_name": "PPrefl"}}, "args": ["vp1", "vs1", "rho1", "vp0", "vs0", "rho0", "theta1"], "returns": [["PPrefl"]], "min_max_lineno": {"min_lineno": 148, "max_lineno": 185}, "calls": ["avo.zoeppritz_element"], "store_vars_calls": {"PPrefl": "zoeppritz_element"}}, "approx_zoeppritz_pp": {"doc": {"long_description": "Approximate calculation of PP reflection from the Zoeppritz\nscattering matrix for a set of incident angles [1]_.\n\n.. [1] Dvorkin et al. Seismic Reflections of Rock Properties.\n   Cambridge. 2014.", "short_description": "PP reflection coefficient from the approximate Zoeppritz equation.", "args": {"vp1": {"description": "P-wave velocity of the upper medium", "type_name": ":obj:`np.ndarray` or :obj:`list` or :obj:`tuple`", "is_optional": false}, "vs1": {"description": "S-wave velocity of the upper medium", "type_name": ":obj:`np.ndarray` or :obj:`list` or :obj:`tuple`", "is_optional": false}, "rho1": {"description": "Density of the upper medium", "type_name": ":obj:`np.ndarray` or :obj:`list` or :obj:`tuple`", "is_optional": false}, "vp0": {"description": "P-wave velocity of the lower medium", "type_name": ":obj:`np.ndarray` or :obj:`list` or :obj:`tuple`", "is_optional": false}, "vs0": {"description": "S-wave velocity of the lower medium", "type_name": ":obj:`np.ndarray` or :obj:`list` or :obj:`tuple`", "is_optional": false}, "rho0": {"description": "Density of the lower medium", "type_name": ":obj:`np.ndarray` or :obj:`list` or :obj:`tuple`", "is_optional": false}, "theta1": {"description": "Incident angles in degrees", "type_name": ":obj:`np.ndarray` or :obj:`float`", "is_optional": false}}, "returns": {"description": "PP reflectivity values for all input angles.", "type_name": ":obj:`np.ndarray`", "is_generator": false, "return_name": "PPrefl"}}, "args": ["vp1", "vs1", "rho1", "vp0", "vs0", "rho0", "theta1"], "returns": [["rpp"]], "min_max_lineno": {"min_lineno": 187, "max_lineno": 262}, "calls": ["pylops.utils.backend.get_array_module", "pylops.utils.backend.get_array_module.deg2rad", "pylops.utils.backend.get_array_module.arcsin", "pylops.utils.backend.get_array_module.arcsin", "pylops.utils.backend.get_array_module.arcsin", "pylops.utils.backend.get_array_module.array", "pylops.utils.backend.get_array_module.array", "pylops.utils.backend.get_array_module.array", "pylops.utils.backend.get_array_module.array", "pylops.utils.backend.get_array_module.array", "pylops.utils.backend.get_array_module.array", "pylops.utils.backend.get_array_module.sin", "numpy.sin", "numpy.sin", "numpy.cos", "numpy.cos", "numpy.cos", "numpy.cos", "numpy.cos", "numpy.cos", "numpy.sin", "numpy.sin", "numpy.sin", "numpy.sin", "numpy.cos", "numpy.cos", "pylops.utils.backend.get_array_module.cos", "pylops.utils.backend.get_array_module.cos", "pylops.utils.backend.get_array_module.cos", "pylops.utils.backend.get_array_module.cos"], "store_vars_calls": {"ncp": "get_array_module", "theta1": "ncp.deg2rad", "theta0": "ncp.arcsin", "phi1": "ncp.arcsin", "phi0": "ncp.arcsin"}}, "akirichards": {"doc": {"long_description": "Computes the coefficients of the of three terms Aki-Richards approximation\nfor a set of angles and a constant or variable VS/VP ratio.", "short_description": "Three terms Aki-Richards approximation.", "args": {"theta": {"description": "Incident angles in degrees", "type_name": ":obj:`np.ndarray`", "is_optional": false}, "vsvp": {"description": "VS/VP ratio", "type_name": ":obj:`np.ndarray` or :obj:`float`", "is_optional": false}, "n": {"description": "number of samples (if ``vsvp`` is a scalare)", "type_name": ":obj:`int`", "is_optional": true}}, "returns": {"description": "first coefficient of three terms Aki-Richards approximation\n:math:`[n_{theta}  \\times  n_{vsvp}]`", "type_name": ":obj:`np.ndarray`", "is_generator": false, "return_name": "G1"}}, "args": ["theta", "vsvp", "n"], "returns": [["G1", "G2", "G3"]], "min_max_lineno": {"min_lineno": 264, "max_lineno": 325}, "calls": ["pylops.utils.backend.get_array_module", "pylops.utils.backend.get_array_module.deg2rad", "isinstance", "pylops.utils.backend.get_array_module.ones", "numpy.sin", "numpy.sin", "numpy.cos"], "store_vars_calls": {"ncp": "get_array_module", "theta": "ncp.deg2rad"}}, "fatti": {"doc": {"long_description": "Computes the coefficients of the three terms Fatti approximation\nfor a set of angles and a constant or variable VS/VP ratio.", "short_description": "Three terms Fatti approximation.", "args": {"theta": {"description": "Incident angles in degrees", "type_name": ":obj:`np.ndarray`", "is_optional": false}, "vsvp": {"description": "VS/VP ratio", "type_name": ":obj:`np.ndarray` or :obj:`float`", "is_optional": false}, "n": {"description": "number of samples (if ``vsvp`` is a scalar)", "type_name": ":obj:`int`", "is_optional": true}}, "returns": {"description": "first coefficient of three terms Smith-Gidlow approximation\n:math:`[n_{theta}  \\times  n_{vsvp}]`", "type_name": ":obj:`np.ndarray`", "is_generator": false, "return_name": "G1"}}, "args": ["theta", "vsvp", "n"], "returns": [["G1", "G2", "G3"]], "min_max_lineno": {"min_lineno": 327, "max_lineno": 388}, "calls": ["pylops.utils.backend.get_array_module", "pylops.utils.backend.get_array_module.deg2rad", "isinstance", "pylops.utils.backend.get_array_module.ones", "numpy.sin", "numpy.tan", "numpy.tan", "numpy.sin"], "store_vars_calls": {"ncp": "get_array_module", "theta": "ncp.deg2rad"}}, "ps": {"doc": {"long_description": "Computes the coefficients for the PS approximation\nfor a set of angles and a constant or variable VS/VP ratio.", "short_description": "PS reflection coefficient", "args": {"theta": {"description": "Incident angles in degrees", "type_name": ":obj:`np.ndarray`", "is_optional": false}, "vsvp": {"description": "VS/VP ratio", "type_name": ":obj:`np.ndarray` or :obj:`float`", "is_optional": false}, "n": {"description": "number of samples (if ``vsvp`` is a scalar)", "type_name": ":obj:`int`", "is_optional": true}}, "returns": {"description": "first coefficient for VP :math:`[n_{theta}  \\times  n_{vsvp}]`", "type_name": ":obj:`np.ndarray`", "is_generator": false, "return_name": "G1"}}, "args": ["theta", "vsvp", "n"], "returns": [["G1", "G2", "G3"]], "min_max_lineno": {"min_lineno": 390, "max_lineno": 456}, "calls": ["pylops.utils.backend.get_array_module", "pylops.utils.backend.get_array_module.deg2rad", "numpy.arcsin", "isinstance", "numpy.ones", "numpy.sin", "numpy.sin", "numpy.tan", "numpy.cos", "numpy.tan", "numpy.cos", "numpy.cos", "numpy.cos", "numpy.sin", "numpy.sin"], "store_vars_calls": {"ncp": "get_array_module", "theta": "ncp.deg2rad", "phi": "np.arcsin"}}}, "body": {"calls": ["logging.basicConfig"]}, "is_test": false}