{"file": {"path": "/Users/rakshithagnanasekaran/desktop/inspect4py/test/test_files/pylops/pylops/avo/poststack.py", "fileNameBase": "poststack", "extension": "py"}, "dependencies": [{"import": "logging", "type": "external"}, {"import": "numpy", "alias": "np", "type": "external"}, {"from_module": "scipy.sparse.linalg", "import": "lsqr", "type": "external"}, {"from_module": "pylops.signalprocessing", "import": "Convolve1D", "type": "external"}, {"from_module": "pylops.utils.signalprocessing", "import": "convmtx", "type": "external"}, {"from_module": "pylops.utils.signalprocessing", "import": "nonstationary_convmtx", "type": "external"}, {"from_module": "pylops.utils", "import": "dottest", "alias": "Dottest", "type": "external"}, {"from_module": "pylops", "import": "MatrixMult", "type": "external"}, {"from_module": "pylops", "import": "FirstDerivative", "type": "external"}, {"from_module": "pylops", "import": "SecondDerivative", "type": "external"}, {"from_module": "pylops", "import": "Laplacian", "type": "external"}, {"from_module": "pylops.optimization.solver", "import": "cgls", "type": "external"}, {"from_module": "pylops.optimization.leastsquares", "import": "RegularizedInversion", "type": "external"}, {"from_module": "pylops.optimization.sparsity", "import": "SplitBregman", "type": "external"}, {"from_module": "pylops.utils.backend", "import": "get_array_module", "type": "external"}, {"from_module": "pylops.utils.backend", "import": "get_module_name", "type": "external"}, {"from_module": "pylops.utils.backend", "import": "get_csc_matrix", "type": "external"}, {"from_module": "pylops.utils.backend", "import": "get_lstsq", "type": "external"}], "functions": {"_PoststackLinearModelling": {"doc": {"long_description": "Used to be able to provide operators from different libraries to\nPoststackLinearModelling. It operates in the same way as public method\n(PoststackLinearModelling) but has additional input parameters allowing\npassing a different operator and additional arguments to be passed to such\noperator.", "short_description": "Post-stack linearized seismic modelling operator."}, "args": ["wav", "nt0", "spatdims", "explicit", "sparse", "kind", "_MatrixMult", "_Convolve1D", "_FirstDerivative", "args_MatrixMult", "args_Convolve1D", "args_FirstDerivative"], "returns": [["Pop"]], "min_max_lineno": {"min_lineno": 18, "max_lineno": 97}, "calls": ["pylops.utils.backend.get_array_module", "NotImplementedError", "ValueError", "isinstance", "pylops.utils.backend.get_array_module.dot", "_MatrixMult", "_FirstDerivative", "len", "len", "pylops.utils.signalprocessing.nonstationary_convmtx", "len", "_Convolve1D", "_MatrixMult", "numpy.prod", "pylops.utils.backend.get_array_module.diag", "pylops.utils.backend.get_array_module.diag", "pylops.utils.backend.get_array_module.diag", "pylops.utils.backend.get_array_module.diag", "pylops.utils.signalprocessing.convmtx", "pylops.utils.backend.get_csc_matrix", "numpy.prod", "pylops.utils.signalprocessing.nonstationary_convmtx", "numpy.array", "pylops.utils.backend.get_array_module.ones", "pylops.utils.backend.get_array_module.ones", "numpy.array", "pylops.utils.backend.get_array_module.ones", "pylops.utils.backend.get_array_module.ones", "len", "len", "len"], "store_vars_calls": {"ncp": "get_array_module", "M": "ncp.dot", "Pop": "_MatrixMult", "Dop": "_FirstDerivative", "C": "nonstationary_convmtx", "Cop": "_MatrixMult"}}, "PoststackLinearModelling": {"doc": {"long_description": "Create operator to be applied to an elastic parameter trace (or stack of\ntraces) for generation of band-limited seismic post-stack data. The input\nmodel and data have shape :math:`[n_{t0} (\\times n_x \\times n_y)]`.", "short_description": "Post-stack linearized seismic modelling operator.", "args": {"wav": {"description": "Wavelet in time domain (must have odd number of elements\nand centered to zero). If 1d, assume stationary wavelet for the entire\ntime axis. If 2d, use as non-stationary wavelet (user must provide\none wavelet per time sample in an array of size\n:math:`[n_{t0} \\times n_{wav}]` where :math:`n_{wav}` is the length\nof each wavelet). Note that the ``dtype`` of this variable will define\nthat of the operator", "type_name": ":obj:`np.ndarray`", "is_optional": false}, "nt0": {"description": "Number of samples along time axis", "type_name": ":obj:`int`", "is_optional": false}, "spatdims": {"description": "Number of samples along spatial axis (or axes)\n(``None`` if only one dimension is available)", "type_name": ":obj:`int` or :obj:`tuple`", "is_optional": true}, "explicit": {"description": "Create a chained linear operator (``False``, preferred for large data)\nor a ``MatrixMult`` linear operator with dense matrix (``True``,\npreferred for small data)", "type_name": ":obj:`bool`", "is_optional": true}, "sparse": {"description": "Create a sparse matrix (``True``) or dense  (``False``) when\n``explicit=True``", "type_name": ":obj:`bool`", "is_optional": true}}, "returns": {"description": "post-stack modelling operator.", "type_name": ":obj:`LinearOperator`", "is_generator": false, "return_name": "Pop"}, "raises": {"0": {"description": "If ``wav`` is two dimensional but does not contain ``nt0`` wavelets", "type_name": "ValueError"}}}, "args": ["wav", "nt0", "spatdims", "explicit", "sparse", "kind"], "min_max_lineno": {"min_lineno": 99, "max_lineno": 170}, "calls": ["poststack._PoststackLinearModelling"]}, "PoststackInversion": {"doc": {"long_description": "Invert post-stack seismic operator to retrieve an elastic parameter of\nchoice from band-limited seismic post-stack data.\nDepending on the choice of input parameters, inversion can be\ntrace-by-trace with explicit operator or global with either\nexplicit or linear operator.", "short_description": "Post-stack linearized seismic inversion.", "args": {"data": {"description": "Band-limited seismic post-stack data of size\n:math:`[n_{t0} (\\times n_x \\times n_y)]`", "type_name": ":obj:`np.ndarray`", "is_optional": false}, "wav": {"description": "Wavelet in time domain (must have odd number of elements\nand centered to zero). If 1d, assume stationary wavelet for the entire\ntime axis. If 2d of size :math:`[n_{t0} \\times n_h]` use as\nnon-stationary wavelet", "type_name": ":obj:`np.ndarray`", "is_optional": false}, "m0": {"description": "Background model of size :math:`[n_{t0} (\\times n_x \\times n_y)]`", "type_name": ":obj:`np.ndarray`", "is_optional": true}, "explicit": {"description": "Create a chained linear operator (``False``, preferred for large data)\nor a ``MatrixMult`` linear operator with dense matrix\n(``True``, preferred for small data)", "type_name": ":obj:`bool`", "is_optional": true}, "simultaneous": {"description": "Simultaneously invert entire data (``True``) or invert\ntrace-by-trace (``False``) when using ``explicit`` operator\n(note that the entire data is always inverted when working\nwith linear operator)", "type_name": ":obj:`bool`", "is_optional": true}, "epsI": {"description": "Damping factor for Tikhonov regularization term", "type_name": ":obj:`float`", "is_optional": true}, "epsR": {"description": "Damping factor for additional Laplacian regularization term", "type_name": ":obj:`float`", "is_optional": true}, "dottest": {"description": "Apply dot-test", "type_name": ":obj:`bool`", "is_optional": true}, "epsRL1": {"description": "Damping factor for additional blockiness regularization term", "type_name": ":obj:`float`", "is_optional": true}, "**kwargs_solver": {"description": "Arbitrary keyword arguments for :py:func:`scipy.linalg.lstsq`\nsolver (if ``explicit=True`` and  ``epsR=None``)\nor :py:func:`scipy.sparse.linalg.lsqr` solver (if ``explicit=False``\nand/or ``epsR`` is not ``None``)"}}, "returns": {"description": "Inverted model of size :math:`[n_{t0} (\\times n_x \\times n_y)]`", "type_name": ":obj:`np.ndarray`", "is_generator": false, "return_name": "minv"}}, "args": ["data", "wav", "m0", "explicit", "simultaneous", "epsI", "epsR", "dottest", "epsRL1"], "returns": [["minv", "datar"]], "min_max_lineno": {"min_lineno": 172, "max_lineno": 430}, "calls": ["pylops.utils.backend.get_array_module", "poststack.PoststackLinearModelling", "ValueError", "pylops.utils.dottest", "data.reshape.flatten", "minv.reshape.squeeze", "datar.reshape.squeeze", "data.reshape.reshape", "data.reshape.flatten", "pylops.optimization.leastsquares.RegularizedInversion", "minv.reshape.ravel", "data.reshape.ravel", "minv.reshape.reshape", "datar.reshape.reshape", "minv.reshape.reshape", "datar.reshape.reshape", "pylops.utils.backend.get_module_name", "m0.flatten", "pylops.SecondDerivative", "data.reshape.flatten", "pylops.FirstDerivative", "kwargs_solver.keys", "kwargs_solver.pop", "kwargs_solver.keys", "kwargs_solver.pop", "kwargs_solver.keys", "kwargs_solver.pop", "isinstance", "list", "isinstance", "list", "pylops.optimization.sparsity.SplitBregman", "minv.reshape.ravel", "scipy.sparse.linalg.lsqr", "pylops.optimization.solver.cgls", "pylops.Laplacian", "pylops.Laplacian", "pylops.FirstDerivative", "pylops.SecondDerivative", "pylops.FirstDerivative", "pylops.Laplacian", "data.reshape.ravel", "pylops.utils.backend.get_lstsq", "datar.reshape.reshape().squeeze", "pylops.utils.backend.get_array_module.dot", "pylops.MatrixMult", "m0.flatten", "scipy.sparse.linalg.lsqr", "pylops.optimization.solver.cgls", "pylops.utils.backend.get_array_module.dot", "datar.reshape.reshape", "pylops.MatrixMult", "pylops.utils.backend.get_array_module.dot", "datar.reshape.reshape", "pylops.utils.backend.get_array_module.zeros", "m0.flatten", "datar.reshape.reshape", "pylops.utils.backend.get_array_module.eye", "pylops.utils.backend.get_array_module.eye", "pylops.utils.backend.get_lstsq", "ncp.dot.flatten", "int", "pylops.utils.backend.get_array_module.zeros", "pylops.utils.backend.get_lstsq", "scipy.sparse.linalg.lsqr", "pylops.optimization.solver.cgls", "int", "datar.reshape.ravel", "datar.reshape.ravel", "pylops.utils.backend.get_array_module.zeros", "int"], "store_vars_calls": {"ncp": "get_array_module", "PPop": "PoststackLinearModelling", "minv": "minv.reshape", "datar": "datar.reshape", "data": "data.reshape", "Regop": "Laplacian", "RegL1op": "FirstDerivative", "epsRL1": "list", "epsR": "list", "RegL2op": "Laplacian", "datarn": "ncp.dot", "PPop_reg": "MatrixMult"}}}, "body": {"calls": ["logging.basicConfig"]}, "is_test": false}