{"file": {"path": "/Users/rakshithagnanasekaran/desktop/inspect4py/test/test_files/pylops/pylops/avo/prestack.py", "fileNameBase": "prestack", "extension": "py"}, "dependencies": [{"import": "logging", "type": "external"}, {"import": "numpy", "alias": "np", "type": "external"}, {"from_module": "scipy.sparse.linalg", "import": "lsqr", "type": "external"}, {"from_module": "pylops.signalprocessing", "import": "Convolve1D", "type": "external"}, {"from_module": "pylops.utils.signalprocessing", "import": "convmtx", "type": "external"}, {"from_module": "pylops.utils", "import": "dottest", "alias": "Dottest", "type": "external"}, {"from_module": "pylops", "import": "MatrixMult", "type": "external"}, {"from_module": "pylops", "import": "FirstDerivative", "type": "external"}, {"from_module": "pylops", "import": "Diagonal", "type": "external"}, {"from_module": "pylops", "import": "Identity", "type": "external"}, {"from_module": "pylops", "import": "VStack", "type": "external"}, {"from_module": "pylops", "import": "SecondDerivative", "type": "external"}, {"from_module": "pylops", "import": "Laplacian", "type": "external"}, {"from_module": "pylops.avo.avo", "import": "AVOLinearModelling", "type": "external"}, {"from_module": "pylops.avo.avo", "import": "akirichards", "type": "external"}, {"from_module": "pylops.avo.avo", "import": "fatti", "type": "external"}, {"from_module": "pylops.avo.avo", "import": "ps", "type": "external"}, {"from_module": "pylops.optimization.solver", "import": "cgls", "type": "external"}, {"from_module": "pylops.optimization.leastsquares", "import": "RegularizedInversion", "type": "external"}, {"from_module": "pylops.optimization.sparsity", "import": "SplitBregman", "type": "external"}, {"from_module": "pylops.utils.backend", "import": "get_array_module", "type": "external"}, {"from_module": "pylops.utils.backend", "import": "get_module_name", "type": "external"}, {"from_module": "pylops.utils.backend", "import": "get_block_diag", "type": "external"}, {"from_module": "pylops.utils.backend", "import": "get_lstsq", "type": "external"}], "functions": {"PrestackLinearModelling": {"doc": {"long_description": "Create operator to be applied to elastic property profiles\nfor generation of band-limited seismic angle gathers from a\nlinearized version of the Zoeppritz equation. The input model must\nbe arranged in a vector of size :math:`n_m \\times n_{t0} (\\times n_x \\times n_y)`\nfor ``explicit=True`` and :math:`n_{t0} \\times n_m  (\\times n_x \\times n_y)`\nfor ``explicit=False``. Similarly the output data is arranged in a\nvector of size :math:`n_{theta} \\times n_{t0}  (\\times n_x \\times n_y)`\nfor ``explicit=True`` and :math:`n_{t0} \\times n_{theta} (\\times n_x \\times n_y)`\nfor ``explicit=False``.", "short_description": "Pre-stack linearized seismic modelling operator.", "args": {"wav": {"description": "Wavelet in time domain (must had odd number of\nelements and centered to zero). Note that the ``dtype`` of this\nvariable will define that of the operator", "type_name": ":obj:`np.ndarray`", "is_optional": false}, "theta": {"description": "Incident angles in degrees. Must have same ``dtype`` of ``wav`` (or\nit will be automatically casted to it)", "type_name": ":obj:`np.ndarray`", "is_optional": false}, "vsvp": {"description": "VS/VP ratio (constant or time/depth variant)", "type_name": ":obj:`float` or :obj:`np.ndarray`", "is_optional": false}, "nt0": {"description": "number of samples (if ``vsvp`` is a scalar)", "type_name": ":obj:`int`", "is_optional": true}, "spatdims": {"description": "Number of samples along spatial axis (or axes)\n(``None`` if only one dimension is available)", "type_name": ":obj:`int` or :obj:`tuple`", "is_optional": true}, "linearization": {"description": "choice of linearization, ``akirich``: Aki-Richards, ``fatti``: Fatti,\n``ps``: PS or any function on the form of\n``pylops.avo.avo.akirichards``", "type_name": ":obj:`str` or :obj:`func`", "is_optional": true}, "explicit": {"description": "Create a chained linear operator (``False``, preferred for large data)\nor a ``MatrixMult`` linear operator with dense matrix\n(``True``, preferred for small data)", "type_name": ":obj:`bool`", "is_optional": true}, "kind": {"description": "Derivative kind (``forward`` or ``centered``).", "type_name": ":obj:`str`", "is_optional": true}}, "returns": {"description": "pre-stack modelling operator.", "type_name": ":obj:`LinearOperator`", "is_generator": false, "return_name": "Preop"}, "raises": {"0": {"description": "If ``linearization`` is not an implemented linearization", "type_name": "NotImplementedError"}, "1": {"description": "If ``kind`` is not ``forward`` nor ``centered``", "type_name": "NotImplementedError"}}}, "args": ["wav", "theta", "vsvp", "nt0", "spatdims", "linearization", "explicit", "kind"], "returns": [["Preop"]], "min_max_lineno": {"min_lineno": 22, "max_lineno": 178}, "calls": ["pylops.utils.backend.get_array_module", "theta.astype.astype", "len", "len", "NotImplementedError", "isinstance", "isinstance", "len", "pylops.utils.backend.get_array_module.vstack().reshape", "pylops.utils.backend.get_array_module.dot", "pylops.MatrixMult", "pylops.signalprocessing.Convolve1D", "pylops.avo.avo.AVOLinearModelling", "list", "pylops.FirstDerivative", "pylops.utils.backend.get_array_module.ones", "pylops.avo.avo.akirichards", "pylops.utils.backend.get_array_module.hstack", "pylops.utils.backend.get_block_diag", "pylops.utils.signalprocessing.convmtx", "pylops.utils.backend.get_block_diag", "pylops.utils.backend.get_array_module.dot", "numpy.prod", "numpy.prod", "pylops.avo.avo.fatti", "range", "pylops.utils.backend.get_array_module.vstack", "pylops.utils.backend.get_array_module.diag", "pylops.utils.backend.get_array_module.diag", "pylops.utils.backend.get_array_module.diag", "pylops.utils.backend.get_array_module.diag", "numpy.array", "numpy.array", "pylops.avo.avo.ps", "callable", "pylops.utils.backend.get_array_module.diag", "pylops.utils.backend.get_array_module.ones", "pylops.utils.backend.get_array_module.ones", "len", "linearization", "logging.error", "NotImplementedError", "pylops.utils.backend.get_array_module.ones", "pylops.utils.backend.get_array_module.ones", "len", "pylops.utils.backend.get_array_module.ones", "len"], "store_vars_calls": {"ncp": "get_array_module", "theta": "theta.astype", "nt0": "len", "ntheta": "len", "nG": "len", "G": "linearization", "M": "ncp.dot", "Preop": "MatrixMult", "Cop": "Convolve1D", "AVOop": "AVOLinearModelling", "dimsm": "list", "Dop": "FirstDerivative"}}, "PrestackWaveletModelling": {"doc": {"long_description": "Create operator to be applied to a wavelet for generation of\nband-limited seismic angle gathers using a linearized version\nof the Zoeppritz equation.", "short_description": "Pre-stack linearized seismic modelling operator for wavelet.", "args": {"m": {"description": "elastic parameter profles of size :math:`[n_{t0} \\times N]`\nwhere :math:`N=3/2`. Note that the ``dtype`` of this\nvariable will define that of the operator", "type_name": ":obj:`np.ndarray`", "is_optional": false}, "theta": {"description": "Incident angles in degrees. Must have same ``dtype`` of ``m`` (or\nit will be automatically casted to it)", "type_name": ":obj:`int`", "is_optional": false}, "nwav": {"description": "Number of samples of wavelet to be applied/estimated", "type_name": ":obj:`np.ndarray`", "is_optional": false}, "wavc": {"description": "Index of the center of the wavelet", "type_name": ":obj:`int`", "is_optional": true}, "vsvp": {"description": "VS/VP ratio", "type_name": ":obj:`np.ndarray` or :obj:`float`", "is_optional": true}, "linearization": {"description": "choice of linearization, ``akirich``: Aki-Richards,\n``fatti``: Fatti, ``ps``: PS, or any function on the form of\n``pylops.avo.avo.akirichards``", "type_name": ":obj:`str`", "is_optional": true}}, "returns": {"description": "pre-stack modelling operator for wavelet estimation.", "type_name": ":obj:`LinearOperator`", "is_generator": false, "return_name": "Mconv"}, "raises": {"0": {"description": "If ``linearization`` is not an implemented linearization", "type_name": "NotImplementedError"}}}, "args": ["m", "theta", "nwav", "wavc", "vsvp", "linearization"], "returns": [["Mconv"]], "min_max_lineno": {"min_lineno": 180, "max_lineno": 282}, "calls": ["pylops.utils.backend.get_array_module", "theta.astype.astype", "len", "len", "len", "pylops.utils.backend.get_array_module.vstack().reshape", "pylops.utils.backend.get_array_module.dot().reshape", "pylops.VStack", "isinstance", "pylops.avo.avo.akirichards", "pylops.utils.backend.get_array_module.hstack", "pylops.utils.backend.get_array_module.diag", "pylops.utils.backend.get_array_module.diag", "pylops.utils.backend.get_block_diag", "pylops.utils.backend.get_array_module.ones", "pylops.avo.avo.fatti", "range", "pylops.utils.backend.get_array_module.vstack", "pylops.utils.backend.get_array_module.dot", "pylops.MatrixMult", "pylops.avo.avo.ps", "callable", "pylops.utils.backend.get_array_module.diag", "numpy.ones", "numpy.ones", "pylops.utils.backend.get_array_module.dot", "range", "linearization", "logging.error", "NotImplementedError", "m.T.flatten", "pylops.utils.signalprocessing.convmtx", "pylops.utils.backend.get_array_module.ones"], "store_vars_calls": {"ncp": "get_array_module", "theta": "theta.astype", "nt0": "len", "ntheta": "len", "nG": "len", "G": "linearization", "M": "ncp.dot().reshape", "Mconv": "VStack"}}, "PrestackInversion": {"doc": {"long_description": "Invert pre-stack seismic operator to retrieve a set of elastic property\nprofiles from band-limited seismic pre-stack data (i.e., angle gathers).\nDepending on the choice of input parameters, inversion can be\ntrace-by-trace with explicit operator or global with either\nexplicit or linear operator.", "short_description": "Pre-stack linearized seismic inversion.", "args": {"data": {"description": "Band-limited seismic post-stack data of size\n:math:`[(n_{lins} \\times) n_{t0} \\times n_{\\theta} (\\times n_x \\times n_y)]`", "type_name": ":obj:`np.ndarray`", "is_optional": false}, "theta": {"description": "Incident angles in degrees", "type_name": ":obj:`np.ndarray`", "is_optional": false}, "wav": {"description": "Wavelet in time domain (must had odd number of elements\nand centered to zero)", "type_name": ":obj:`np.ndarray`", "is_optional": false}, "m0": {"description": "Background model of size :math:`[n_{t0} \\times n_{m}\n(\\times n_x \\times n_y)]`", "type_name": ":obj:`np.ndarray`", "is_optional": true}, "linearization": {"description": "choice of linearization, ``akirich``: Aki-Richards, ``fatti``: Fatti\n``PS``: PS or a combination of them (required only when ``m0``\nis ``None``).", "type_name": ":obj:`str` or :obj:`list`", "is_optional": true}, "explicit": {"description": "Create a chained linear operator (``False``, preferred for large data)\nor a ``MatrixMult`` linear operator with dense matrix\n(``True``, preferred for small data)", "type_name": ":obj:`bool`", "is_optional": true}, "simultaneous": {"description": "Simultaneously invert entire data (``True``) or invert\ntrace-by-trace (``False``) when using ``explicit`` operator\n(note that the entire data is always inverted when working\nwith linear operator)", "type_name": ":obj:`bool`", "is_optional": true}, "epsI": {"description": "Damping factor(s) for Tikhonov regularization term. If a list of\n:math:`n_{m}` elements is provided, the regularization term will have\ndifferent strenght for each elastic property", "type_name": ":obj:`float` or :obj:`list`", "is_optional": true}, "epsR": {"description": "Damping factor for additional Laplacian regularization term", "type_name": ":obj:`float`", "is_optional": true}, "dottest": {"description": "Apply dot-test", "type_name": ":obj:`bool`", "is_optional": true}, "returnres": {"description": "Return residuals", "type_name": ":obj:`bool`", "is_optional": true}, "epsRL1": {"description": "Damping factor for additional blockiness regularization term", "type_name": ":obj:`float`", "is_optional": true}, "kind": {"description": "Derivative kind (``forward`` or ``centered``).", "type_name": ":obj:`str`", "is_optional": true}, "**kwargs_solver": {"description": "Arbitrary keyword arguments for :py:func:`scipy.linalg.lstsq`\nsolver (if ``explicit=True`` and  ``epsR=None``)\nor :py:func:`scipy.sparse.linalg.lsqr` solver (if ``explicit=False``\nand/or ``epsR`` is not ``None``))"}}, "returns": {"description": "Inverted model of size :math:`[n_{t0} \\times n_{m}\n(\\times n_x \\times n_y)]`", "type_name": ":obj:`np.ndarray`", "is_generator": false, "return_name": "minv"}}, "args": ["data", "theta", "wav", "m0", "linearization", "explicit", "simultaneous", "epsI", "epsR", "dottest", "returnres", "epsRL1", "kind"], "returns": [["minv", "datar"], ["minv"]], "min_max_lineno": {"min_lineno": 284, "max_lineno": 626}, "calls": ["pylops.utils.backend.get_array_module", "isinstance", "NotImplementedError", "isinstance", "prestack.PrestackLinearModelling", "pylops.utils.dottest", "data.reshape.swapaxes", "isinstance", "data.reshape.reshape", "ValueError", "isinstance", "prestack.PrestackLinearModelling", "pylops.MatrixMult", "pylops.VStack", "m0.swapaxes.swapaxes", "data.reshape.flatten", "isinstance", "pylops.optimization.leastsquares.RegularizedInversion", "m0.swapaxes.swapaxes", "minv.reshape.reshape().swapaxes", "minv.reshape.reshape", "zip", "numpy.vstack", "pylops.utils.backend.get_module_name", "data.reshape.flatten", "pylops.Diagonal", "pylops.SecondDerivative", "data.reshape.ravel", "pylops.FirstDerivative", "kwargs_solver.keys", "kwargs_solver.pop", "kwargs_solver.keys", "kwargs_solver.pop", "kwargs_solver.keys", "kwargs_solver.pop", "pylops.optimization.sparsity.SplitBregman", "minv.reshape.ravel", "data.reshape.ravel", "datar.reshape().squeeze.reshape().squeeze().swapaxes", "datar.reshape().squeeze.reshape().squeeze", "minv.reshape.reshape().swapaxes", "minv.reshape.reshape", "minv.reshape.reshape().swapaxes", "minv.reshape.reshape", "m0.swapaxes.flatten", "scipy.sparse.linalg.lsqr", "pylops.optimization.solver.cgls", "len", "ValueError", "numpy.array", "pylops.Identity", "pylops.Laplacian", "pylops.Laplacian", "pylops.FirstDerivative", "pylops.SecondDerivative", "pylops.FirstDerivative", "pylops.Laplacian", "data.reshape.ravel", "minv.reshape.ravel", "minv.reshape.reshape", "datar.reshape().squeeze.reshape().squeeze().swapaxes", "datar.reshape().squeeze.reshape().squeeze", "datar.reshape().squeeze.reshape().squeeze().swapaxes", "datar.reshape().squeeze.reshape().squeeze", "pylops.utils.backend.get_lstsq", "datar.reshape().squeeze.reshape().squeeze", "numpy.dot", "m0.swapaxes.flatten", "datar.reshape().squeeze.reshape().squeeze", "datar.reshape().squeeze.reshape", "minv.reshape.reshape", "minv.reshape.reshape", "scipy.sparse.linalg.lsqr", "pylops.optimization.solver.cgls", "pylops.utils.backend.get_array_module.dot", "datar.reshape().squeeze.reshape", "pylops.MatrixMult", "pylops.utils.backend.get_array_module.zeros", "m0.swapaxes.flatten", "datar.reshape().squeeze.reshape().squeeze", "datar.reshape().squeeze.reshape", "datar.reshape().squeeze.reshape().squeeze", "datar.reshape().squeeze.reshape", "datar.reshape().squeeze.reshape", "pylops.utils.backend.get_array_module.eye", "int", "datar.reshape().squeeze.reshape", "pylops.utils.backend.get_array_module.zeros", "pylops.utils.backend.get_lstsq", "scipy.sparse.linalg.lsqr", "pylops.optimization.solver.cgls", "datar.reshape().squeeze.reshape", "datar.reshape().squeeze.reshape", "int", "np.dot.ravel", "np.dot.ravel", "pylops.utils.backend.get_array_module.zeros", "int"], "store_vars_calls": {"ncp": "get_array_module", "PPop": "VStack", "data": "data.reshape", "m0": "m0.swapaxes", "minv": "minv.reshape", "RegI": "Diagonal", "Regop": "Laplacian", "RegL1op": "FirstDerivative", "datar": "datar.reshape().squeeze", "RegL2op": "Laplacian", "datarn": "np.dot", "PPop_reg": "MatrixMult"}}}, "body": {"calls": ["logging.basicConfig"]}, "is_test": false}