{"file": {"path": "/Users/rakshithagnanasekaran/desktop/Python/machine_learning/forecasting/run.py", "fileNameBase": "run", "extension": "py", "doc": {"long_description": "but i modified it and used it for safety checker of data\nfor ex: you have a online shop and for some reason some data are\nmissing (the amount of data that u expected are not supposed to be)\n        then we can use it\n*ps : 1. ofc we can use normal statistic method but in this case\n         the data is quite absurd and only a little^^\n      2. ofc u can use this and modified it for forecasting purpose\n         for the next 3 months sales or something,\n         u can just adjust it for ur own purpose", "short_description": "this is code for forecasting", "full": "this is code for forecasting\nbut i modified it and used it for safety checker of data\nfor ex: you have a online shop and for some reason some data are\nmissing (the amount of data that u expected are not supposed to be)\n        then we can use it\n*ps : 1. ofc we can use normal statistic method but in this case\n         the data is quite absurd and only a little^^\n      2. ofc u can use this and modified it for forecasting purpose\n         for the next 3 months sales or something,\n         u can just adjust it for ur own purpose"}}, "dependencies": [{"import": "numpy", "alias": "np", "type": "external"}, {"import": "pandas", "alias": "pd", "type": "external"}, {"from_module": "sklearn.preprocessing", "import": "Normalizer", "type": "external"}, {"from_module": "sklearn.svm", "import": "SVR", "type": "external"}, {"from_module": "statsmodels.tsa.statespace.sarimax", "import": "SARIMAX", "type": "external"}], "functions": {"linear_regression_prediction": {"doc": {"long_description": "input : training data (date, total_user, total_event) in list of float\noutput : list of total user prediction in float\n>>> n = linear_regression_prediction([2,3,4,5], [5,3,4,6], [3,1,2,4], [2,1], [2,2])\n>>> abs(n - 5.0) < 1e-6  # Checking precision because of floating point errors\nTrue", "short_description": "First method: linear regression"}, "args": ["train_dt", "train_usr", "train_mtch", "test_dt", "test_mtch"], "min_max_lineno": {"min_lineno": 21, "max_lineno": 36}, "calls": ["numpy.array", "numpy.array", "numpy.dot", "abs", "numpy.dot", "numpy.linalg.inv", "np.array.transpose", "enumerate", "numpy.dot", "np.array.transpose"], "store_vars_calls": {"x": "np.array", "y": "np.array", "beta": "np.dot"}}, "sarimax_predictor": {"doc": {"long_description": "sarimax is a statistic method which using previous input\nand learn its pattern to predict future data\ninput : training data (total_user, with exog data = total_event) in list of float\noutput : list of total user prediction in float\n>>> sarimax_predictor([4,2,6,8], [3,1,2,4], [2])\n6.6666671111109626", "short_description": "second method: Sarimax"}, "args": ["train_user", "train_match", "test_match"], "min_max_lineno": {"min_lineno": 38, "max_lineno": 56}, "calls": ["statsmodels.tsa.statespace.sarimax.SARIMAX", "statsmodels.tsa.statespace.sarimax.SARIMAX.fit", "model.fit.predict", "len"], "store_vars_calls": {"model": "SARIMAX", "model_fit": "model.fit", "result": "model_fit.predict"}}, "support_vector_regressor": {"doc": {"long_description": "svr is quite the same with svm(support vector machine)\nit uses the same principles as the SVM for classification,\nwith only a few minor differences and the only different is that\nit suits better for regression purpose\ninput : training data (date, total_user, total_event) in list of float\nwhere x = list of set (date and total event)\noutput : list of total user prediction in float\n>>> support_vector_regressor([[5,2],[1,5],[6,2]], [[3,2]], [2,1,4])\n1.634932078116079", "short_description": "Third method: Support vector regressor"}, "args": ["x_train", "x_test", "train_user"], "min_max_lineno": {"min_lineno": 58, "max_lineno": 75}, "calls": ["sklearn.svm.SVR", "sklearn.svm.SVR.fit", "sklearn.svm.SVR.predict"], "store_vars_calls": {"regressor": "SVR", "y_pred": "regressor.predict"}}, "interquartile_range_checker": {"doc": {"long_description": "input : list of total user in float\noutput : low limit of input in float\nthis method can be used to check whether some data is outlier or not\n>>> interquartile_range_checker([1,2,3,4,5,6,7,8,9,10])\n2.8", "short_description": "Optional method: interquatile range"}, "args": ["train_user"], "returns": [["low_lim"]], "min_max_lineno": {"min_lineno": 77, "max_lineno": 92}, "calls": ["train_user.sort", "numpy.percentile", "numpy.percentile"], "store_vars_calls": {"q1": "np.percentile", "q3": "np.percentile"}}, "data_safety_checker": {"doc": {"long_description": "and compare it to the actual result.\ninput : list of predictions\noutput : print whether it's safe or not\n>>> data_safety_checker([2,3,4],5.0)\nToday's data is not safe.", "short_description": "Used to review all the votes (list result prediction)"}, "args": ["list_vote", "actual_result"], "min_max_lineno": {"min_lineno": 94, "max_lineno": 114}, "calls": ["print", "abs", "abs", "abs"]}}, "body": {"calls": ["pandas.DataFrame", "sklearn.preprocessing.Normalizer().fit_transform", "normalize_df[].tolist", "normalize_df[].tolist", "normalize_df[].tolist", "normalize_df[].tolist", "res_vote.append", "run.linear_regression_prediction", "res_vote.append", "run.sarimax_predictor", "res_vote.append", "run.support_vector_regressor", "run.data_safety_checker"], "store_vars_calls": {"data_input_df": "pd.DataFrame", "normalize_df": "Normalizer().fit_transform", "total_date": "normalize_df[].tolist", "total_user": "normalize_df[].tolist", "total_match": "normalize_df[].tolist", "x": "normalize_df[].tolist"}}, "is_test": false}