{"file": {"path": "/Users/rakshithagnanasekaran/desktop/Python/digital_image_processing/edge_detection/canny.py", "fileNameBase": "canny", "extension": "py"}, "dependencies": [{"import": "cv2", "type": "external"}, {"import": "numpy", "alias": "np", "type": "external"}, {"from_module": "digital_image_processing.filters.convolve", "import": "img_convolve", "type": "external"}, {"from_module": "digital_image_processing.filters.sobel_filter", "import": "sobel_filter", "type": "external"}], "functions": {"gen_gaussian_kernel": {"args": ["k_size", "sigma"], "returns": [["g"]], "min_max_lineno": {"min_lineno": 10, "max_lineno": 19}, "calls": ["numpy.exp", "numpy.square", "numpy.square", "numpy.square"]}, "canny": {"args": ["image", "threshold_low", "threshold_high", "weak", "strong"], "returns": [["dst"]], "min_max_lineno": {"min_lineno": 21, "max_lineno": 114}, "calls": ["digital_image_processing.filters.convolve.img_convolve", "digital_image_processing.filters.sobel_filter.sobel_filter", "numpy.rad2deg", "numpy.zeros", "range", "range", "canny.gen_gaussian_kernel", "range", "range"], "store_vars_calls": {"gaussian_out": "img_convolve", "gradient_direction": "np.rad2deg", "dst": "np.zeros"}}}, "main_info": {"main_flag": 1, "main_function": "canny.cv2.imread", "type": "script"}, "is_test": false}