{"file": {"path": "/Users/rakshithagnanasekaran/desktop/inspect4py/test/test_files/BoostingMonocularDepth/pix2pix/data/__init__.py", "fileNameBase": "__init__", "extension": "py", "doc": {"long_description": "To add a custom dataset class called 'dummy', you need to add a file called 'dummy_dataset.py' and define a subclass 'DummyDataset' inherited from BaseDataset.\n You need to implement four functions:\n    -- <__init__>:                      initialize the class, first call BaseDataset.__init__(self, opt).\n    -- <__len__>:                       return the size of dataset.\n    -- <__getitem__>:                   get a data point from data loader.\n    -- <modify_commandline_options>:    (optionally) add dataset-specific options and set default options.\n\nNow you can use the dataset class by specifying flag '--dataset_mode dummy'.\nSee our template dataset class 'template_dataset.py' for more details.", "short_description": "This package includes all the modules related to data loading and preprocessing", "full": "This package includes all the modules related to data loading and preprocessing\n\n To add a custom dataset class called 'dummy', you need to add a file called 'dummy_dataset.py' and define a subclass 'DummyDataset' inherited from BaseDataset.\n You need to implement four functions:\n    -- <__init__>:                      initialize the class, first call BaseDataset.__init__(self, opt).\n    -- <__len__>:                       return the size of dataset.\n    -- <__getitem__>:                   get a data point from data loader.\n    -- <modify_commandline_options>:    (optionally) add dataset-specific options and set default options.\n\nNow you can use the dataset class by specifying flag '--dataset_mode dummy'.\nSee our template dataset class 'template_dataset.py' for more details."}}, "dependencies": [{"import": "importlib", "type": "external"}, {"import": "torch", "type": "external"}, {"from_module": "pix2pix.data.base_dataset", "import": "BaseDataset", "type": "external"}], "classes": {"CustomDatasetDataLoader": {"doc": {"short_description": "Wrapper class of Dataset class that performs multi-threaded data loading", "full": "Wrapper class of Dataset class that performs multi-threaded data loading"}, "min_max_lineno": {"min_lineno": 62, "max_lineno": 94}, "methods": {"__init__": {"doc": {"long_description": "Step 1: create a dataset instance given the name [dataset_mode]\nStep 2: create a multi-threaded data loader.", "short_description": "Initialize this class"}, "args": ["self", "opt"], "min_max_lineno": {"min_lineno": 65, "max_lineno": 80}, "calls": ["__init__.find_dataset_using_name", "find_dataset_using_name.", "print", "torch.utils.data.DataLoader", "int", "type"], "store_vars_calls": {"dataset_class": "find_dataset_using_name", "self.dataset": "dataset_class", "self.dataloader": "torch.utils.data.DataLoader"}}, "load_data": {"args": ["self"], "returns": [["self"]], "min_max_lineno": {"min_lineno": 81, "max_lineno": 83}}, "__len__": {"doc": {"short_description": "Return the number of data in the dataset"}, "args": ["self"], "min_max_lineno": {"min_lineno": 84, "max_lineno": 87}, "calls": ["min", "len"]}, "__iter__": {"doc": {"short_description": "Return a batch of data"}, "args": ["self"], "min_max_lineno": {"min_lineno": 88, "max_lineno": 94}, "calls": ["enumerate"]}}}}, "functions": {"find_dataset_using_name": {"doc": {"long_description": "In the file, the class called DatasetNameDataset() will\nbe instantiated. It has to be a subclass of BaseDataset,\nand it is case-insensitive.", "short_description": "Import the module \"data/[dataset_name]_dataset.py\"."}, "args": ["dataset_name"], "returns": [["dataset"]], "min_max_lineno": {"min_lineno": 18, "max_lineno": 39}, "calls": ["importlib.import_module", "importlib.import_module.__dict__.items", "dataset_name.replace", "NotImplementedError", "issubclass", "name.lower", "target_dataset_name.lower"], "store_vars_calls": {"datasetlib": "importlib.import_module"}}, "get_option_setter": {"doc": {"short_description": "Return the static method <modify_commandline_options> of the dataset class."}, "args": ["dataset_name"], "min_max_lineno": {"min_lineno": 41, "max_lineno": 45}, "calls": ["__init__.find_dataset_using_name"], "store_vars_calls": {"dataset_class": "find_dataset_using_name"}}, "create_dataset": {"doc": {"long_description": "This function wraps the class CustomDatasetDataLoader.\n    This is the main interface between this package and 'train.py'/'test.py'", "short_description": "Create a dataset given the option."}, "args": ["opt"], "returns": [["dataset"]], "min_max_lineno": {"min_lineno": 47, "max_lineno": 60}, "calls": ["__init__.CustomDatasetDataLoader", "__init__.CustomDatasetDataLoader.load_data"], "store_vars_calls": {"data_loader": "CustomDatasetDataLoader", "dataset": "data_loader.load_data"}}}, "is_test": false}