{"file": {"path": "/Users/rakshithagnanasekaran/desktop/inspect4py/test/test_files/BoostingMonocularDepth/pix2pix/data/base_dataset.py", "fileNameBase": "base_dataset", "extension": "py", "doc": {"long_description": "It also includes common transformation functions (e.g., get_transform, __scale_width), which can be later used in subclasses.", "short_description": "This module implements an abstract base class (ABC) 'BaseDataset' for datasets.", "full": "This module implements an abstract base class (ABC) 'BaseDataset' for datasets.\n\nIt also includes common transformation functions (e.g., get_transform, __scale_width), which can be later used in subclasses."}}, "dependencies": [{"import": "random", "type": "external"}, {"import": "numpy", "alias": "np", "type": "external"}, {"import": "torch", "alias": "data", "type": "external"}, {"from_module": "PIL", "import": "Image", "type": "external"}, {"import": "torchvision", "alias": "transforms", "type": "external"}, {"from_module": "abc", "import": "ABC", "type": "external"}, {"from_module": "abc", "import": "abstractmethod", "type": "external"}], "classes": {"BaseDataset": {"doc": {"long_description": "To create a subclass, you need to implement the following four functions:\n-- <__init__>:                      initialize the class, first call BaseDataset.__init__(self, opt).\n-- <__len__>:                       return the size of dataset.\n-- <__getitem__>:                   get a data point.\n-- <modify_commandline_options>:    (optionally) add dataset-specific options and set default options.", "short_description": "This class is an abstract base class (ABC) for datasets.", "full": "This class is an abstract base class (ABC) for datasets.\n\nTo create a subclass, you need to implement the following four functions:\n-- <__init__>:                      initialize the class, first call BaseDataset.__init__(self, opt).\n-- <__len__>:                       return the size of dataset.\n-- <__getitem__>:                   get a data point.\n-- <modify_commandline_options>:    (optionally) add dataset-specific options and set default options."}, "min_max_lineno": {"min_lineno": 13, "max_lineno": 61}, "methods": {"__init__": {"args": ["self", "opt"], "min_max_lineno": {"min_lineno": 23, "max_lineno": 31}}, "modify_commandline_options": {"args": ["parser", "is_train"], "returns": [["parser"]], "min_max_lineno": {"min_lineno": 32, "max_lineno": 44}}, "__len__": {"doc": {"short_description": "Return the total number of images in the dataset."}, "args": ["self"], "min_max_lineno": {"min_lineno": 45, "max_lineno": 49}}, "__getitem__": {"args": ["self", "index"], "min_max_lineno": {"min_lineno": 50, "max_lineno": 61}}}}}, "functions": {"get_params": {"args": ["opt", "size"], "min_max_lineno": {"min_lineno": 63, "max_lineno": 79}, "calls": ["random.randint", "random.randint", "numpy.maximum", "numpy.maximum", "random.random"], "store_vars_calls": {"x": "random.randint", "y": "random.randint"}}, "get_transform": {"args": ["opt", "params", "grayscale", "method", "convert"], "min_max_lineno": {"min_lineno": 81, "max_lineno": 113}, "calls": ["torchvision.Compose", "transform_list.append", "transform_list.append", "transform_list.append", "torchvision.Grayscale", "torchvision.Resize", "transform_list.append", "transform_list.append", "transform_list.append", "torchvision.Lambda", "transform_list.append", "torchvision.ToTensor", "torchvision.Lambda", "torchvision.RandomCrop", "torchvision.Lambda", "torchvision.RandomHorizontalFlip", "transform_list.append", "torchvision.Normalize", "torchvision.Normalize", "base_dataset.__make_power_2", "torchvision.Lambda", "base_dataset.__scale_width", "base_dataset.__crop", "base_dataset.__flip"]}, "__make_power_2": {"args": ["img", "base", "method"], "returns": [["img"]], "min_max_lineno": {"min_lineno": 115, "max_lineno": 124}, "calls": ["int", "int", "base_dataset.__print_size_warning", "img.resize", "round", "round"], "store_vars_calls": {"h": "int", "w": "int"}}, "__scale_width": {"args": ["img", "target_size", "crop_size", "method"], "returns": [["img"]], "min_max_lineno": {"min_lineno": 126, "max_lineno": 133}, "calls": ["int", "img.resize", "max"], "store_vars_calls": {"h": "int"}}, "__crop": {"args": ["img", "pos", "size"], "returns": [["img"]], "min_max_lineno": {"min_lineno": 135, "max_lineno": 142}, "calls": ["img.crop"]}, "__flip": {"args": ["img", "flip"], "returns": [["img"]], "min_max_lineno": {"min_lineno": 144, "max_lineno": 148}, "calls": ["img.transpose"]}, "__print_size_warning": {"doc": {"short_description": "Print warning information about image size(only print once)"}, "args": ["ow", "oh", "w", "h"], "min_max_lineno": {"min_lineno": 150, "max_lineno": 158}, "calls": ["hasattr", "print"]}}, "is_test": false}