{"file": {"path": "/Users/rakshithagnanasekaran/desktop/inspect4py/test/test_files/BoostingMonocularDepth/pix2pix/data/depthmerge_dataset.py", "fileNameBase": "depthmerge_dataset", "extension": "py"}, "dependencies": [{"from_module": "pix2pix.data.base_dataset", "import": "BaseDataset", "type": "external"}, {"from_module": "pix2pix.data.image_folder", "import": "make_dataset", "type": "external"}, {"from_module": "pix2pix.util.guidedfilter", "import": "GuidedFilter", "type": "external"}, {"import": "numpy", "alias": "np", "type": "external"}, {"import": "os", "type": "external"}, {"import": "torch", "type": "external"}, {"from_module": "PIL", "import": "Image", "type": "external"}], "classes": {"DepthMergeDataset": {"extend": ["BaseDataset"], "min_max_lineno": {"min_lineno": 21, "max_lineno": 84}, "methods": {"__init__": {"args": ["self", "opt"], "min_max_lineno": {"min_lineno": 22, "max_lineno": 38}, "calls": ["pix2pix.data.base_dataset.BaseDataset.__init__", "os.path.join", "os.path.join", "os.path.join", "sorted", "sorted", "sorted", "len", "pix2pix.data.image_folder.make_dataset", "pix2pix.data.image_folder.make_dataset", "pix2pix.data.image_folder.make_dataset"], "store_vars_calls": {"self.dir_outer": "os.path.join", "self.dir_inner": "os.path.join", "self.dir_gtfake": "os.path.join", "self.outer_paths": "sorted", "self.inner_paths": "sorted", "self.gtfake_paths": "sorted", "self.dataset_size": "len"}}, "__getitem__": {"args": ["self", "index"], "min_max_lineno": {"min_lineno": 39, "max_lineno": 80}, "calls": ["numpy.float32", "PIL.Image.open", "numpy.array", "PIL.Image.open", "numpy.array", "torch.from_numpy", "torch.unsqueeze", "depthmerge_dataset.normalize01", "depthmerge_dataset.normalize", "torch.from_numpy", "torch.unsqueeze", "depthmerge_dataset.normalize01", "depthmerge_dataset.normalize", "PIL.Image.open", "numpy.array", "pix2pix.util.guidedfilter.GuidedFilter().smooth.astype", "pix2pix.util.guidedfilter.GuidedFilter().smooth.astype", "torch.from_numpy", "torch.unsqueeze", "depthmerge_dataset.normalize01", "depthmerge_dataset.normalize", "pix2pix.util.guidedfilter.GuidedFilter", "pix2pix.util.guidedfilter.GuidedFilter"], "store_vars_calls": {"normalize_coef": "np.float32", "data_outer": "GuidedFilter().smooth.astype", "data_inner": "GuidedFilter().smooth.astype", "data_gtfake": "normalize"}}, "__len__": {"doc": {"short_description": "Return the total number of images."}, "args": ["self"], "min_max_lineno": {"min_lineno": 81, "max_lineno": 84}}}}}, "functions": {"normalize": {"args": ["img"], "returns": [["img"]], "min_max_lineno": {"min_lineno": 11, "max_lineno": 15}}, "normalize01": {"args": ["img"], "min_max_lineno": {"min_lineno": 17, "max_lineno": 19}, "calls": ["torch.min", "torch.max", "torch.min"]}}, "is_test": false}