{"file": {"path": "/Users/rakshithagnanasekaran/desktop/inspect4py/test/test_files/BoostingMonocularDepth/pix2pix/data/image_folder.py", "fileNameBase": "image_folder", "extension": "py", "doc": {"long_description": "We modify the official PyTorch image folder (https://github.com/pytorch/vision/blob/master/torchvision/datasets/folder.py)\nso that this class can load images from both current directory and its subdirectories.", "short_description": "A modified image folder class", "full": "A modified image folder class\n\nWe modify the official PyTorch image folder (https://github.com/pytorch/vision/blob/master/torchvision/datasets/folder.py)\nso that this class can load images from both current directory and its subdirectories."}}, "dependencies": [{"import": "torch", "alias": "data", "type": "external"}, {"from_module": "PIL", "import": "Image", "type": "external"}, {"import": "os", "type": "external"}], "classes": {"ImageFolder": {"extend": ["data.Dataset"], "min_max_lineno": {"min_lineno": 39, "max_lineno": 66}, "methods": {"__init__": {"args": ["self", "root", "transform", "return_paths", "loader"], "min_max_lineno": {"min_lineno": 41, "max_lineno": 53}, "calls": ["image_folder.make_dataset", "len", "RuntimeError"], "store_vars_calls": {"imgs": "make_dataset"}}, "__getitem__": {"args": ["self", "index"], "returns": [["img", "path"], ["img"]], "min_max_lineno": {"min_lineno": 54, "max_lineno": 63}, "calls": ["image_folder.ImageFolder.loader", "image_folder.ImageFolder.transform"], "store_vars_calls": {"img": "self.transform"}}, "__len__": {"args": ["self"], "min_max_lineno": {"min_lineno": 64, "max_lineno": 66}, "calls": ["len"]}}}}, "functions": {"is_image_file": {"args": ["filename"], "min_max_lineno": {"min_lineno": 19, "max_lineno": 21}, "calls": ["any", "filename.endswith"]}, "make_dataset": {"args": ["dir", "max_dataset_size"], "min_max_lineno": {"min_lineno": 23, "max_lineno": 33}, "calls": ["float", "os.path.isdir", "sorted", "os.walk", "image_folder.is_image_file", "min", "os.path.join", "images.append", "len"], "store_vars_calls": {"path": "os.path.join"}}, "default_loader": {"args": ["path"], "min_max_lineno": {"min_lineno": 35, "max_lineno": 37}, "calls": ["PIL.Image.open().convert", "PIL.Image.open"]}}, "is_test": true}