{"file": {"path": "/Users/rakshithagnanasekaran/desktop/Python/blockchain/chinese_remainder_theorem.py", "fileNameBase": "chinese_remainder_theorem", "extension": "py", "doc": {"long_description": "GCD ( Greatest Common Divisor ) or HCF ( Highest Common Factor )\n\nIf GCD(a,b) = 1, then for any remainder ra modulo a and any remainder rb modulo b\nthere exists integer n, such that n = ra (mod a) and n = ra(mod b).  If n1 and n2 are\ntwo such integers, then n1=n2(mod ab)\n\nAlgorithm :\n\n1. Use extended euclid algorithm to find x,y such that a*x + b*y = 1\n2. Take n = ra*by + rb*ax", "short_description": "Chinese Remainder Theorem:", "full": "Chinese Remainder Theorem:\nGCD ( Greatest Common Divisor ) or HCF ( Highest Common Factor )\n\nIf GCD(a,b) = 1, then for any remainder ra modulo a and any remainder rb modulo b\nthere exists integer n, such that n = ra (mod a) and n = ra(mod b).  If n1 and n2 are\ntwo such integers, then n1=n2(mod ab)\n\nAlgorithm :\n\n1. Use extended euclid algorithm to find x,y such that a*x + b*y = 1\n2. Take n = ra*by + rb*ax"}}, "dependencies": [{"from_module": "__future__", "import": "annotations", "type": "external"}], "functions": {"extended_euclid": {"doc": {"long_description": "(-1, 2)\n\n>>> extended_euclid(7, 5)\n(-2, 3)", "short_description": ">>> extended_euclid(10, 6)"}, "args": ["a", "b"], "returns": [["y"]], "min_max_lineno": {"min_lineno": 18, "max_lineno": 32}, "calls": ["chinese_remainder_theorem.extended_euclid"]}, "chinese_remainder_theorem": {"doc": {"long_description": "31\n\nExplanation : 31 is the smallest number such that\n            (i)  When we divide it by 5, we get remainder 1\n            (ii) When we divide it by 7, we get remainder 3\n\n>>> chinese_remainder_theorem(6,1,4,3)\n14", "short_description": ">>> chinese_remainder_theorem(5,1,7,3)"}, "args": ["n1", "r1", "n2", "r2"], "min_max_lineno": {"min_lineno": 35, "max_lineno": 52}, "calls": ["chinese_remainder_theorem.extended_euclid"]}, "invert_modulo": {"doc": {"long_description": "3\n\n>>> invert_modulo(8,7)\n1", "short_description": ">>> invert_modulo(2, 5)"}, "args": ["a", "n"], "returns": [["b"]], "min_max_lineno": {"min_lineno": 57, "max_lineno": 70}, "calls": ["chinese_remainder_theorem.extended_euclid"]}, "chinese_remainder_theorem2": {"doc": {"long_description": "31\n\n>>> chinese_remainder_theorem2(6,1,4,3)\n14", "short_description": ">>> chinese_remainder_theorem2(5,1,7,3)"}, "args": ["n1", "r1", "n2", "r2"], "min_max_lineno": {"min_lineno": 73, "max_lineno": 86}, "calls": ["chinese_remainder_theorem.invert_modulo", "chinese_remainder_theorem.invert_modulo"]}}, "main_info": {"main_flag": 1, "type": "script"}, "is_test": false}