{"file": {"path": "/Users/rakshithagnanasekaran/desktop/Python/blockchain/diophantine_equation.py", "fileNameBase": "diophantine_equation", "extension": "py"}, "dependencies": [{"from_module": "__future__", "import": "annotations", "type": "external"}], "functions": {"diophantine": {"doc": {"long_description": "diophantine equation a*x + b*y = c has a solution (where x and y are integers)\niff gcd(a,b) divides c.\n\nGCD ( Greatest Common Divisor ) or HCF ( Highest Common Factor )\n\n>>> diophantine(10,6,14)\n(-7.0, 14.0)\n\n>>> diophantine(391,299,-69)\n(9.0, -12.0)\n\nBut above equation has one more solution i.e., x = -4, y = 5.\nThat's why we need diophantine all solution function.", "short_description": "Diophantine Equation : Given integers a,b,c ( at least one of a and b != 0), the"}, "args": ["a", "b", "c"], "min_max_lineno": {"min_lineno": 4, "max_lineno": 29}, "calls": ["diophantine_equation.extended_gcd", "diophantine_equation.greatest_common_divisor"]}, "diophantine_all_soln": {"doc": {"long_description": "Finding All solutions of Diophantine Equations:\n\nTheorem : Let gcd(a,b) = d, a = d*p, b = d*q. If (x0,y0) is a solution of\nDiophantine Equation a*x + b*y = c.  a*x0 + b*y0 = c, then all the\nsolutions have the form a(x0 + t*q) + b(y0 - t*p) = c,\nwhere t is an arbitrary integer.\n\nn is the number of solution you want, n = 2 by default\n\n>>> diophantine_all_soln(10, 6, 14)\n-7.0 14.0\n-4.0 9.0\n\n>>> diophantine_all_soln(10, 6, 14, 4)\n-7.0 14.0\n-4.0 9.0\n-1.0 4.0\n2.0 -1.0\n\n>>> diophantine_all_soln(391, 299, -69, n = 4)\n9.0 -12.0\n22.0 -29.0\n35.0 -46.0\n48.0 -63.0", "short_description": "Lemma : if n|ab and gcd(a,n) = 1, then n|b."}, "args": ["a", "b", "c", "n"], "min_max_lineno": {"min_lineno": 31, "max_lineno": 70}, "calls": ["diophantine_equation.diophantine", "diophantine_equation.greatest_common_divisor", "range", "print"], "store_vars_calls": {"d": "greatest_common_divisor"}}, "greatest_common_divisor": {"doc": {"long_description": "Euclid's Algorithm\n\n>>> greatest_common_divisor(7,5)\n1\n\nNote : In number theory, two integers a and b are said to be relatively prime,\n       mutually prime, or co-prime if the only positive integer (factor) that\n       divides both of them is 1  i.e., gcd(a,b) = 1.\n\n>>> greatest_common_divisor(121, 11)\n11", "short_description": "Euclid's Lemma :  d divides a and b, if and only if d divides a-b and b"}, "args": ["a", "b"], "returns": [["b"]], "min_max_lineno": {"min_lineno": 72, "max_lineno": 96}}, "extended_gcd": {"doc": {"long_description": "x and y, then d = gcd(a,b)\n\n>>> extended_gcd(10, 6)\n(2, -1, 2)\n\n>>> extended_gcd(7, 5)\n(1, -2, 3)", "short_description": "Extended Euclid's Algorithm : If d divides a and b and d = a*x + b*y for integers"}, "args": ["a", "b"], "returns": [["d", "x", "y"]], "min_max_lineno": {"min_lineno": 98, "max_lineno": 123}, "calls": ["diophantine_equation.extended_gcd"]}}, "main_info": {"main_flag": 1, "type": "script"}, "is_test": true}