{"file": {"path": "/Users/rakshithagnanasekaran/desktop/Python/blockchain/modular_division.py", "fileNameBase": "modular_division", "extension": "py"}, "dependencies": [{"from_module": "__future__", "import": "annotations", "type": "external"}], "functions": {"modular_division": {"doc": {"long_description": "An efficient algorithm for dividing b by a modulo n.\n\nGCD ( Greatest Common Divisor ) or HCF ( Highest Common Factor )\n\nGiven three integers a, b, and n, such that gcd(a,n)=1 and n>1, the algorithm should\nreturn an integer x such that 0\u2264x\u2264n\u22121, and  b/a=x(modn) (that is, b=ax(modn)).\n\nTheorem:\na has a multiplicative inverse modulo n iff gcd(a,n) = 1\n\n\nThis find x = b*a^(-1) mod n\nUses ExtendedEuclid to find the inverse of a\n\n>>> modular_division(4,8,5)\n2\n\n>>> modular_division(3,8,5)\n1\n\n>>> modular_division(4, 11, 5)\n4", "short_description": "Modular Division :"}, "args": ["a", "b", "n"], "returns": [["x"]], "min_max_lineno": {"min_lineno": 4, "max_lineno": 35}, "calls": ["modular_division.extended_gcd", "modular_division.greatest_common_divisor"]}, "invert_modulo": {"doc": {"long_description": ">>> invert_modulo(2, 5)\n3\n\n>>> invert_modulo(8,7)\n1", "short_description": "This function find the inverses of a i.e., a^(-1)"}, "args": ["a", "n"], "returns": [["b"]], "min_max_lineno": {"min_lineno": 37, "max_lineno": 52}, "calls": ["modular_division.extended_euclid"]}, "modular_division2": {"doc": {"long_description": ">>> modular_division2(4,8,5)\n2\n\n>>> modular_division2(3,8,5)\n1\n\n>>> modular_division2(4, 11, 5)\n4", "short_description": "This function used the above inversion of a to find x = (b*a^(-1))mod n"}, "args": ["a", "b", "n"], "returns": [["x"]], "min_max_lineno": {"min_lineno": 57, "max_lineno": 74}, "calls": ["modular_division.invert_modulo"], "store_vars_calls": {"s": "invert_modulo"}}, "extended_gcd": {"doc": {"long_description": "and y, then d = gcd(a,b)\n>>> extended_gcd(10, 6)\n(2, -1, 2)\n\n>>> extended_gcd(7, 5)\n(1, -2, 3)\n\n** extended_gcd function is used when d = gcd(a,b) is required in output", "short_description": "Extended Euclid's Algorithm : If d divides a and b and d = a*x + b*y for integers x"}, "args": ["a", "b"], "returns": [["d", "x", "y"]], "min_max_lineno": {"min_lineno": 76, "max_lineno": 102}, "calls": ["modular_division.extended_gcd"]}, "extended_euclid": {"doc": {"long_description": ">>> extended_euclid(10, 6)\n(-1, 2)\n\n>>> extended_euclid(7, 5)\n(-2, 3)", "short_description": "Extended Euclid"}, "args": ["a", "b"], "returns": [["y"]], "min_max_lineno": {"min_lineno": 104, "max_lineno": 119}, "calls": ["modular_division.extended_euclid"]}, "greatest_common_divisor": {"doc": {"long_description": "Euclid's Algorithm\n\n>>> greatest_common_divisor(7,5)\n1\n\nNote : In number theory, two integers a and b are said to be relatively prime,\n    mutually prime, or co-prime if the only positive integer (factor) that divides\n    both of them is 1  i.e., gcd(a,b) = 1.\n\n>>> greatest_common_divisor(121, 11)\n11", "short_description": "Euclid's Lemma :  d divides a and b, if and only if d divides a-b and b"}, "args": ["a", "b"], "returns": [["b"]], "min_max_lineno": {"min_lineno": 121, "max_lineno": 144}}}, "main_info": {"main_flag": 1, "type": "script"}, "is_test": true}