{"file": {"path": "/Users/rakshithagnanasekaran/desktop/Python/hashes/adler32.py", "fileNameBase": "adler32", "extension": "py", "doc": {"long_description": "Compared to a cyclic redundancy check of the same length, it trades reliability for\nspeed (preferring the latter).\nAdler-32 is more reliable than Fletcher-16, and slightly less reliable than\nFletcher-32.[2]\n\nsource: https://en.wikipedia.org/wiki/Adler-32", "short_description": "Adler-32 is a checksum algorithm which was invented by Mark Adler in 1995.", "full": "Adler-32 is a checksum algorithm which was invented by Mark Adler in 1995.\nCompared to a cyclic redundancy check of the same length, it trades reliability for\nspeed (preferring the latter).\nAdler-32 is more reliable than Fletcher-16, and slightly less reliable than\nFletcher-32.[2]\n\nsource: https://en.wikipedia.org/wiki/Adler-32"}}, "functions": {"adler32": {"doc": {"long_description": "Iterates and evaluates a new value for each character\n\n>>> adler32('Algorithms')\n363791387\n\n>>> adler32('go adler em all')\n708642122", "short_description": "Function implements adler-32 hash."}, "args": ["plain_text"], "min_max_lineno": {"min_lineno": 12, "max_lineno": 30}, "calls": ["ord"]}}, "is_test": false}