{"file": {"path": "/Users/rakshithagnanasekaran/desktop/Python/hashes/chaos_machine.py", "fileNameBase": "chaos_machine", "extension": "py", "doc": {"short_description": "example of simple chaos machine", "full": "example of simple chaos machine"}}, "functions": {"push": {"args": ["seed"], "min_max_lineno": {"min_lineno": 16, "max_lineno": 40}, "calls": ["enumerate", "float", "round", "max", "max", "float"], "store_vars_calls": {"e": "float"}}, "pull": {"returns": [["X"]], "min_max_lineno": {"min_lineno": 42, "max_lineno": 73}, "calls": ["range", "int", "int", "round", "chaos_machine.pull.xorshift"], "store_vars_calls": {"X": "int", "Y": "int"}, "functions": {"xorshift": {"args": ["X", "Y"], "returns": [["X"]], "min_max_lineno": {"min_lineno": 46, "max_lineno": 51}}}}, "reset": {"min_max_lineno": {"min_lineno": 75, "max_lineno": 81}}}, "main_info": {"main_flag": 1, "type": "script"}, "is_test": true}