{"file": {"path": "/Users/rakshithagnanasekaran/desktop/Python/hashes/djb2.py", "fileNameBase": "djb2", "extension": "py", "doc": {"long_description": "Another version of this algorithm (now favored by Bernstein) uses xor:\n    hash(i) = hash(i - 1) * 33 ^ str[i];\n\n    First Magic constant 33:\n    It has never been adequately explained.\n    It's magic because it works better than many other constants, prime or not.\n\n    Second Magic Constant 5381:\n\n    1. odd number\n    2. prime number\n    3. deficient number\n    4. 001/010/100/000/101 b\n\n    source: http://www.cse.yorku.ca/~oz/hash.html", "short_description": "This algorithm (k=33) was first reported by Dan Bernstein many years ago in comp.lang.c", "full": "This algorithm (k=33) was first reported by Dan Bernstein many years ago in comp.lang.c\nAnother version of this algorithm (now favored by Bernstein) uses xor:\n    hash(i) = hash(i - 1) * 33 ^ str[i];\n\n    First Magic constant 33:\n    It has never been adequately explained.\n    It's magic because it works better than many other constants, prime or not.\n\n    Second Magic Constant 5381:\n\n    1. odd number\n    2. prime number\n    3. deficient number\n    4. 001/010/100/000/101 b\n\n    source: http://www.cse.yorku.ca/~oz/hash.html"}}, "functions": {"djb2": {"doc": {"long_description": "is popular because of it's magic constants.\n\n>>> djb2('Algorithms')\n3782405311\n\n>>> djb2('scramble bits')\n1609059040", "short_description": "Implementation of djb2 hash algorithm that"}, "args": ["s"], "min_max_lineno": {"min_lineno": 21, "max_lineno": 36}, "calls": ["ord"]}}, "is_test": false}