{"file": {"path": "/Users/rakshithagnanasekaran/desktop/Python/hashes/enigma_machine.py", "fileNameBase": "enigma_machine", "extension": "py"}, "functions": {"rotator": {"min_max_lineno": {"min_lineno": 10, "max_lineno": 28}, "calls": ["gear_one.append", "gear_two.append", "int", "gear_three.append", "len", "int", "len"]}, "engine": {"args": ["input_character"], "min_max_lineno": {"min_lineno": 30, "max_lineno": 41}, "calls": ["alphabets.index", "gear_three.index", "gear_two.index", "gear_one.index", "code.append", "enigma_machine.rotator"], "store_vars_calls": {"target": "gear_one.index"}}}, "main_info": {"main_flag": 1, "type": "script"}, "is_test": false}