{"file": {"path": "/Users/rakshithagnanasekaran/desktop/Python/hashes/hamming_code.py", "fileNameBase": "hamming_code", "extension": "py", "doc": {"long_description": "https://en.wikipedia.org/wiki/Hamming_code - In telecommunication,\nHamming codes are a family of linear error-correcting codes. Hamming\ncodes can detect up to two-bit errors or correct one-bit errors\nwithout detection of uncorrected errors. By contrast, the simple\nparity code cannot correct errors, and can detect only an odd number\nof bits in error. Hamming codes are perfect codes, that is, they\nachieve the highest possible rate for codes with their block length\nand minimum distance of three.\n\n* the implemented code consists of:\n    * a function responsible for encoding the message (emitterConverter)\n        * return the encoded message\n    * a function responsible for decoding the message (receptorConverter)\n        * return the decoded message and a ack of data integrity\n\n* how to use:\n        to be used you must declare how many parity bits (sizePari)\n    you want to include in the message.\n        it is desired (for test purposes) to select a bit to be set\n    as an error. This serves to check whether the code is working correctly.\n        Lastly, the variable of the message/word that must be desired to be\n    encoded (text).\n\n* how this work:\n        declaration of variables (sizePari, be, text)\n\n        converts the message/word (text) to binary using the\n    text_to_bits function\n        encodes the message using the rules of hamming encoding\n        decodes the message using the rules of hamming encoding\n        print the original message, the encoded message and the\n    decoded message\n\n        forces an error in the coded text variable\n        decodes the message that was forced the error\n        print the original message, the encoded message, the bit changed\n    message and the decoded message", "short_description": "* This code implement the Hamming code:", "full": "* This code implement the Hamming code:\n    https://en.wikipedia.org/wiki/Hamming_code - In telecommunication,\nHamming codes are a family of linear error-correcting codes. Hamming\ncodes can detect up to two-bit errors or correct one-bit errors\nwithout detection of uncorrected errors. By contrast, the simple\nparity code cannot correct errors, and can detect only an odd number\nof bits in error. Hamming codes are perfect codes, that is, they\nachieve the highest possible rate for codes with their block length\nand minimum distance of three.\n\n* the implemented code consists of:\n    * a function responsible for encoding the message (emitterConverter)\n        * return the encoded message\n    * a function responsible for decoding the message (receptorConverter)\n        * return the decoded message and a ack of data integrity\n\n* how to use:\n        to be used you must declare how many parity bits (sizePari)\n    you want to include in the message.\n        it is desired (for test purposes) to select a bit to be set\n    as an error. This serves to check whether the code is working correctly.\n        Lastly, the variable of the message/word that must be desired to be\n    encoded (text).\n\n* how this work:\n        declaration of variables (sizePari, be, text)\n\n        converts the message/word (text) to binary using the\n    text_to_bits function\n        encodes the message using the rules of hamming encoding\n        decodes the message using the rules of hamming encoding\n        print the original message, the encoded message and the\n    decoded message\n\n        forces an error in the coded text variable\n        decodes the message that was forced the error\n        print the original message, the encoded message, the bit changed\n    message and the decoded message"}}, "dependencies": [{"import": "numpy", "alias": "np", "type": "external"}], "functions": {"text_to_bits": {"doc": {"long_description": "'011011010111001101100111'", "short_description": ">>> text_to_bits(\"msg\")"}, "args": ["text", "encoding", "errors"], "min_max_lineno": {"min_lineno": 52, "max_lineno": 59}, "calls": ["bits.zfill", "bin", "int.from_bytes", "text.encode", "len"]}, "text_from_bits": {"doc": {"long_description": "'msg'", "short_description": ">>> text_from_bits('011011010111001101100111')"}, "args": ["bits", "encoding", "errors"], "min_max_lineno": {"min_lineno": 61, "max_lineno": 68}, "calls": ["int", "int.to_bytes().decode", "int.to_bytes", "int.bit_length"], "store_vars_calls": {"n": "int"}}, "emitterConverter": {"doc": {"args": {"sizePar": {"description": "how many parity bits the message must have"}, "data": {"description": "information bits"}}, "returns": {"description": "message to be transmitted by unreliable medium\n- bits of information merged with parity bits\n\n>>> emitterConverter(4, \"101010111111\")\n['1', '1', '1', '1', '0', '1', '0', '0', '1', '0', '1', '1', '1', '1', '1', '1']", "is_generator": false}}, "args": ["sizePar", "data"], "returns": [["dataOut"]], "min_max_lineno": {"min_lineno": 71, "max_lineno": 148}, "calls": ["range", "range", "range", "print", "exit", "parity.append", "len", "bin", "range", "dataOutGab.append", "dataOrd.append", "dataOrd.append", "len", "dataOut.append", "dataOut.append", "len", "len", "dataOutGab.append", "dataOutGab.append", "str", "len", "numpy.log", "numpy.log"]}, "receptorConverter": {"doc": {"long_description": "(['1', '0', '1', '0', '1', '0', '1', '1', '1', '1', '1', '1'], True)", "short_description": ">>> receptorConverter(4, \"1111010010111111\")"}, "args": ["sizePar", "data"], "returns": [["dataOutput", "ack"]], "min_max_lineno": {"min_lineno": 150, "max_lineno": 242}, "calls": ["range", "range", "range", "range", "parity.append", "len", "dataOutGab.append", "dataOutGab.append", "dataOutput.append", "parityReceived.append", "bin", "range", "dataOutGab.append", "dataOutGab.append", "dataOrd.append", "dataOrd.append", "str", "len", "dataOut.append", "dataOut.append", "len", "str", "numpy.log", "numpy.log", "len", "numpy.log", "numpy.log"]}}, "is_test": false}