{"file": {"path": "/Users/rakshithagnanasekaran/desktop/Python/hashes/luhn.py", "fileNameBase": "luhn", "extension": "py", "doc": {"short_description": "Luhn Algorithm ", "full": "Luhn Algorithm "}}, "dependencies": [{"from_module": "__future__", "import": "annotations", "type": "external"}], "functions": {"is_luhn": {"doc": {"long_description": "Algorithm:\n* Double every other digit starting from 2nd last digit.\n* Subtract 9 if number is greater than 9.\n* Sum the numbers\n*\n>>> test_cases = (79927398710, 79927398711, 79927398712, 79927398713,\n...     79927398714, 79927398715, 79927398716, 79927398717, 79927398718,\n...     79927398719)\n>>> [is_luhn(str(test_case)) for test_case in test_cases]\n[False, False, False, True, False, False, False, False, False, False]", "short_description": "Perform Luhn validation on an input string"}, "args": ["string"], "min_max_lineno": {"min_lineno": 5, "max_lineno": 35}, "calls": ["list", "vector.reverse", "enumerate", "int", "int"]}}, "main_info": {"main_flag": 1, "type": "script"}, "is_test": true}