{"file": {"path": "/Users/rakshithagnanasekaran/desktop/Python/hashes/md5.py", "fileNameBase": "md5", "extension": "py"}, "dependencies": [{"import": "math", "type": "external"}], "functions": {"rearrange": {"args": ["bitString32"], "returns": [["newString"]], "min_max_lineno": {"min_lineno": 4, "max_lineno": 26}, "calls": ["len", "ValueError"]}, "reformatHex": {"args": ["i"], "returns": [["thing"]], "min_max_lineno": {"min_lineno": 28, "max_lineno": 43}, "calls": ["format"], "store_vars_calls": {"hexrep": "format"}}, "pad": {"args": ["bitString"], "returns": [["bitString"]], "min_max_lineno": {"min_lineno": 45, "max_lineno": 62}, "calls": ["len", "format", "md5.rearrange", "md5.rearrange", "len"], "store_vars_calls": {"startLength": "len", "lastPart": "format"}}, "getBlock": {"args": ["bitString"], "min_max_lineno": {"min_lineno": 64, "max_lineno": 82}, "calls": ["len", "range", "mySplits.append", "int", "md5.rearrange"]}, "not32": {"doc": {"long_description": "4294967261", "short_description": ">>> not32(34)"}, "args": ["i"], "min_max_lineno": {"min_lineno": 84, "max_lineno": 94}, "calls": ["format", "int"], "store_vars_calls": {"i_str": "format"}}, "sum32": {"args": ["a", "b"], "min_max_lineno": {"min_lineno": 96, "max_lineno": 98}}, "leftrot32": {"args": ["i", "s"], "min_max_lineno": {"min_lineno": 100, "max_lineno": 102}}, "md5me": {"args": ["testString"], "returns": [["digest"]], "min_max_lineno": {"min_lineno": 104, "max_lineno": 223}, "calls": ["md5.pad", "md5.getBlock", "format", "int", "range", "md5.sum32", "md5.sum32", "md5.sum32", "md5.sum32", "md5.reformatHex", "ord", "range", "md5.sum32", "md5.reformatHex", "abs", "md5.leftrot32", "md5.reformatHex", "md5.reformatHex", "math.sin", "md5.not32"], "store_vars_calls": {"bs": "pad", "a0": "sum32", "b0": "sum32", "c0": "sum32", "d0": "sum32", "B": "sum32"}}, "test": {"min_max_lineno": {"min_lineno": 225, "max_lineno": 232}, "calls": ["print", "md5.md5me", "md5.md5me"]}}, "main_info": {"main_flag": 1, "type": "script"}, "is_test": true}