{"file": {"path": "/Users/rakshithagnanasekaran/desktop/Python/hashes/sdbm.py", "fileNameBase": "sdbm", "extension": "py", "doc": {"long_description": "database library.\nIt was found to do well in scrambling bits, causing better distribution of the keys\nand fewer splits.\nIt also happens to be a good general hashing function with good distribution.\nThe actual function (pseudo code) is:\n    for i in i..len(str):\n        hash(i) = hash(i - 1) * 65599 + str[i];\n\nWhat is included below is the faster version used in gawk. [there is even a faster,\nduff-device version]\nThe magic constant 65599 was picked out of thin air while experimenting with\ndifferent constants.\nIt turns out to be a prime.\nThis is one of the algorithms used in berkeley db (see sleepycat) and elsewhere.\n\nsource: http://www.cse.yorku.ca/~oz/hash.html", "short_description": "This algorithm was created for sdbm (a public-domain reimplementation of ndbm)", "full": "This algorithm was created for sdbm (a public-domain reimplementation of ndbm)\ndatabase library.\nIt was found to do well in scrambling bits, causing better distribution of the keys\nand fewer splits.\nIt also happens to be a good general hashing function with good distribution.\nThe actual function (pseudo code) is:\n    for i in i..len(str):\n        hash(i) = hash(i - 1) * 65599 + str[i];\n\nWhat is included below is the faster version used in gawk. [there is even a faster,\nduff-device version]\nThe magic constant 65599 was picked out of thin air while experimenting with\ndifferent constants.\nIt turns out to be a prime.\nThis is one of the algorithms used in berkeley db (see sleepycat) and elsewhere.\n\nsource: http://www.cse.yorku.ca/~oz/hash.html"}}, "functions": {"sdbm": {"doc": {"long_description": "iterates over each character in the given string and applies function to each of\nthem.\n\n>>> sdbm('Algorithms')\n1462174910723540325254304520539387479031000036\n\n>>> sdbm('scramble bits')\n730247649148944819640658295400555317318720608290373040936089", "short_description": "Function implements sdbm hash, easy to use, great for bits scrambling."}, "args": ["plain_text"], "returns": [["hash"]], "min_max_lineno": {"min_lineno": 22, "max_lineno": 38}, "calls": ["ord"]}}, "is_test": false}