{"file": {"path": "/Users/rakshithagnanasekaran/desktop/Python/hashes/sha1.py", "fileNameBase": "sha1", "extension": "py", "doc": {"long_description": "to find hash of string or hash of text from a file.\nUsage: python sha1.py --string \"Hello World!!\"\n       python sha1.py --file \"hello_world.txt\"\n       When run without any arguments, it prints the hash of the string \"Hello World!!\n       Welcome to Cryptography\"\nAlso contains a Test class to verify that the generated Hash is same as that\nreturned by the hashlib library\n\nSHA1 hash or SHA1 sum of a string is a cryptographic function which means it is easy\nto calculate forwards but extremely difficult to calculate backwards. What this means\nis, you can easily calculate the hash of  a string, but it is extremely difficult to\nknow the original string if you have its hash. This property is useful to communicate\nsecurely, send encrypted messages and is very useful in payment systems, blockchain\nand cryptocurrency etc.\nThe Algorithm as described in the reference:\nFirst we start with a message. The message is padded and the length of the message\nis added to the end. It is then split into blocks of 512 bits or 64 bytes. The blocks\nare then processed one at a time. Each block must be expanded and compressed.\nThe value after each compression is added to a 160bit buffer called the current hash\nstate. After the last block is processed the current hash state is returned as\nthe final hash.\nReference: https://deadhacker.com/2006/02/21/sha-1-illustrated/", "short_description": "Demonstrates implementation of SHA1 Hash function in a Python class and gives utilities", "full": "Demonstrates implementation of SHA1 Hash function in a Python class and gives utilities\nto find hash of string or hash of text from a file.\nUsage: python sha1.py --string \"Hello World!!\"\n       python sha1.py --file \"hello_world.txt\"\n       When run without any arguments, it prints the hash of the string \"Hello World!!\n       Welcome to Cryptography\"\nAlso contains a Test class to verify that the generated Hash is same as that\nreturned by the hashlib library\n\nSHA1 hash or SHA1 sum of a string is a cryptographic function which means it is easy\nto calculate forwards but extremely difficult to calculate backwards. What this means\nis, you can easily calculate the hash of  a string, but it is extremely difficult to\nknow the original string if you have its hash. This property is useful to communicate\nsecurely, send encrypted messages and is very useful in payment systems, blockchain\nand cryptocurrency etc.\nThe Algorithm as described in the reference:\nFirst we start with a message. The message is padded and the length of the message\nis added to the end. It is then split into blocks of 512 bits or 64 bytes. The blocks\nare then processed one at a time. Each block must be expanded and compressed.\nThe value after each compression is added to a 160bit buffer called the current hash\nstate. After the last block is processed the current hash state is returned as\nthe final hash.\nReference: https://deadhacker.com/2006/02/21/sha-1-illustrated/"}}, "dependencies": [{"import": "argparse", "type": "external"}, {"import": "hashlib", "type": "external"}, {"import": "struct", "type": "external"}, {"import": "unittest", "type": "external"}], "classes": {"SHA1Hash": {"doc": {"long_description": ">>> SHA1Hash(bytes('Allan', 'utf-8')).final_hash()\n'872af2d8ac3d8695387e7c804bf0e02c18df9e6e'", "short_description": "Class to contain the entire pipeline for SHA1 Hashing Algorithm", "full": "Class to contain the entire pipeline for SHA1 Hashing Algorithm\n>>> SHA1Hash(bytes('Allan', 'utf-8')).final_hash()\n'872af2d8ac3d8695387e7c804bf0e02c18df9e6e'"}, "min_max_lineno": {"min_lineno": 32, "max_lineno": 129}, "methods": {"__init__": {"doc": {"long_description": "numbers corresponding to\n(1732584193, 4023233417, 2562383102, 271733878, 3285377520)\nrespectively. We will start with this as a message digest. 0x is how you write\nHexadecimal numbers in Python", "short_description": "Inititates the variables data and h. h is a list of 5 8-digit Hexadecimal"}, "args": ["self", "data"], "min_max_lineno": {"min_lineno": 39, "max_lineno": 49}}, "rotate": {"doc": {"long_description": ">>> SHA1Hash('').rotate(12,2)\n48", "short_description": "Static method to be used inside other methods. Left rotates n by b."}, "args": ["n", "b"], "min_max_lineno": {"min_lineno": 50, "max_lineno": 58}}, "padding": {"doc": {"short_description": "Pads the input message with zeros so that padded_data has 64 bytes or 512 bits"}, "args": ["self"], "returns": [["padded_data"]], "min_max_lineno": {"min_lineno": 59, "max_lineno": 66}, "calls": ["struct.pack", "len", "len"]}, "split_blocks": {"doc": {"short_description": "Returns a list of bytestrings each of length 64"}, "args": ["self"], "min_max_lineno": {"min_lineno": 67, "max_lineno": 73}, "calls": ["range", "len"]}, "expand_block": {"doc": {"long_description": "returns a list of 80 integers after some bit operations", "short_description": "Takes a bytestring-block of length 64, unpacks it to a list of integers and"}, "args": ["self", "block"], "returns": [["w"]], "min_max_lineno": {"min_lineno": 76, "max_lineno": 85}, "calls": ["range", "list", "sha1.SHA1Hash.rotate", "struct.unpack"]}, "final_hash": {"doc": {"long_description": "into blocks and then does a series of operations for each block (including\nexpansion).\nFor each block, the variable h that was initialized is copied to a,b,c,d,e\nand these 5 variables a,b,c,d,e undergo several changes. After all the blocks\nare processed, these 5 variables are pairwise added to h ie a to h[0], b to h[1]\nand so on.  This h becomes our final hash which is returned.", "short_description": "Calls all the other methods to process the input. Pads the data, then splits"}, "args": ["self"], "min_max_lineno": {"min_lineno": 86, "max_lineno": 129}, "calls": ["sha1.SHA1Hash.padding", "sha1.SHA1Hash.split_blocks", "sha1.SHA1Hash.expand_block", "range", "tuple", "sha1.SHA1Hash.rotate", "sha1.SHA1Hash.rotate"], "store_vars_calls": {"self.padded_data": "self.padding", "self.blocks": "self.split_blocks", "expanded_block": "self.expand_block"}}}}, "SHA1HashTest": {"doc": {"short_description": "Test class for the SHA1Hash class. Inherits the TestCase class from unittest", "full": "Test class for the SHA1Hash class. Inherits the TestCase class from unittest"}, "extend": ["unittest.TestCase"], "min_max_lineno": {"min_lineno": 131, "max_lineno": 139}, "methods": {"testMatchHashes": {"args": ["self"], "min_max_lineno": {"min_lineno": 136, "max_lineno": 139}, "calls": ["bytes", "sha1.SHA1HashTest.assertEqual", "sha1.SHA1Hash.final_hash", "hashlib.sha1().hexdigest", "sha1.SHA1Hash", "hashlib.sha1"], "store_vars_calls": {"msg": "bytes"}}}}}, "functions": {"main": {"doc": {"long_description": "hash.  unittest.main() has been commented because we probably don't want to run\nthe test each time.", "short_description": "Provides option 'string' or 'file' to take input and prints the calculated SHA1"}, "min_max_lineno": {"min_lineno": 141, "max_lineno": 165}, "calls": ["argparse.ArgumentParser", "argparse.ArgumentParser.add_argument", "argparse.ArgumentParser.add_argument", "argparse.ArgumentParser.parse_args", "print", "bytes", "sha1.SHA1Hash.final_hash", "open", "f.read", "sha1.SHA1Hash"], "store_vars_calls": {"parser": "argparse.ArgumentParser", "args": "parser.parse_args", "hash_input": "f.read"}}}, "main_info": {"main_flag": 1, "type": "script"}, "is_test": true}