{"file": {"path": "/Users/rakshithagnanasekaran/desktop/Python/hashes/sha256.py", "fileNameBase": "sha256", "extension": "py", "doc": {"long_description": "to find hash of string or hash of text from a file.\n\nUsage: python sha256.py --string \"Hello World!!\"\n       python sha256.py --file \"hello_world.txt\"\n       When run without any arguments,\n       it prints the hash of the string \"Hello World!! Welcome to Cryptography\"\n\nReferences:\nhttps://qvault.io/cryptography/how-sha-2-works-step-by-step-sha-256/\nhttps://en.wikipedia.org/wiki/SHA-2", "short_description": "Implementation of SHA256 Hash function in a Python class and provides utilities", "full": "Implementation of SHA256 Hash function in a Python class and provides utilities\nto find hash of string or hash of text from a file.\n\nUsage: python sha256.py --string \"Hello World!!\"\n       python sha256.py --file \"hello_world.txt\"\n       When run without any arguments,\n       it prints the hash of the string \"Hello World!! Welcome to Cryptography\"\n\nReferences:\nhttps://qvault.io/cryptography/how-sha-2-works-step-by-step-sha-256/\nhttps://en.wikipedia.org/wiki/SHA-2"}}, "dependencies": [{"import": "argparse", "type": "external"}, {"import": "struct", "type": "external"}, {"import": "unittest", "type": "external"}], "classes": {"SHA256": {"doc": {"long_description": ">>> SHA256(b'Python').hash\n'18885f27b5af9012df19e496460f9294d5ab76128824c6f993787004f6d9a7db'\n\n>>> SHA256(b'hello world').hash\n'b94d27b9934d3e08a52e52d7da7dabfac484efe37a5380ee9088f7ace2efcde9'", "short_description": "Class to contain the entire pipeline for SHA1 Hashing Algorithm", "full": "Class to contain the entire pipeline for SHA1 Hashing Algorithm\n\n>>> SHA256(b'Python').hash\n'18885f27b5af9012df19e496460f9294d5ab76128824c6f993787004f6d9a7db'\n\n>>> SHA256(b'hello world').hash\n'b94d27b9934d3e08a52e52d7da7dabfac484efe37a5380ee9088f7ace2efcde9'"}, "min_max_lineno": {"min_lineno": 23, "max_lineno": 195}, "methods": {"__init__": {"args": ["self", "data"], "min_max_lineno": {"min_lineno": 34, "max_lineno": 119}, "calls": ["sha256.SHA256.preprocessing", "sha256.SHA256.final_hash"], "store_vars_calls": {"self.preprocessed_data": "self.preprocessing"}}, "preprocessing": {"args": ["data"], "min_max_lineno": {"min_lineno": 120, "max_lineno": 125}, "calls": ["struct.pack", "len", "len"], "store_vars_calls": {"big_endian_integer": "struct.pack"}}, "final_hash": {"args": ["self"], "min_max_lineno": {"min_lineno": 126, "max_lineno": 189}, "calls": ["list", "range", "range", "struct.unpack", "[].zfill", "len", "sha256.SHA256.ror", "sha256.SHA256.ror", "enumerate", "sha256.SHA256.ror", "sha256.SHA256.ror", "sha256.SHA256.ror", "sha256.SHA256.ror", "sha256.SHA256.ror", "sha256.SHA256.ror", "sha256.SHA256.ror", "sha256.SHA256.ror", "hex"], "store_vars_calls": {"words": "list"}}, "ror": {"doc": {"short_description": "Right rotate a given unsigned number by a certain amount of rotations"}, "args": ["self", "value", "rotations"], "min_max_lineno": {"min_lineno": 190, "max_lineno": 195}}}}, "SHA256HashTest": {"doc": {"short_description": "Test class for the SHA256 class. Inherits the TestCase class from unittest", "full": "Test class for the SHA256 class. Inherits the TestCase class from unittest"}, "extend": ["unittest.TestCase"], "min_max_lineno": {"min_lineno": 197, "max_lineno": 207}, "methods": {"test_match_hashes": {"args": ["self"], "min_max_lineno": {"min_lineno": 202, "max_lineno": 207}, "calls": ["bytes", "sha256.SHA256HashTest.assertEqual", "hashlib.sha256().hexdigest", "sha256.SHA256", "hashlib.sha256"], "store_vars_calls": {"msg": "bytes"}}}}}, "functions": {"main": {"doc": {"long_description": "and prints the calculated SHA-256 hash", "short_description": "Provides option 'string' or 'file' to take input"}, "min_max_lineno": {"min_lineno": 209, "max_lineno": 245}, "calls": ["doctest.testmod", "argparse.ArgumentParser", "argparse.ArgumentParser.add_argument", "argparse.ArgumentParser.add_argument", "argparse.ArgumentParser.parse_args", "print", "bytes", "open", "f.read", "sha256.SHA256"], "store_vars_calls": {"parser": "argparse.ArgumentParser", "args": "parser.parse_args", "hash_input": "f.read"}}}, "main_info": {"main_flag": 1, "main_function": "sha256.main", "type": "script"}, "is_test": true}