{"file": {"path": "/Users/rakshithagnanasekaran/desktop/Python/electronics/carrier_concentration.py", "fileNameBase": "carrier_concentration", "extension": "py"}, "dependencies": [{"from_module": "__future__", "import": "annotations", "type": "external"}], "functions": {"carrier_concentration": {"doc": {"long_description": "1. Electron Concentration\n2, Hole Concentration\n3. Intrinsic Concentration\ngiven the other two.\nExamples -\n>>> carrier_concentration(electron_conc=25, hole_conc=100, intrinsic_conc=0)\n('intrinsic_conc', 50.0)\n>>> carrier_concentration(electron_conc=0, hole_conc=1600, intrinsic_conc=200)\n('electron_conc', 25.0)\n>>> carrier_concentration(electron_conc=1000, hole_conc=0, intrinsic_conc=1200)\n('hole_conc', 1440.0)\n>>> carrier_concentration(electron_conc=1000, hole_conc=400, intrinsic_conc=1200)\nTraceback (most recent call last):\n    File \"<stdin>\", line 37, in <module>\nValueError: You cannot supply more or less than 2 values\n>>> carrier_concentration(electron_conc=-1000, hole_conc=0, intrinsic_conc=1200)\nTraceback (most recent call last):\n    File \"<stdin>\", line 40, in <module>\nValueError: Electron concentration cannot be negative in a semiconductor\n>>> carrier_concentration(electron_conc=0, hole_conc=-400, intrinsic_conc=1200)\nTraceback (most recent call last):\n    File \"<stdin>\", line 44, in <module>\nValueError: Hole concentration cannot be negative in a semiconductor\n>>> carrier_concentration(electron_conc=0, hole_conc=400, intrinsic_conc=-1200)\nTraceback (most recent call last):\n    File \"<stdin>\", line 48, in <module>\nValueError: Intrinsic concentration cannot be negative in a semiconductor", "short_description": "This function can calculate any one of the three -"}, "args": ["electron_conc", "hole_conc", "intrinsic_conc"], "min_max_lineno": {"min_lineno": 8, "max_lineno": 70}, "calls": ["ValueError", "ValueError", "ValueError", "ValueError"]}}, "main_info": {"main_flag": 1, "type": "script"}, "is_test": false}