{"file": {"path": "/Users/rakshithagnanasekaran/desktop/Python/electronics/coulombs_law.py", "fileNameBase": "coulombs_law", "extension": "py"}, "dependencies": [{"from_module": "__future__", "import": "annotations", "type": "external"}], "functions": {"couloumbs_law": {"doc": {"long_description": "charge2, or distance, and then in a Python dict return name/value pair of\nthe zero value.\n\nCoulomb's Law states that the magnitude of the electrostatic force of\nattraction or repulsion between two point charges is directly proportional\nto the product of the magnitudes of charges and inversely proportional to\nthe square of the distance between them.\n\nReference\n----------\nCoulomb (1785) \"Premier m\u00e9moire sur l\u2019\u00e9lectricit\u00e9 et le magn\u00e9tisme,\"\nHistoire de l\u2019Acad\u00e9mie Royale des Sciences, pp. 569\u2013577.", "short_description": "Apply Coulomb's Law on any three given values. These can be force, charge1,", "args": {"force": {"type_name": "float with units in Newtons", "is_optional": false}, "charge1": {"type_name": "float with units in Coulombs", "is_optional": false}, "charge2": {"type_name": "float with units in Coulombs", "is_optional": false}, "distance": {"type_name": "float with units in meters", "is_optional": false}}, "returns": {"type_name": "dict name/value pair of the zero value", "is_generator": false, "return_name": "result"}}, "args": ["force", "charge1", "charge2", "distance"], "min_max_lineno": {"min_lineno": 8, "max_lineno": 81}, "calls": ["abs", "ValueError", "ValueError", "ValueError", "abs", "abs", "abs"], "store_vars_calls": {"charge_product": "abs"}}}, "main_info": {"main_flag": 1, "type": "script"}, "is_test": false}