{"file": {"path": "/Users/rakshithagnanasekaran/desktop/Python/electronics/electric_power.py", "fileNameBase": "electric_power", "extension": "py"}, "dependencies": [{"from_module": "__future__", "import": "annotations", "type": "external"}, {"from_module": "collections", "import": "namedtuple", "type": "external"}], "functions": {"electric_power": {"doc": {"long_description": "fundamental value of electrical system.\nexamples are below:\n>>> electric_power(voltage=0, current=2, power=5)\nresult(name='voltage', value=2.5)\n>>> electric_power(voltage=2, current=2, power=0)\nresult(name='power', value=4.0)\n>>> electric_power(voltage=-2, current=3, power=0)\nresult(name='power', value=6.0)\n>>> electric_power(voltage=2, current=4, power=2)\nTraceback (most recent call last):\n    File \"<stdin>\", line 15, in <module>\nValueError: Only one argument must be 0\n>>> electric_power(voltage=0, current=0, power=2)\nTraceback (most recent call last):\n    File \"<stdin>\", line 19, in <module>\nValueError: Only one argument must be 0\n>>> electric_power(voltage=0, current=2, power=-4)\nTraceback (most recent call last):\n    File \"<stdin>\", line 23, in <modulei\nValueError: Power cannot be negative in any electrical/electronics system\n>>> electric_power(voltage=2.2, current=2.2, power=0)\nresult(name='power', value=4.84)", "short_description": "This function can calculate any one of the three (voltage, current, power),"}, "args": ["voltage", "current", "power"], "min_max_lineno": {"min_lineno": 7, "max_lineno": 48}, "calls": ["collections.namedtuple", "ValueError", "ValueError", "collections.namedtuple.", "collections.namedtuple.", "collections.namedtuple.", "ValueError", "float", "round", "abs"], "store_vars_calls": {"result": "namedtuple"}}}, "main_info": {"main_flag": 1, "type": "script"}, "is_test": false}