{"file": {"path": "/Users/rakshithagnanasekaran/desktop/Python/electronics/ohms_law.py", "fileNameBase": "ohms_law", "extension": "py"}, "dependencies": [{"from_module": "__future__", "import": "annotations", "type": "external"}], "functions": {"ohms_law": {"doc": {"long_description": "and resistance, and then in a Python dict return name/value pair of the zero value.\n\n>>> ohms_law(voltage=10, resistance=5, current=0)\n{'current': 2.0}\n>>> ohms_law(voltage=0, current=0, resistance=10)\nTraceback (most recent call last):\n  ...\nValueError: One and only one argument must be 0\n>>> ohms_law(voltage=0, current=1, resistance=-2)\nTraceback (most recent call last):\n  ...\nValueError: Resistance cannot be negative\n>>> ohms_law(resistance=0, voltage=-10, current=1)\n{'resistance': -10.0}\n>>> ohms_law(voltage=0, current=-1.5, resistance=2)\n{'voltage': -3.0}", "short_description": "Apply Ohm's Law, on any two given electrical values, which can be voltage, current,"}, "args": ["voltage", "current", "resistance"], "min_max_lineno": {"min_lineno": 5, "max_lineno": 37}, "calls": ["ValueError", "ValueError", "float", "ValueError"]}}, "main_info": {"main_flag": 1, "type": "script"}, "is_test": false}